fips,year,per_capita_income,gdp_thousands
01001,2010,33685.0,1409007.0
01001,2011,34430.0,1493906.0
01001,2012,35151.0,1726577.0
01001,2013,35348.0,1618151.0
01001,2014,36329.0,1629762.0
01001,2015,38107.0,1765826.0
01001,2016,39005.0,1846256.0
01001,2017,39906.0,1762558.0
01001,2018,41062.0,1787534.0
01001,2019,42538.0,1740015.0
01001,2020,45089.0,1749999.0
01001,2021,49254.0,1738222.0
01001,2022,49879.0,1883611.0
01001,2023,52989.0,1907174.0
01001,2024,55710.0,1758017.0
01003,2010,36794.0,6012889.0
01003,2011,38032.0,5930698.0
01003,2012,38284.0,5998672.0
01003,2013,38401.0,6314704.0
01003,2014,39568.0,6455247.0
01003,2015,41470.0,6757534.0
01003,2016,42983.0,7113177.0
01003,2017,44475.0,7382558.0
01003,2018,45840.0,7758980.0
01003,2019,47921.0,8145105.0
01003,2020,50935.0,8110635.0
01003,2021,56504.0,8697749.0
01003,2022,57721.0,9224845.0
01003,2023,61354.0,9928360.0
01003,2024,63905.0,10208956.0
01031,2010,35421.0,1329843.0
01031,2011,36021.0,1249698.0
01031,2012,35959.0,1274047.0
01031,2013,36866.0,1286552.0
01031,2014,37647.0,1339640.0
01031,2015,39218.0,1415493.0
01031,2016,39575.0,1421695.0
01031,2017,40250.0,1426217.0
01031,2018,41644.0,1460880.0
01031,2019,42823.0,1441736.0
01031,2020,45175.0,1404389.0
01031,2021,50483.0,1614494.0
01031,2022,51873.0,1713754.0
01031,2023,53773.0,1712285.0
01031,2024,56824.0,1819734.0
01033,2010,31627.0,2437971.0
01033,2011,32389.0,2549543.0
01033,2012,32399.0,2546505.0
01033,2013,32687.0,2836076.0
01033,2014,33863.0,2747801.0
01033,2015,34684.0,2681163.0
01033,2016,35175.0,2569947.0
01033,2017,35674.0,2453731.0
01033,2018,36370.0,2565631.0
01033,2019,37648.0,2572699.0
01033,2020,40366.0,2546257.0
01033,2021,44249.0,2598283.0
01033,2022,44702.0,2706227.0
01033,2023,46994.0,2789446.0
01033,2024,48831.0,2847285.0
01045,2010,33122.0,3168619.0
01045,2011,34013.0,3040958.0
01045,2012,33288.0,2997671.0
01045,2013,33291.0,3033182.0
01045,2014,33635.0,2856651.0
01045,2015,34397.0,2903702.0
01045,2016,34398.0,2841815.0
01045,2017,34956.0,2834970.0
01045,2018,36101.0,2790050.0
01045,2019,37343.0,2824574.0
01045,2020,40004.0,2781362.0
01045,2021,44297.0,2915655.0
01045,2022,44902.0,2918859.0
01045,2023,46314.0,3044364.0
01045,2024,48767.0,3114449.0
01071,2010,29558.0,1678141.0
01071,2011,30285.0,1624035.0
01071,2012,30872.0,1657813.0
01071,2013,31698.0,1695275.0
01071,2014,32553.0,1675663.0
01071,2015,33359.0,1561447.0
01071,2016,33934.0,1518195.0
01071,2017,34715.0,1508968.0
01071,2018,35957.0,1592423.0
01071,2019,36957.0,1549783.0
01071,2020,39025.0,1459956.0
01071,2021,43280.0,1535345.0
01071,2022,44272.0,1563105.0
01071,2023,45890.0,1603527.0
01071,2024,48078.0,1637868.0
01089,2010,41852.0,21073373.0
01089,2011,43459.0,21365996.0
01089,2012,43902.0,21346157.0
01089,2013,43560.0,21700524.0
01089,2014,44560.0,21764757.0
01089,2015,46059.0,22142692.0
01089,2016,47122.0,22837212.0
01089,2017,48347.0,23737673.0
01089,2018,50196.0,24854241.0
01089,2019,52649.0,26124018.0
01089,2020,56100.0,26614826.0
01089,2021,60682.0,27914293.0
01089,2022,62519.0,29457107.0
01089,2023,66069.0,31184027.0
01089,2024,69038.0,32236676.0
01097,2010,31865.0,18578659.0
01097,2011,33670.0,19029979.0
01097,2012,33281.0,19005224.0
01097,2013,33676.0,19243032.0
01097,2014,34399.0,19211576.0
01097,2015,35768.0,19295626.0
01097,2016,35940.0,19669523.0
01097,2017,36679.0,19734787.0
01097,2018,37827.0,20064093.0
01097,2019,39294.0,20526354.0
01097,2020,42588.0,20805653.0
01097,2021,47810.0,21999897.0
01097,2022,48370.0,22260072.0
01097,2023,51482.0,23356983.0
01097,2024,53901.0,24306390.0
01101,2010,35672.0,13322352.0
01101,2011,37278.0,13352807.0
01101,2012,37066.0,13363796.0
01101,2013,37312.0,13411377.0
01101,2014,38258.0,13293034.0
01101,2015,39743.0,13579621.0
01101,2016,40732.0,13968351.0
01101,2017,41610.0,14011331.0
01101,2018,42426.0,13975524.0
01101,2019,43199.0,14144889.0
01101,2020,46080.0,13806220.0
01101,2021,49744.0,14287535.0
01101,2022,50837.0,14712897.0
01101,2023,54179.0,15275538.0
01101,2024,57265.0,15685249.0
01117,2010,42241.0,9069526.0
01117,2011,44615.0,9267695.0
01117,2012,46284.0,9421342.0
01117,2013,46700.0,9900651.0
01117,2014,48325.0,10236380.0
01117,2015,50217.0,10993628.0
01117,2016,50745.0,11176098.0
01117,2017,52316.0,11639599.0
01117,2018,54529.0,11879718.0
01117,2019,57402.0,12206604.0
01117,2020,59916.0,12275473.0
01117,2021,65375.0,12929663.0
01117,2022,67471.0,13281571.0
01117,2023,71510.0,13237066.0
01117,2024,74513.0,13301277.0
04013,2010,36205.0,193418704.0
04013,2011,37876.0,199565318.0
04013,2012,39300.0,207161028.0
04013,2013,39642.0,208837671.0
04013,2014,41208.0,212344584.0
04013,2015,42997.0,219346351.0
04013,2016,44357.0,227182991.0
04013,2017,46441.0,237581202.0
04013,2018,48805.0,248468203.0
04013,2019,51612.0,260315487.0
04013,2020,56026.0,266090000.0
04013,2021,61834.0,289806802.0
04013,2022,64296.0,305404414.0
04013,2023,68833.0,315195199.0
04013,2024,72176.0,329775922.0
04015,2010,25865.0,5019325.0
04015,2011,25878.0,5045649.0
04015,2012,26332.0,4991518.0
04015,2013,27161.0,5195248.0
04015,2014,28567.0,5196771.0
04015,2015,29421.0,5200633.0
04015,2016,30611.0,5456986.0
04015,2017,32274.0,5323399.0
04015,2018,33670.0,5437354.0
04015,2019,35487.0,5596478.0
04015,2020,39063.0,5881927.0
04015,2021,43086.0,6451864.0
04015,2022,43642.0,6676731.0
04015,2023,46106.0,6701537.0
04015,2024,48586.0,7229383.0
04019,2010,34100.0,39307725.0
04019,2011,35335.0,39429067.0
04019,2012,36317.0,40385120.0
04019,2013,36562.0,39702623.0
04019,2014,37431.0,39766496.0
04019,2015,38569.0,39561836.0
04019,2016,39720.0,40889603.0
04019,2017,41944.0,42330595.0
04019,2018,43614.0,43891349.0
04019,2019,45477.0,45428473.0
04019,2020,49629.0,45734608.0
04019,2021,53840.0,48454038.0
04019,2022,54802.0,49546263.0
04019,2023,58535.0,51556424.0
04019,2024,60425.0,52752176.0
04021,2010,23901.0,7174757.0
04021,2011,25590.0,7814358.0
04021,2012,26326.0,7900039.0
04021,2013,28015.0,7774586.0
04021,2014,28888.0,7829826.0
04021,2015,30121.0,7760898.0
04021,2016,31534.0,8055535.0
04021,2017,33300.0,8486830.0
04021,2018,35024.0,8942159.0
04021,2019,37329.0,9083288.0
04021,2020,41088.0,9474506.0
04021,2021,44906.0,10064621.0
04021,2022,46908.0,10591907.0
04021,2023,49098.0,11516191.0
04021,2024,50771.0,12744920.0
04025,2010,29237.0,6150727.0
04025,2011,30534.0,6131099.0
04025,2012,31146.0,6045052.0
04025,2013,32357.0,6286978.0
04025,2014,34272.0,6543792.0
04025,2015,35644.0,6551007.0
04025,2016,36834.0,6778705.0
04025,2017,39089.0,7229041.0
04025,2018,40727.0,7345912.0
04025,2019,42739.0,7339475.0
04025,2020,46938.0,7493448.0
04025,2021,50919.0,8204109.0
04025,2022,52023.0,8146124.0
04025,2023,57376.0,8712151.0
04025,2024,60854.0,9153804.0
04027,2010,27794.0,6975181.0
04027,2011,28566.0,6835633.0
04027,2012,28317.0,6377496.0
04027,2013,30044.0,6742205.0
04027,2014,29777.0,6534884.0
04027,2015,31989.0,6925399.0
04027,2016,33075.0,7284916.0
04027,2017,34851.0,7543432.0
04027,2018,35304.0,7522243.0
04027,2019,36950.0,7714421.0
04027,2020,42177.0,7611986.0
04027,2021,44513.0,7864068.0
04027,2022,44828.0,8198536.0
04027,2023,46666.0,8560165.0
04027,2024,47582.0,8887417.0
06001,2010,47624.0,97503433.0
06001,2011,50425.0,99901787.0
06001,2012,52286.0,103075886.0
06001,2013,54120.0,106957044.0
06001,2014,56999.0,111256132.0
06001,2015,61610.0,119277959.0
06001,2016,65209.0,123298691.0
06001,2017,69254.0,130430017.0
06001,2018,74192.0,135481671.0
06001,2019,79984.0,139438051.0
06001,2020,88182.0,136209080.0
06001,2021,98657.0,145824780.0
06001,2022,100110.0,148762514.0
06001,2023,104460.0,147576503.0
06001,2024,111268.0,149073515.0
06013,2010,53630.0,70521397.0
06013,2011,57220.0,61420189.0
06013,2012,61049.0,61886376.0
06013,2013,60376.0,63560918.0
06013,2014,62371.0,68227043.0
06013,2015,67047.0,69109358.0
06013,2016,70257.0,68870149.0
06013,2017,74770.0,71697154.0
06013,2018,78509.0,75806177.0
06013,2019,80354.0,78683211.0
06013,2020,87843.0,71214946.0
06013,2021,94780.0,77298326.0
06013,2022,96617.0,75553609.0
06013,2023,102184.0,76030393.0
06013,2024,108259.0,76853439.0
06019,2010,31181.0,36233066.0
06019,2011,32667.0,36625059.0
06019,2012,33284.0,35489475.0
06019,2013,34420.0,36916197.0
06019,2014,36379.0,38105306.0
06019,2015,38288.0,39852017.0
06019,2016,39065.0,41390488.0
06019,2017,39594.0,42568888.0
06019,2018,40602.0,43779278.0
06019,2019,42636.0,45018790.0
06019,2020,48320.0,44426283.0
06019,2021,52056.0,46040869.0
06019,2022,51116.0,46092506.0
06019,2023,53386.0,47853165.0
06019,2024,57584.0,49888249.0
06085,2010,60861.0,169942756.0
06085,2011,65675.0,185699289.0
06085,2012,71676.0,194880453.0
06085,2013,71578.0,215704205.0
06085,2014,77043.0,231420668.0
06085,2015,83758.0,252061614.0
06085,2016,90091.0,267404250.0
06085,2017,97638.0,280510581.0
06085,2018,106551.0,302411788.0
06085,2019,112573.0,317006327.0
06085,2020,122266.0,337104548.0
06085,2021,145029.0,379796062.0
06085,2022,141894.0,368006717.0
06085,2023,149429.0,376220683.0
06085,2024,157620.0,399159581.0
13015,2010,28542.0,4788049.0
13015,2011,30446.0,4559641.0
13015,2012,31339.0,4193857.0
13015,2013,31440.0,4323814.0
13015,2014,33297.0,4734216.0
13015,2015,34721.0,4522929.0
13015,2016,35876.0,4876276.0
13015,2017,36770.0,4889399.0
13015,2018,38145.0,4983012.0
13015,2019,40218.0,5026691.0
13015,2020,43599.0,5006093.0
13015,2021,47612.0,5283682.0
13015,2022,49283.0,5514455.0
13015,2023,51159.0,6127036.0
13015,2024,53357.0,6649961.0
13097,2010,29134.0,3528971.0
13097,2011,30503.0,3439719.0
13097,2012,30864.0,3549794.0
13097,2013,30983.0,3777712.0
13097,2014,32020.0,3939353.0
13097,2015,32999.0,4042952.0
13097,2016,33833.0,4323291.0
13097,2017,34736.0,4514446.0
13097,2018,35959.0,4665636.0
13097,2019,37223.0,4836701.0
13097,2020,40890.0,4806999.0
13097,2021,43914.0,5237240.0
13097,2022,43722.0,5578283.0
13097,2023,45406.0,5766135.0
13097,2024,47602.0,6119327.0
13113,2010,45140.0,3977474.0
13113,2011,47775.0,4011928.0
13113,2012,49932.0,4238190.0
13113,2013,49872.0,4189063.0
13113,2014,52470.0,4305638.0
13113,2015,55008.0,4564140.0
13113,2016,57635.0,4882058.0
13113,2017,59952.0,4962724.0
13113,2018,63975.0,5228356.0
13113,2019,64926.0,5404175.0
13113,2020,68949.0,5404832.0
13113,2021,74682.0,5671287.0
13113,2022,73749.0,5980128.0
13113,2023,77454.0,6136504.0
13113,2024,81159.0,6218168.0
13115,2010,30231.0,4019164.0
13115,2011,31197.0,4011067.0
13115,2012,31551.0,3908364.0
13115,2013,31806.0,3823133.0
13115,2014,33379.0,4011320.0
13115,2015,34754.0,4137921.0
13115,2016,35520.0,4312400.0
13115,2017,36171.0,4173443.0
13115,2018,37446.0,4148705.0
13115,2019,38731.0,4079777.0
13115,2020,40890.0,3922764.0
13115,2021,44294.0,4170405.0
13115,2022,44222.0,4271253.0
13115,2023,46734.0,4377026.0
13115,2024,48360.0,4445591.0
13185,2010,30426.0,4632847.0
13185,2011,30966.0,4555482.0
13185,2012,30432.0,4620540.0
13185,2013,31197.0,4640720.0
13185,2014,32399.0,4694667.0
13185,2015,33525.0,4717733.0
13185,2016,34443.0,4808687.0
13185,2017,35446.0,4903749.0
13185,2018,36823.0,5018476.0
13185,2019,37709.0,5114127.0
13185,2020,41465.0,5056514.0
13185,2021,44360.0,5295626.0
13185,2022,43910.0,5275378.0
13185,2023,45775.0,5264164.0
13185,2024,47701.0,5436352.0
13217,2010,26665.0,2266889.0
13217,2011,27961.0,2358184.0
13217,2012,28293.0,2405525.0
13217,2013,29136.0,2518576.0
13217,2014,29804.0,2543352.0
13217,2015,31197.0,2677183.0
13217,2016,31969.0,2769785.0
13217,2017,32810.0,2856886.0
13217,2018,33990.0,2974896.0
13217,2019,34981.0,3105531.0
13217,2020,38582.0,3081964.0
13217,2021,42137.0,3078265.0
13217,2022,42038.0,3121984.0
13217,2023,44097.0,3322671.0
13217,2024,46189.0,3507598.0
17031,2010,44003.0,354506833.0
17031,2011,45549.0,360813785.0
17031,2012,48196.0,370659866.0
17031,2013,49022.0,374240842.0
17031,2014,52030.0,381752585.0
17031,2015,54741.0,390285510.0
17031,2016,55262.0,393413305.0
17031,2017,57233.0,397830564.0
17031,2018,61322.0,407601050.0
17031,2019,63007.0,413294372.0
17031,2020,67163.0,385725911.0
17031,2021,72586.0,408897557.0
17031,2022,72949.0,420680170.0
17031,2023,77018.0,427072176.0
17031,2024,79964.0,432556656.0
17037,2010,31397.0,3757225.0
17037,2011,34050.0,3873829.0
17037,2012,34187.0,3830317.0
17037,2013,36219.0,4017181.0
17037,2014,36474.0,3999125.0
17037,2015,37753.0,4016177.0
17037,2016,38743.0,4087788.0
17037,2017,40146.0,4077312.0
17037,2018,41722.0,4149597.0
17037,2019,43388.0,4144447.0
17037,2020,46681.0,4160948.0
17037,2021,50576.0,4354984.0
17037,2022,50823.0,4220572.0
17037,2023,53097.0,4284262.0
17037,2024,55006.0,4287257.0
17097,2010,57177.0,56032732.0
17097,2011,60824.0,55971626.0
17097,2012,66096.0,58600620.0
17097,2013,65027.0,58171430.0
17097,2014,67720.0,59967704.0
17097,2015,71189.0,62047829.0
17097,2016,71550.0,60961129.0
17097,2017,73091.0,61104141.0
17097,2018,77289.0,62861254.0
17097,2019,78646.0,62800361.0
17097,2020,81230.0,61626289.0
17097,2021,89831.0,64699425.0
17097,2022,93358.0,63608569.0
17097,2023,99641.0,64196978.0
17097,2024,103546.0,65290037.0
17115,2010,39050.0,7044818.0
17115,2011,41236.0,7207010.0
17115,2012,41268.0,7089921.0
17115,2013,42308.0,7732591.0
17115,2014,43643.0,8026261.0
17115,2015,43479.0,8271381.0
17115,2016,43802.0,7735514.0
17115,2017,44738.0,6950487.0
17115,2018,47184.0,6752927.0
17115,2019,47288.0,6470128.0
17115,2020,51670.0,6343027.0
17115,2021,56207.0,6873878.0
17115,2022,57306.0,6856620.0
17115,2023,59988.0,6992962.0
17115,2024,61375.0,7025649.0
18003,2010,34668.0,16741308.0
18003,2011,36735.0,16883846.0
18003,2012,38240.0,17590709.0
18003,2013,38045.0,17504517.0
18003,2014,39960.0,18901208.0
18003,2015,41810.0,19718558.0
18003,2016,42526.0,20276889.0
18003,2017,43508.0,21046574.0
18003,2018,45677.0,21752088.0
18003,2019,46877.0,21889821.0
18003,2020,50172.0,20302115.0
18003,2021,56379.0,21627943.0
18003,2022,58206.0,22280803.0
18003,2023,60362.0,22393127.0
18003,2024,62717.0,22994824.0
18039,2010,30580.0,10437631.0
18039,2011,32386.0,10276136.0
18039,2012,34752.0,10537086.0
18039,2013,35789.0,11523103.0
18039,2014,38305.0,12529679.0
18039,2015,39803.0,13572433.0
18039,2016,41334.0,14813421.0
18039,2017,44498.0,16441996.0
18039,2018,45823.0,16607681.0
18039,2019,45616.0,16078429.0
18039,2020,48715.0,15754863.0
18039,2021,57102.0,19410136.0
18039,2022,58363.0,19835710.0
18039,2023,58040.0,17753329.0
18039,2024,60348.0,17756181.0
18057,2010,54663.0,13797591.0
18057,2011,57919.0,13809446.0
18057,2012,60553.0,14430614.0
18057,2013,61179.0,15267042.0
18057,2014,64079.0,16894535.0
18057,2015,66743.0,17941772.0
18057,2016,68873.0,18549798.0
18057,2017,71152.0,19277474.0
18057,2018,74318.0,20059768.0
18057,2019,76869.0,20797822.0
18057,2020,79489.0,20050378.0
18057,2021,90406.0,21943483.0
18057,2022,93725.0,22806071.0
18057,2023,99287.0,23612902.0
18057,2024,104283.0,24904099.0
18141,2010,34891.0,12217919.0
18141,2011,36893.0,12311116.0
18141,2012,38535.0,12540545.0
18141,2013,38849.0,12803556.0
18141,2014,40586.0,13369400.0
18141,2015,43079.0,13520362.0
18141,2016,43031.0,13473950.0
18141,2017,44977.0,13648464.0
18141,2018,46952.0,14266887.0
18141,2019,47288.0,14604895.0
18141,2020,50411.0,13794245.0
18141,2021,55841.0,14551550.0
18141,2022,56225.0,14751547.0
18141,2023,56869.0,15118595.0
18141,2024,59030.0,15366920.0
19013,2010,34930.0,7774631.0
19013,2011,37115.0,7672459.0
19013,2012,38601.0,9533604.0
19013,2013,38319.0,8285592.0
19013,2014,39606.0,9423913.0
19013,2015,40291.0,8707635.0
19013,2016,40504.0,7737545.0
19013,2017,41774.0,7815015.0
19013,2018,44558.0,7974022.0
19013,2019,45136.0,7872282.0
19013,2020,49242.0,7712598.0
19013,2021,52556.0,8164033.0
19013,2022,53193.0,7908976.0
19013,2023,55508.0,7778364.0
19013,2024,56987.0,7574396.0
19049,2010,49170.0,3497386.0
19049,2011,51263.0,3839175.0
19049,2012,53306.0,4414774.0
19049,2013,55042.0,4456276.0
19049,2014,57402.0,4854779.0
19049,2015,60327.0,5193176.0
19049,2016,60470.0,5379683.0
19049,2017,62492.0,5242758.0
19049,2018,65276.0,5293956.0
19049,2019,67300.0,5940730.0
19049,2020,70079.0,6514851.0
19049,2021,77851.0,7071880.0
19049,2022,79169.0,7784145.0
19049,2023,82661.0,8239465.0
19049,2024,85124.0,8550013.0
19103,2010,40436.0,8172943.0
19103,2011,43119.0,8515030.0
19103,2012,44414.0,8606565.0
19103,2013,44839.0,8955883.0
19103,2014,46622.0,9161769.0
19103,2015,47619.0,9019736.0
19103,2016,48965.0,9163390.0
19103,2017,50640.0,9669021.0
19103,2018,53440.0,9700996.0
19103,2019,54043.0,9625859.0
19103,2020,56241.0,9368536.0
19103,2021,60982.0,9680610.0
19103,2022,60853.0,9608045.0
19103,2023,63713.0,9723176.0
19103,2024,66028.0,9887747.0
19113,2010,41819.0,14823363.0
19113,2011,43341.0,15300524.0
19113,2012,45335.0,15199004.0
19113,2013,44986.0,14919334.0
19113,2014,46885.0,15672628.0
19113,2015,48329.0,16306995.0
19113,2016,49162.0,16867139.0
19113,2017,49977.0,16867116.0
19113,2018,51767.0,17176185.0
19113,2019,52628.0,16813500.0
19113,2020,55615.0,16589410.0
19113,2021,59784.0,17728784.0
19113,2022,60886.0,17591539.0
19113,2023,63901.0,17360484.0
19113,2024,66525.0,17575215.0
19153,2010,42560.0,33075806.0
19153,2011,43289.0,32854550.0
19153,2012,45781.0,34748904.0
19153,2013,44957.0,33765554.0
19153,2014,47386.0,38497710.0
19153,2015,49231.0,42192632.0
19153,2016,50228.0,43847649.0
19153,2017,51147.0,43240294.0
19153,2018,52401.0,43303726.0
19153,2019,53702.0,44891497.0
19153,2020,57449.0,45811649.0
19153,2021,61855.0,50420264.0
19153,2022,63676.0,49240656.0
19153,2023,67094.0,48962248.0
19153,2024,69800.0,50518845.0
19155,2010,34040.0,4199866.0
19155,2011,35866.0,4146566.0
19155,2012,38384.0,4371208.0
19155,2013,38626.0,4389330.0
19155,2014,39213.0,4395194.0
19155,2015,41734.0,4461011.0
19155,2016,41580.0,4453949.0
19155,2017,42104.0,4349095.0
19155,2018,44268.0,4510550.0
19155,2019,44885.0,4346909.0
19155,2020,47687.0,4097120.0
19155,2021,51528.0,4322099.0
19155,2022,55698.0,4474506.0
19155,2023,58548.0,4610420.0
19155,2024,62836.0,4836746.0
19163,2010,44113.0,8486992.0
19163,2011,46639.0,8759005.0
19163,2012,47366.0,9187307.0
19163,2013,46798.0,9094322.0
19163,2014,47756.0,9163602.0
19163,2015,48646.0,9382416.0
19163,2016,49571.0,9241902.0
19163,2017,51789.0,9505890.0
19163,2018,53002.0,9402538.0
19163,2019,53633.0,9584086.0
19163,2020,56450.0,9434663.0
19163,2021,61618.0,9813086.0
19163,2022,63006.0,9974532.0
19163,2023,66543.0,10270984.0
19163,2024,70007.0,10565169.0
29047,2010,39933.0,10697796.0
29047,2011,39935.0,10040959.0
29047,2012,40403.0,9850944.0
29047,2013,41584.0,10514270.0
29047,2014,43153.0,11323738.0
29047,2015,45289.0,12070539.0
29047,2016,45614.0,11382762.0
29047,2017,46374.0,12224029.0
29047,2018,47465.0,12288776.0
29047,2019,49112.0,12693531.0
29047,2020,52801.0,12734636.0
29047,2021,55861.0,13174353.0
29047,2022,56764.0,13766841.0
29047,2023,59761.0,14090999.0
29047,2024,62130.0,14182365.0
29077,2010,34413.0,14909002.0
29077,2011,35169.0,14683433.0
29077,2012,36410.0,14875504.0
29077,2013,36104.0,14966445.0
29077,2014,37282.0,15441001.0
29077,2015,39348.0,16076813.0
29077,2016,39785.0,16073372.0
29077,2017,41628.0,16310159.0
29077,2018,43031.0,16580105.0
29077,2019,44825.0,17098338.0
29077,2020,47912.0,16721476.0
29077,2021,51452.0,18079421.0
29077,2022,52534.0,18076126.0
29077,2023,55372.0,18187474.0
29077,2024,58023.0,18673850.0
29099,2010,33167.0,5100118.0
29099,2011,34459.0,5147228.0
29099,2012,35377.0,5159695.0
29099,2013,36052.0,5297648.0
29099,2014,37270.0,5251618.0
29099,2015,38558.0,5205820.0
29099,2016,39612.0,5238872.0
29099,2017,40661.0,5262197.0
29099,2018,41985.0,5268911.0
29099,2019,43868.0,5283074.0
29099,2020,46287.0,5237718.0
29099,2021,50019.0,5459308.0
29099,2022,51770.0,5202861.0
29099,2023,54725.0,5063537.0
29099,2024,56907.0,5200859.0
31053,2010,36452.0,1723541.0
31053,2011,39910.0,1814781.0
31053,2012,39400.0,1769864.0
31053,2013,40618.0,1829057.0
31053,2014,40922.0,1831738.0
31053,2015,44473.0,1874541.0
31053,2016,42602.0,1875750.0
31053,2017,43853.0,1962272.0
31053,2018,45123.0,2050265.0
31053,2019,47397.0,2015181.0
31053,2020,50513.0,2109527.0
31053,2021,57160.0,2320087.0
31053,2022,61682.0,2321044.0
31053,2023,61721.0,2328030.0
31053,2024,62469.0,2366379.0
31079,2010,34090.0,3293397.0
31079,2011,36212.0,3297387.0
31079,2012,37044.0,3424578.0
31079,2013,36927.0,3553137.0
31079,2014,37539.0,3399158.0
31079,2015,39175.0,3409423.0
31079,2016,39281.0,3479144.0
31079,2017,40494.0,3450115.0
31079,2018,41684.0,3513092.0
31079,2019,43087.0,3488845.0
31079,2020,46741.0,3479000.0
31079,2021,53297.0,3859830.0
31079,2022,55627.0,3853911.0
31079,2023,59476.0,3972935.0
31079,2024,61566.0,4029101.0
31109,2010,38732.0,15614712.0
31109,2011,40273.0,15575904.0
31109,2012,41953.0,15762713.0
31109,2013,41506.0,16067331.0
31109,2014,42675.0,16905272.0
31109,2015,44475.0,17507054.0
31109,2016,44771.0,17865702.0
31109,2017,46507.0,18813151.0
31109,2018,48483.0,19150143.0
31109,2019,50392.0,19582554.0
31109,2020,53475.0,19435359.0
31109,2021,59552.0,20350152.0
31109,2022,61748.0,21608253.0
31109,2023,65394.0,22104379.0
31109,2024,68273.0,22760411.0
31153,2010,40493.0,6637965.0
31153,2011,41853.0,6729445.0
31153,2012,42831.0,6977303.0
31153,2013,43239.0,7023250.0
31153,2014,44207.0,7292050.0
31153,2015,46291.0,7662136.0
31153,2016,46947.0,8003086.0
31153,2017,48042.0,8360537.0
31153,2018,50199.0,8825941.0
31153,2019,51758.0,8995632.0
31153,2020,54590.0,9233990.0
31153,2021,60133.0,9936450.0
31153,2022,62831.0,9704285.0
31153,2023,65568.0,10146929.0
31153,2024,67847.0,10468075.0
31157,2010,33596.0,1464108.0
31157,2011,36444.0,1562921.0
31157,2012,38255.0,1619764.0
31157,2013,38835.0,1578708.0
31157,2014,40869.0,1682966.0
31157,2015,42416.0,1724260.0
31157,2016,42025.0,1829668.0
31157,2017,41924.0,1736915.0
31157,2018,43396.0,1740591.0
31157,2019,45638.0,1725304.0
31157,2020,49526.0,1719882.0
31157,2021,52422.0,1721643.0
31157,2022,53047.0,1694937.0
31157,2023,57550.0,1770452.0
31157,2024,60200.0,1818233.0
32003,2010,35709.0,99797887.0
32003,2011,37041.0,101509866.0
32003,2012,38947.0,100305368.0
32003,2013,38510.0,102677690.0
32003,2014,40425.0,104183499.0
32003,2015,42871.0,108812755.0
32003,2016,43663.0,112331243.0
32003,2017,45586.0,116332382.0
32003,2018,47497.0,122721414.0
32003,2019,50433.0,128195333.0
32003,2020,52642.0,117227827.0
32003,2021,58410.0,130270354.0
32003,2022,60318.0,141930944.0
32003,2023,64058.0,147606306.0
32003,2024,66952.0,152128224.0
32005,2010,50834.0,2261090.0
32005,2011,52196.0,2250849.0
32005,2012,54747.0,2242448.0
32005,2013,54634.0,2437438.0
32005,2014,56869.0,2512026.0
32005,2015,63812.0,2530820.0
32005,2016,63703.0,2427127.0
32005,2017,68966.0,2558347.0
32005,2018,71233.0,2502688.0
32005,2019,75797.0,2556308.0
32005,2020,83961.0,2498945.0
32005,2021,94792.0,2873955.0
32005,2022,95736.0,2823885.0
32005,2023,104084.0,2937527.0
32005,2024,109486.0,3112053.0
32007,2010,40257.0,2710088.0
32007,2011,42567.0,2965928.0
32007,2012,42348.0,2999397.0
32007,2013,41484.0,2816757.0
32007,2014,41336.0,2602725.0
32007,2015,41631.0,2409922.0
32007,2016,41902.0,2459031.0
32007,2017,43702.0,2619171.0
32007,2018,45844.0,2669083.0
32007,2019,47275.0,2723639.0
32007,2020,50354.0,2767238.0
32007,2021,53878.0,2844851.0
32007,2022,54281.0,2761809.0
32007,2023,56431.0,2753700.0
32007,2024,58930.0,3025972.0
32019,2010,28436.0,1282711.0
32019,2011,29816.0,1290093.0
32019,2012,30215.0,1321326.0
32019,2013,30810.0,1365808.0
32019,2014,32414.0,1430629.0
32019,2015,33599.0,1341663.0
32019,2016,35275.0,1396452.0
32019,2017,37134.0,1464747.0
32019,2018,38406.0,1517722.0
32019,2019,40114.0,1600736.0
32019,2020,43717.0,1568739.0
32019,2021,46852.0,1708117.0
32019,2022,48049.0,1784005.0
32019,2023,49787.0,1807733.0
32019,2024,52262.0,1761010.0
32023,2010,32885.0,1666875.0
32023,2011,31473.0,1566124.0
32023,2012,30456.0,1548831.0
32023,2013,31235.0,1484725.0
32023,2014,32468.0,1471787.0
32023,2015,33991.0,1459154.0
32023,2016,34041.0,1482617.0
32023,2017,34998.0,1585646.0
32023,2018,35871.0,1616319.0
32023,2019,37309.0,1672114.0
32023,2020,39575.0,1772019.0
32023,2021,43070.0,1823880.0
32023,2022,42256.0,1807204.0
32023,2023,44702.0,1928191.0
32023,2024,47861.0,2029210.0
32029,2010,38778.0,509628.0
32029,2011,37799.0,497301.0
32029,2012,38936.0,563519.0
32029,2013,39357.0,604978.0
32029,2014,41854.0,758699.0
32029,2015,44426.0,1118583.0
32029,2016,46673.0,826572.0
32029,2017,54624.0,1449325.0
32029,2018,59562.0,1682750.0
32029,2019,60413.0,1799561.0
32029,2020,68052.0,2062888.0
32029,2021,78480.0,2277769.0
32029,2022,75481.0,2066617.0
32029,2023,76881.0,1844205.0
32029,2024,83495.0,1904842.0
32031,2010,43600.0,23712612.0
32031,2011,45214.0,23356064.0
32031,2012,43314.0,23900213.0
32031,2013,43136.0,23737820.0
32031,2014,44878.0,23682755.0
32031,2015,49052.0,25201714.0
32031,2016,50920.0,26591405.0
32031,2017,54664.0,27911779.0
32031,2018,59253.0,27092756.0
32031,2019,60974.0,28086497.0
32031,2020,65043.0,28057818.0
32031,2021,75178.0,30889417.0
32031,2022,77095.0,32075140.0
32031,2023,82677.0,32893393.0
32031,2024,86639.0,33777549.0
32510,2010,44491.0,3703702.0
32510,2011,42720.0,3457603.0
32510,2012,41963.0,3462453.0
32510,2013,40792.0,3340332.0
32510,2014,41059.0,3187634.0
32510,2015,43171.0,3203642.0
32510,2016,42960.0,3186662.0
32510,2017,45721.0,3397457.0
32510,2018,48000.0,3474293.0
32510,2019,49979.0,3698674.0
32510,2020,55782.0,3518554.0
32510,2021,59568.0,3628299.0
32510,2022,60087.0,3779886.0
32510,2023,64323.0,3936044.0
32510,2024,68076.0,4161999.0
35001,2010,35521.0,35162933.0
35001,2011,36717.0,34921426.0
35001,2012,36825.0,34858007.0
35001,2013,36072.0,34524101.0
35001,2014,38230.0,35275612.0
35001,2015,39637.0,35803605.0
35001,2016,41079.0,36402793.0
35001,2017,41936.0,36493928.0
35001,2018,43407.0,37175016.0
35001,2019,45842.0,38145851.0
35001,2020,50009.0,37710833.0
35001,2021,53993.0,39762739.0
35001,2022,56302.0,41302177.0
35001,2023,59458.0,42584209.0
35001,2024,62836.0,43535686.0
35005,2010,31708.0,2079450.0
35005,2011,34575.0,2109223.0
35005,2012,35079.0,2090332.0
35005,2013,34119.0,2032652.0
35005,2014,36968.0,2091002.0
35005,2015,35786.0,2082336.0
35005,2016,35700.0,2094889.0
35005,2017,37218.0,2037102.0
35005,2018,38664.0,2081771.0
35005,2019,39886.0,2108328.0
35005,2020,43004.0,2076719.0
35005,2021,46474.0,2049481.0
35005,2022,52755.0,2113128.0
35005,2023,51276.0,2128353.0
35005,2024,54036.0,2241622.0
35013,2010,30526.0,7656106.0
35013,2011,31013.0,7346256.0
35013,2012,31230.0,6939610.0
35013,2013,30465.0,6906915.0
35013,2014,31718.0,6980723.0
35013,2015,33204.0,7058840.0
35013,2016,34238.0,7220206.0
35013,2017,34911.0,7305489.0
35013,2018,35767.0,7447694.0
35013,2019,37865.0,7736864.0
35013,2020,40874.0,7489115.0
35013,2021,45830.0,8023171.0
35013,2022,46222.0,8190741.0
35013,2023,47536.0,8681273.0
35013,2024,49742.0,8900673.0
35025,2010,33985.0,3862738.0
35025,2011,38517.0,4184991.0
35025,2012,42768.0,4683788.0
35025,2013,39098.0,4819597.0
35025,2014,40228.0,5194313.0
35025,2015,39549.0,5232723.0
35025,2016,36479.0,4522423.0
35025,2017,38794.0,4776874.0
35025,2018,45460.0,5832463.0
35025,2019,47881.0,6747017.0
35025,2020,45561.0,6363203.0
35025,2021,47650.0,6316748.0
35025,2022,54855.0,6543071.0
35025,2023,57212.0,9594408.0
35025,2024,59387.0,11439564.0
35031,2010,23607.0,2475847.0
35031,2011,24076.0,2587254.0
35031,2012,24022.0,2581208.0
35031,2013,23328.0,2595911.0
35031,2014,24077.0,2527313.0
35031,2015,24937.0,2576470.0
35031,2016,25401.0,2354773.0
35031,2017,25597.0,2227566.0
35031,2018,26744.0,2307971.0
35031,2019,28061.0,2571211.0
35031,2020,31975.0,2477107.0
35031,2021,35301.0,2288382.0
35031,2022,35356.0,2208933.0
35031,2023,35838.0,2315316.0
35031,2024,37085.0,2229863.0
35035,2010,31474.0,2798371.0
35035,2011,31978.0,2876238.0
35035,2012,31757.0,2848845.0
35035,2013,30594.0,2799852.0
35035,2014,31611.0,2723633.0
35035,2015,32578.0,2703203.0
35035,2016,33095.0,2738559.0
35035,2017,33229.0,2683571.0
35035,2018,34460.0,2712278.0
35035,2019,35102.0,2725385.0
35035,2020,38887.0,2797147.0
35035,2021,41925.0,2870723.0
35035,2022,42411.0,2924740.0
35035,2023,43627.0,2977909.0
35035,2024,44665.0,2963903.0
35049,2010,43643.0,7108524.0
35049,2011,45591.0,6978550.0
35049,2012,47199.0,6853630.0
35049,2013,46618.0,6926764.0
35049,2014,50393.0,7109332.0
35049,2015,50974.0,6946786.0
35049,2016,53566.0,6980157.0
35049,2017,54072.0,6940839.0
35049,2018,57163.0,7088694.0
35049,2019,60853.0,7125371.0
35049,2020,63514.0,6734657.0
35049,2021,71071.0,7382506.0
35049,2022,73047.0,7470557.0
35049,2023,78284.0,7621810.0
35049,2024,82474.0,7873444.0
35061,2010,28312.0,1485396.0
35061,2011,29230.0,1505075.0
35061,2012,28796.0,1376167.0
35061,2013,28627.0,1357238.0
35061,2014,30229.0,1422034.0
35061,2015,31463.0,1391347.0
35061,2016,32697.0,1448302.0
35061,2017,33125.0,1518973.0
35061,2018,34492.0,1616488.0
35061,2019,35998.0,1562223.0
35061,2020,39457.0,1589034.0
35061,2021,43344.0,1650198.0
35061,2022,45310.0,1700028.0
35061,2023,46621.0,1758046.0
35061,2024,48865.0,1844320.0
37001,2010,31997.0,5520634.0
37001,2011,33112.0,5630872.0
37001,2012,34023.0,5607349.0
37001,2013,34249.0,5836303.0
37001,2014,35429.0,5956943.0
37001,2015,36231.0,5938900.0
37001,2016,36898.0,6187138.0
37001,2017,37908.0,6087842.0
37001,2018,39317.0,6124774.0
37001,2019,41186.0,6281006.0
37001,2020,44239.0,6306419.0
37001,2021,48652.0,6712009.0
37001,2022,49489.0,6715031.0
37001,2023,51727.0,6885523.0
37001,2024,54218.0,7006266.0
37027,2010,27095.0,2287224.0
37027,2011,27805.0,2307692.0
37027,2012,28901.0,2185693.0
37027,2013,28677.0,2211419.0
37027,2014,29982.0,2206358.0
37027,2015,31699.0,2266732.0
37027,2016,32377.0,2377346.0
37027,2017,34198.0,2466166.0
37027,2018,35315.0,2445728.0
37027,2019,37109.0,2404111.0
37027,2020,40330.0,2442919.0
37027,2021,44389.0,2412074.0
37027,2022,45750.0,2428332.0
37027,2023,47760.0,2445607.0
37027,2024,50611.0,2507601.0
37031,2010,40092.0,2288420.0
37031,2011,40744.0,2247264.0
37031,2012,42064.0,2126052.0
37031,2013,41079.0,2125045.0
37031,2014,43058.0,2208771.0
37031,2015,44941.0,2241845.0
37031,2016,46959.0,2365311.0
37031,2017,48039.0,2495102.0
37031,2018,49743.0,2454325.0
37031,2019,53029.0,2524268.0
37031,2020,56992.0,2343837.0
37031,2021,62513.0,2505902.0
37031,2022,64333.0,2607991.0
37031,2023,69685.0,2756907.0
37031,2024,74177.0,2867261.0
37035,2010,34337.0,8306344.0
37035,2011,35332.0,8267344.0
37035,2012,36614.0,8006420.0
37035,2013,35939.0,8076804.0
37035,2014,37691.0,8179357.0
37035,2015,39718.0,8441380.0
37035,2016,40997.0,8672755.0
37035,2017,42737.0,9037359.0
37035,2018,44136.0,8976599.0
37035,2019,45864.0,8944993.0
37035,2020,49106.0,8666333.0
37035,2021,54159.0,9186354.0
37035,2022,55262.0,9377247.0
37035,2023,57503.0,9282368.0
37035,2024,60366.0,9470715.0
37057,2010,30734.0,4907049.0
37057,2011,31704.0,4754012.0
37057,2012,32482.0,4276795.0
37057,2013,32427.0,4351567.0
37057,2014,33965.0,4288560.0
37057,2015,35171.0,4439857.0
37057,2016,36117.0,4682065.0
37057,2017,37641.0,4842927.0
37057,2018,38836.0,4794705.0
37057,2019,40803.0,4857845.0
37057,2020,43889.0,4778597.0
37057,2021,48295.0,4997755.0
37057,2022,49588.0,5110034.0
37057,2023,51544.0,5254497.0
37057,2024,53998.0,5406628.0
37069,2010,28263.0,1514993.0
37069,2011,29285.0,1491949.0
37069,2012,30662.0,1303668.0
37069,2013,30403.0,1389137.0
37069,2014,31774.0,1515316.0
37069,2015,32797.0,1683162.0
37069,2016,33863.0,1759729.0
37069,2017,35372.0,1712705.0
37069,2018,37106.0,1693451.0
37069,2019,38530.0,1742081.0
37069,2020,41565.0,1860990.0
37069,2021,46279.0,1911621.0
37069,2022,47247.0,1970726.0
37069,2023,49431.0,2054200.0
37069,2024,52112.0,2216290.0
37135,2010,48963.0,7503478.0
37135,2011,50861.0,7435531.0
37135,2012,52091.0,7591598.0
37135,2013,51382.0,7793136.0
37135,2014,54195.0,7986736.0
37135,2015,57019.0,8105120.0
37135,2016,58957.0,8359621.0
37135,2017,62378.0,8599893.0
37135,2018,61782.0,8960432.0
37135,2019,65940.0,9103488.0
37135,2020,70274.0,8798878.0
37135,2021,76110.0,9326968.0
37135,2022,77919.0,9838670.0
37135,2023,83174.0,10174972.0
37135,2024,87778.0,10391629.0
37151,2010,29638.0,4314792.0
37151,2011,30331.0,4283973.0
37151,2012,31416.0,4123286.0
37151,2013,31112.0,4071821.0
37151,2014,32830.0,4027942.0
37151,2015,33668.0,4124737.0
37151,2016,34293.0,4095055.0
37151,2017,35659.0,4155096.0
37151,2018,37192.0,4158056.0
37151,2019,39141.0,4177449.0
37151,2020,41632.0,4041037.0
37151,2021,46336.0,4217113.0
37151,2022,47505.0,4212218.0
37151,2023,49120.0,4172562.0
37151,2024,51934.0,4488759.0
37161,2010,25712.0,1650067.0
37161,2011,26975.0,1696288.0
37161,2012,28081.0,1694991.0
37161,2013,28259.0,1771902.0
37161,2014,29490.0,1761689.0
37161,2015,30345.0,1691839.0
37161,2016,30851.0,1711700.0
37161,2017,31868.0,1733287.0
37161,2018,33055.0,1756366.0
37161,2019,35440.0,1834778.0
37161,2020,38461.0,1758523.0
37161,2021,42340.0,1822568.0
37161,2022,42719.0,1858483.0
37161,2023,44467.0,1893555.0
37161,2024,47500.0,1921245.0
37163,2010,31379.0,2068076.0
37163,2011,31794.0,1961145.0
37163,2012,32978.0,1914942.0
37163,2013,33817.0,2003274.0
37163,2014,35211.0,2043486.0
37163,2015,34983.0,2020330.0
37163,2016,34409.0,1943100.0
37163,2017,36535.0,2012429.0
37163,2018,35541.0,1856428.0
37163,2019,37902.0,1836882.0
37163,2020,40924.0,1725974.0
37163,2021,47035.0,1912021.0
37163,2022,48193.0,1985113.0
37163,2023,47448.0,1776710.0
37163,2024,50934.0,1913823.0
37193,2010,28425.0,2364917.0
37193,2011,29164.0,2165968.0
37193,2012,30296.0,2117749.0
37193,2013,30588.0,2132177.0
37193,2014,32135.0,2228007.0
37193,2015,34646.0,2390708.0
37193,2016,34846.0,2413765.0
37193,2017,36667.0,2506626.0
37193,2018,37274.0,2460804.0
37193,2019,38686.0,2391350.0
37193,2020,41241.0,2343223.0
37193,2021,46135.0,2444051.0
37193,2022,49209.0,2517153.0
37193,2023,49607.0,2420034.0
37193,2024,52892.0,2535014.0
39045,2010,35513.0,3844551.0
39045,2011,37252.0,3952434.0
39045,2012,38904.0,4028930.0
39045,2013,39141.0,4098432.0
39045,2014,40295.0,4224245.0
39045,2015,41756.0,4201466.0
39045,2016,43046.0,4389904.0
39045,2017,44620.0,4536406.0
39045,2018,46053.0,4428793.0
39045,2019,47864.0,4618252.0
39045,2020,51556.0,4583868.0
39045,2021,54943.0,4913703.0
39045,2022,55648.0,4940142.0
39045,2023,58334.0,5083142.0
39045,2024,61185.0,5194627.0
39049,2010,38855.0,77357893.0
39049,2011,41617.0,79738912.0
39049,2012,44112.0,83443714.0
39049,2013,43892.0,86606416.0
39049,2014,45400.0,90074567.0
39049,2015,47114.0,91913420.0
39049,2016,47451.0,93797506.0
39049,2017,48245.0,97564396.0
39049,2018,49564.0,98409101.0
39049,2019,50727.0,100880619.0
39049,2020,54398.0,99553864.0
39049,2021,59927.0,106747730.0
39049,2022,60912.0,107897177.0
39049,2023,63901.0,109482270.0
39049,2024,66705.0,111942917.0
39057,2010,38707.0,8164623.0
39057,2011,41015.0,8693202.0
39057,2012,41412.0,8499216.0
39057,2013,42193.0,8547607.0
39057,2014,43790.0,8710717.0
39057,2015,45850.0,9037446.0
39057,2016,46936.0,9313783.0
39057,2017,49049.0,9741194.0
39057,2018,50378.0,9743023.0
39057,2019,51598.0,10094509.0
39057,2020,54924.0,10212491.0
39057,2021,60000.0,10775987.0
39057,2022,60576.0,10783097.0
39057,2023,64428.0,11340391.0
39057,2024,67273.0,11887764.0
39061,2010,43547.0,66733291.0
39061,2011,47158.0,68944802.0
39061,2012,49235.0,69980785.0
39061,2013,49286.0,71074657.0
39061,2014,50676.0,72548910.0
39061,2015,52382.0,73047760.0
39061,2016,53614.0,74823723.0
39061,2017,55603.0,76667322.0
39061,2018,57836.0,75747380.0
39061,2019,59517.0,80119378.0
39061,2020,63014.0,78470657.0
39061,2021,70497.0,81514133.0
39061,2022,71953.0,83363276.0
39061,2023,76070.0,84632069.0
39061,2024,78987.0,84686542.0
39077,2010,31403.0,2234943.0
39077,2011,33081.0,2282206.0
39077,2012,33473.0,2216302.0
39077,2013,34671.0,2299158.0
39077,2014,35626.0,2269916.0
39077,2015,36713.0,2210022.0
39077,2016,37021.0,2221943.0
39077,2017,38461.0,2240461.0
39077,2018,39921.0,2294018.0
39077,2019,40611.0,2251954.0
39077,2020,44994.0,2250882.0
39077,2021,48375.0,2335669.0
39077,2022,48279.0,2260395.0
39077,2023,50478.0,2268716.0
39077,2024,52114.0,2227477.0
39089,2010,34964.0,5294039.0
39089,2011,37051.0,5485400.0
39089,2012,38190.0,5470544.0
39089,2013,39120.0,5545222.0
39089,2014,40349.0,5740077.0
39089,2015,41907.0,5965402.0
39089,2016,42717.0,6060317.0
39089,2017,44441.0,6191705.0
39089,2018,45570.0,6457822.0
39089,2019,47117.0,6881663.0
39089,2020,51326.0,7200631.0
39089,2021,55588.0,7788445.0
39089,2022,55825.0,7806805.0
39089,2023,58745.0,8211904.0
39089,2024,61466.0,8497691.0
39095,2010,34880.0,22560734.0
39095,2011,37052.0,23506769.0
39095,2012,37860.0,23037399.0
39095,2013,38236.0,23935057.0
39095,2014,40135.0,25815586.0
39095,2015,41814.0,24055981.0
39095,2016,42728.0,23894586.0
39095,2017,43470.0,24161036.0
39095,2018,45413.0,24713754.0
39095,2019,47237.0,25567148.0
39095,2020,50429.0,23585222.0
39095,2021,53670.0,25833321.0
39095,2022,54254.0,25416558.0
39095,2023,57751.0,25550767.0
39095,2024,60288.0,26009545.0
39103,2010,40936.0,6297234.0
39103,2011,43422.0,6592043.0
39103,2012,45062.0,6394385.0
39103,2013,45951.0,6758574.0
39103,2014,47952.0,7265938.0
39103,2015,50175.0,7001675.0
39103,2016,52283.0,7209616.0
39103,2017,53646.0,7399729.0
39103,2018,55424.0,7462348.0
39103,2019,57429.0,7512259.0
39103,2020,60020.0,7204268.0
39103,2021,64380.0,7716899.0
39103,2022,66528.0,7628144.0
39103,2023,70333.0,7648626.0
39103,2024,73709.0,7909477.0
39113,2010,35755.0,26014847.0
39113,2011,37623.0,26292585.0
39113,2012,38486.0,26190083.0
39113,2013,38716.0,26534132.0
39113,2014,40399.0,26950673.0
39113,2015,41777.0,27177715.0
39113,2016,42444.0,27451612.0
39113,2017,44180.0,28375555.0
39113,2018,45796.0,29065451.0
39113,2019,47499.0,30030861.0
39113,2020,51376.0,29408523.0
39113,2021,54994.0,30450796.0
39113,2022,55123.0,30819640.0
39113,2023,58359.0,31277814.0
39113,2024,60796.0,31884143.0
39129,2010,31786.0,1881574.0
39129,2011,33873.0,1840944.0
39129,2012,34148.0,1730994.0
39129,2013,35542.0,1686246.0
39129,2014,35839.0,1585722.0
39129,2015,36474.0,1685973.0
39129,2016,37644.0,1669249.0
39129,2017,39546.0,1719141.0
39129,2018,40734.0,1734232.0
39129,2019,42091.0,1787539.0
39129,2020,46298.0,1849888.0
39129,2021,51129.0,1997145.0
39129,2022,50568.0,2012942.0
39129,2023,52248.0,2016523.0
39129,2024,53904.0,1939716.0
39133,2010,34491.0,5579727.0
39133,2011,36383.0,5719517.0
39133,2012,37711.0,5850186.0
39133,2013,38164.0,5996154.0
39133,2014,39321.0,5981226.0
39133,2015,40533.0,6080519.0
39133,2016,40858.0,6071215.0
39133,2017,42552.0,6307886.0
39133,2018,44133.0,6471562.0
39133,2019,45543.0,6423825.0
39133,2020,48668.0,6266452.0
39133,2021,53713.0,6484662.0
39133,2022,53891.0,6501644.0
39133,2023,56666.0,6593612.0
39133,2024,59373.0,6662719.0
39143,2010,32504.0,2363043.0
39143,2011,34059.0,2463739.0
39143,2012,34420.0,2683958.0
39143,2013,35673.0,2827415.0
39143,2014,36379.0,2816123.0
39143,2015,37872.0,3007791.0
39143,2016,38112.0,2913581.0
39143,2017,39690.0,2961086.0
39143,2018,40878.0,2901152.0
39143,2019,41854.0,2842936.0
39143,2020,45396.0,2738020.0
39143,2021,49432.0,3032205.0
39143,2022,49414.0,2947385.0
39143,2023,52017.0,2928460.0
39143,2024,53099.0,2989576.0
39147,2010,30388.0,1784698.0
39147,2011,32506.0,1847555.0
39147,2012,32628.0,1737692.0
39147,2013,32737.0,1759103.0
39147,2014,33498.0,1763253.0
39147,2015,35586.0,1855992.0
39147,2016,36824.0,1978995.0
39147,2017,37607.0,1909712.0
39147,2018,38629.0,1922107.0
39147,2019,40095.0,1977384.0
39147,2020,44796.0,1974371.0
39147,2021,48572.0,2114138.0
39147,2022,48160.0,2033989.0
39147,2023,50679.0,2081761.0
39147,2024,52061.0,2059295.0
39153,2010,39149.0,27708440.0
39153,2011,40815.0,27646243.0
39153,2012,42110.0,27814644.0
39153,2013,42681.0,28429380.0
39153,2014,44532.0,29286403.0
39153,2015,45918.0,29506581.0
39153,2016,46847.0,29644458.0
39153,2017,48547.0,30116971.0
39153,2018,50579.0,30411694.0
39153,2019,52519.0,31050771.0
39153,2020,56096.0,29885051.0
39153,2021,61539.0,31294504.0
39153,2022,61027.0,30963873.0
39153,2023,64672.0,31311039.0
39153,2024,67711.0,31733316.0
39159,2010,35484.0,3163640.0
39159,2011,38212.0,3263746.0
39159,2012,40317.0,3277190.0
39159,2013,42689.0,3479616.0
39159,2014,44397.0,3671868.0
39159,2015,45654.0,3781244.0
39159,2016,47296.0,3905439.0
39159,2017,51810.0,4383725.0
39159,2018,55995.0,4571438.0
39159,2019,57523.0,4538234.0
39159,2020,61796.0,4411001.0
39159,2021,66995.0,4627494.0
39159,2022,69340.0,4791384.0
39159,2023,72420.0,4621133.0
39159,2024,75616.0,5036135.0
40041,2010,27062.0,894306.0
40041,2011,28551.0,891699.0
40041,2012,29098.0,859883.0
40041,2013,29937.0,856309.0
40041,2014,31131.0,807940.0
40041,2015,32740.0,936943.0
40041,2016,31972.0,910907.0
40041,2017,33270.0,944803.0
40041,2018,34282.0,954283.0
40041,2019,36224.0,934591.0
40041,2020,37954.0,833133.0
40041,2021,41547.0,897744.0
40041,2022,44350.0,1007356.0
40041,2023,46224.0,1017667.0
40041,2024,48500.0,1035255.0
40087,2010,36095.0,918973.0
40087,2011,39591.0,973410.0
40087,2012,43503.0,1009551.0
40087,2013,43799.0,1012351.0
40087,2014,44532.0,1037637.0
40087,2015,41720.0,1100082.0
40087,2016,41536.0,1138588.0
40087,2017,43454.0,1148876.0
40087,2018,46557.0,1343466.0
40087,2019,48931.0,1671142.0
40087,2020,49416.0,1604290.0
40087,2021,53492.0,1511233.0
40087,2022,54884.0,1524934.0
40087,2023,57249.0,1994262.0
40087,2024,59598.0,1967319.0
40097,2010,28408.0,1555267.0
40097,2011,29233.0,1599812.0
40097,2012,30659.0,1620506.0
40097,2013,31551.0,1727425.0
40097,2014,33639.0,1731246.0
40097,2015,34826.0,1792829.0
40097,2016,34527.0,1658435.0
40097,2017,35362.0,1567421.0
40097,2018,36948.0,1838964.0
40097,2019,38783.0,1881653.0
40097,2020,41844.0,1935908.0
40097,2021,44934.0,1923780.0
40097,2022,44971.0,2000880.0
40097,2023,47673.0,2136465.0
40097,2024,50654.0,2136054.0
40111,2010,27943.0,914893.0
40111,2011,28920.0,899356.0
40111,2012,30020.0,909047.0
40111,2013,30947.0,950650.0
40111,2014,32484.0,931778.0
40111,2015,32929.0,911342.0
40111,2016,32457.0,881378.0
40111,2017,33401.0,854973.0
40111,2018,34672.0,848895.0
40111,2019,36514.0,851814.0
40111,2020,39232.0,857021.0
40111,2021,42340.0,821806.0
40111,2022,42789.0,875493.0
40111,2023,44831.0,878151.0
40111,2024,46623.0,902917.0
40135,2010,27309.0,763704.0
40135,2011,28316.0,753419.0
40135,2012,29994.0,789346.0
40135,2013,30240.0,743482.0
40135,2014,31193.0,720354.0
40135,2015,32434.0,740108.0
40135,2016,32590.0,720181.0
40135,2017,33225.0,715275.0
40135,2018,34134.0,704208.0
40135,2019,35987.0,788938.0
40135,2020,38935.0,747707.0
40135,2021,42887.0,775356.0
40135,2022,42788.0,727888.0
40135,2023,44594.0,756129.0
40135,2024,46719.0,736437.0
41003,2010,35730.0,4042530.0
41003,2011,37385.0,4196951.0
41003,2012,37325.0,4158939.0
41003,2013,37241.0,3989140.0
41003,2014,38922.0,3969709.0
41003,2015,40054.0,4006029.0
41003,2016,41482.0,4144658.0
41003,2017,42266.0,4318847.0
41003,2018,44708.0,4519396.0
41003,2019,46732.0,4589245.0
41003,2020,50763.0,4485137.0
41003,2021,57530.0,4726102.0
41003,2022,56103.0,4892566.0
41003,2023,59434.0,4951685.0
41003,2024,62473.0,5064774.0
41007,2010,33748.0,1650102.0
41007,2011,34185.0,1634833.0
41007,2012,35000.0,1660722.0
41007,2013,35161.0,1668534.0
41007,2014,36697.0,1704594.0
41007,2015,38287.0,1735750.0
41007,2016,39719.0,1769328.0
41007,2017,41606.0,1843207.0
41007,2018,43974.0,1906315.0
41007,2019,44885.0,1893576.0
41007,2020,49805.0,1914833.0
41007,2021,54765.0,1997577.0
41007,2022,56205.0,1939009.0
41007,2023,60248.0,1975155.0
41007,2024,63292.0,2006105.0
41009,2010,32740.0,1225815.0
41009,2011,33740.0,1132268.0
41009,2012,35067.0,1107709.0
41009,2013,35501.0,1165384.0
41009,2014,37219.0,1161538.0
41009,2015,39533.0,1235935.0
41009,2016,40335.0,1270693.0
41009,2017,42034.0,1313142.0
41009,2018,43903.0,1324581.0
41009,2019,45620.0,1331728.0
41009,2020,49655.0,1373022.0
41009,2021,54134.0,1468981.0
41009,2022,55509.0,1467200.0
41009,2023,58261.0,1560299.0
41009,2024,60858.0,1573562.0
41011,2010,32026.0,2008820.0
41011,2011,33461.0,2046034.0
41011,2012,33799.0,1996711.0
41011,2013,34839.0,2073785.0
41011,2014,36765.0,2084389.0
41011,2015,38866.0,2139862.0
41011,2016,39503.0,2157521.0
41011,2017,40996.0,2260617.0
41011,2018,43344.0,2308811.0
41011,2019,45969.0,2376834.0
41011,2020,50839.0,2297036.0
41011,2021,54871.0,2415614.0
41011,2022,55016.0,2406764.0
41011,2023,58852.0,2442504.0
41011,2024,62682.0,2513157.0
41013,2010,28611.0,613197.0
41013,2011,30353.0,621871.0
41013,2012,31636.0,638872.0
41013,2013,31647.0,636779.0
41013,2014,34812.0,627221.0
41013,2015,36945.0,646453.0
41013,2016,37926.0,721420.0
41013,2017,39132.0,750856.0
41013,2018,41563.0,788935.0
41013,2019,43420.0,848090.0
41013,2020,47482.0,900334.0
41013,2021,52407.0,1012967.0
41013,2022,53812.0,1174628.0
41013,2023,57877.0,1287902.0
41013,2024,62128.0,1443018.0
41033,2010,29886.0,2195188.0
41033,2011,30715.0,2200709.0
41033,2012,31946.0,2220716.0
41033,2013,32371.0,2243999.0
41033,2014,34073.0,2285479.0
41033,2015,35953.0,2441178.0
41033,2016,36778.0,2467631.0
41033,2017,38707.0,2650085.0
41033,2018,40915.0,2764830.0
41033,2019,43707.0,2949509.0
41033,2020,48083.0,2907168.0
41033,2021,52724.0,3068229.0
41033,2022,51241.0,2920767.0
41033,2023,53658.0,2948432.0
41033,2024,57206.0,3043019.0
41035,2010,29459.0,2158469.0
41035,2011,30073.0,2043221.0
41035,2012,30883.0,2013045.0
41035,2013,31363.0,2035677.0
41035,2014,33436.0,2100555.0
41035,2015,35123.0,2192516.0
41035,2016,36434.0,2280101.0
41035,2017,37786.0,2285268.0
41035,2018,39260.0,2343100.0
41035,2019,39921.0,2394334.0
41035,2020,43379.0,2371639.0
41035,2021,47763.0,2493499.0
41035,2022,48435.0,2441816.0
41035,2023,51149.0,2591256.0
41035,2024,54476.0,2753034.0
41041,2010,33723.0,1813737.0
41041,2011,34793.0,1814884.0
41041,2012,35695.0,1759249.0
41041,2013,35790.0,1755122.0
41041,2014,37545.0,1776078.0
41041,2015,39106.0,1798423.0
41041,2016,39920.0,1836786.0
41041,2017,41416.0,1928285.0
41041,2018,43825.0,1996663.0
41041,2019,45153.0,1937833.0
41041,2020,49129.0,1921331.0
41041,2021,54659.0,1998582.0
41041,2022,55198.0,2016512.0
41041,2023,58675.0,2083006.0
41041,2024,61973.0,2128651.0
41045,2010,22720.0,944295.0
41045,2011,23365.0,926348.0
41045,2012,24907.0,903110.0
41045,2013,25696.0,973606.0
41045,2014,28072.0,1092055.0
41045,2015,30249.0,1170797.0
41045,2016,29763.0,1231414.0
41045,2017,29582.0,1242988.0
41045,2018,30834.0,1255014.0
41045,2019,32343.0,1265808.0
41045,2020,35551.0,1265739.0
41045,2021,39036.0,1192020.0
41045,2022,39817.0,1231233.0
41045,2023,40784.0,1200284.0
41045,2024,42974.0,1196776.0
41049,2010,30895.0,893681.0
41049,2011,31514.0,724015.0
41049,2012,34924.0,792649.0
41049,2013,39291.0,950516.0
41049,2014,43374.0,1167932.0
41049,2015,44762.0,1171379.0
41049,2016,44115.0,1309582.0
41049,2017,41080.0,1380636.0
41049,2018,43845.0,1393260.0
41049,2019,46078.0,1479277.0
41049,2020,50360.0,1391250.0
41049,2021,53780.0,1335780.0
41049,2022,59976.0,1410077.0
41049,2023,60303.0,1564033.0
41049,2024,60097.0,1737025.0
41053,2010,31981.0,1666600.0
41053,2011,32380.0,1666176.0
41053,2012,33274.0,1712935.0
41053,2013,34048.0,1728927.0
41053,2014,35172.0,1696375.0
41053,2015,37203.0,1769369.0
41053,2016,37764.0,1791857.0
41053,2017,38972.0,1936051.0
41053,2018,40731.0,2024409.0
41053,2019,42856.0,2086554.0
41053,2020,45826.0,2001105.0
41053,2021,51078.0,2154472.0
41053,2022,51314.0,2141422.0
41053,2023,54017.0,2220539.0
41053,2024,57251.0,2457746.0
41057,2010,32580.0,918101.0
41057,2011,33182.0,874769.0
41057,2012,34141.0,861979.0
41057,2013,34589.0,904114.0
41057,2014,37462.0,1021638.0
41057,2015,38750.0,985401.0
41057,2016,40245.0,1044400.0
41057,2017,42400.0,1179185.0
41057,2018,43427.0,1202290.0
41057,2019,44604.0,1192181.0
41057,2020,49854.0,1254265.0
41057,2021,54701.0,1204989.0
41057,2022,57893.0,1151018.0
41057,2023,61734.0,1147160.0
41057,2024,64662.0,1128481.0
41059,2010,30165.0,3360427.0
41059,2011,31082.0,3453507.0
41059,2012,31629.0,3219556.0
41059,2013,31525.0,3134908.0
41059,2014,33234.0,3069926.0
41059,2015,34805.0,3037611.0
41059,2016,36114.0,3286587.0
41059,2017,36569.0,3145790.0
41059,2018,38675.0,3309106.0
41059,2019,40027.0,3374455.0
41059,2020,45143.0,3375394.0
41059,2021,49178.0,3445554.0
41059,2022,50689.0,3539354.0
41059,2023,54031.0,3706412.0
41059,2024,55991.0,3509938.0
41061,2010,30596.0,859775.0
41061,2011,31855.0,884883.0
41061,2012,32667.0,903924.0
41061,2013,33738.0,920922.0
41061,2014,35067.0,893130.0
41061,2015,36518.0,915290.0
41061,2016,36961.0,922084.0
41061,2017,37996.0,945670.0
41061,2018,40225.0,969373.0
41061,2019,41679.0,978973.0
41061,2020,45976.0,968742.0
41061,2021,49407.0,1014317.0
41061,2022,50154.0,1021799.0
41061,2023,53785.0,1061864.0
41061,2024,56198.0,1057169.0
41065,2010,33282.0,1225393.0
41065,2011,35838.0,1532628.0
41065,2012,35564.0,1307575.0
41065,2013,35607.0,1599862.0
41065,2014,36989.0,1786173.0
41065,2015,38839.0,1704033.0
41065,2016,40015.0,1321180.0
41065,2017,40665.0,1323922.0
41065,2018,42159.0,1395619.0
41065,2019,43342.0,1520222.0
41065,2020,48346.0,1555905.0
41065,2021,52861.0,1634069.0
41065,2022,53537.0,1735561.0
41065,2023,57440.0,1822289.0
41065,2024,60127.0,2013069.0
41071,2010,32739.0,3017774.0
41071,2011,33729.0,3072075.0
41071,2012,35287.0,3170601.0
41071,2013,35685.0,3224952.0
41071,2014,36915.0,3183125.0
41071,2015,39674.0,3362941.0
41071,2016,40473.0,3373167.0
41071,2017,42560.0,3452939.0
41071,2018,44871.0,3667901.0
41071,2019,46966.0,3738770.0
41071,2020,51040.0,3671680.0
41071,2021,56540.0,3900629.0
41071,2022,58703.0,3871607.0
41071,2023,61581.0,3966591.0
41071,2024,64182.0,4012979.0
45007,2010,30856.0,5653964.0
45007,2011,31882.0,6001514.0
45007,2012,32474.0,6176407.0
45007,2013,33096.0,6164222.0
45007,2014,34538.0,6120462.0
45007,2015,35787.0,6316864.0
45007,2016,36904.0,6663626.0
45007,2017,38198.0,6731779.0
45007,2018,39676.0,7033445.0
45007,2019,41166.0,7275485.0
45007,2020,43458.0,7145415.0
45007,2021,47461.0,7506023.0
45007,2022,48090.0,7639295.0
45007,2023,50238.0,7845936.0
45007,2024,53021.0,8125127.0
45013,2010,41657.0,7010122.0
45013,2011,44321.0,6895182.0
45013,2012,46055.0,6943836.0
45013,2013,46348.0,7231967.0
45013,2014,49348.0,7447629.0
45013,2015,51864.0,7502766.0
45013,2016,53939.0,7727107.0
45013,2017,55310.0,7752477.0
45013,2018,57828.0,8172547.0
45013,2019,62049.0,8541185.0
45013,2020,64962.0,8671221.0
45013,2021,72202.0,9010758.0
45013,2022,76326.0,9561952.0
45013,2023,81692.0,9686997.0
45013,2024,85327.0,9962863.0
45015,2010,30404.0,5673580.0
45015,2011,32517.0,5770956.0
45015,2012,33065.0,6248515.0
45015,2013,33208.0,6406394.0
45015,2014,34841.0,6551354.0
45015,2015,36331.0,6985709.0
45015,2016,37938.0,7493718.0
45015,2017,39697.0,7638074.0
45015,2018,41301.0,8167714.0
45015,2019,43270.0,8519201.0
45015,2020,45395.0,8557208.0
45015,2021,50288.0,8917543.0
45015,2022,51606.0,9507009.0
45015,2023,55241.0,10676218.0
45015,2024,58397.0,11596144.0
47009,2010,32220.0,4249277.0
47009,2011,33985.0,4507010.0
47009,2012,35543.0,4801753.0
47009,2013,35933.0,4983479.0
47009,2014,36786.0,4934109.0
47009,2015,38632.0,5052154.0
47009,2016,39652.0,5308916.0
47009,2017,41143.0,5589021.0
47009,2018,43538.0,5748659.0
47009,2019,45405.0,5967995.0
47009,2020,48445.0,5893521.0
47009,2021,53099.0,6373102.0
47009,2022,55330.0,6814847.0
47009,2023,59581.0,7221916.0
47009,2024,63260.0,7456181.0
47125,2010,38616.0,4546797.0
47125,2011,41302.0,4875223.0
47125,2012,39811.0,5020393.0
47125,2013,38977.0,5004637.0
47125,2014,38331.0,4894882.0
47125,2015,39028.0,4929215.0
47125,2016,39335.0,5061057.0
47125,2017,39956.0,5257341.0
47125,2018,40698.0,5456115.0
47125,2019,42235.0,5748489.0
47125,2020,45602.0,5957137.0
47125,2021,49729.0,6442236.0
47125,2022,49976.0,6791405.0
47125,2023,51954.0,6987374.0
47125,2024,54347.0,7271428.0
47163,2010,34296.0,7729327.0
47163,2011,36302.0,8077931.0
47163,2012,37548.0,8093213.0
47163,2013,37106.0,7900996.0
47163,2014,37549.0,7417287.0
47163,2015,38542.0,7493606.0
47163,2016,39355.0,7515712.0
47163,2017,40450.0,7673821.0
47163,2018,42308.0,7948524.0
47163,2019,43694.0,7780466.0
47163,2020,46803.0,7998425.0
47163,2021,51193.0,8790463.0
47163,2022,51657.0,8933380.0
47163,2023,55109.0,8944977.0
47163,2024,58128.0,9483104.0
47165,2010,36099.0,4893796.0
47165,2011,37819.0,5108127.0
47165,2012,40415.0,5479472.0
47165,2013,40739.0,5911197.0
47165,2014,41447.0,6111047.0
47165,2015,43393.0,6336687.0
47165,2016,44485.0,6543799.0
47165,2017,46402.0,6982036.0
47165,2018,48248.0,7037067.0
47165,2019,51719.0,7139672.0
47165,2020,54917.0,7202370.0
47165,2021,60382.0,7939060.0
47165,2022,64969.0,8686447.0
47165,2023,69993.0,8797173.0
47165,2024,73326.0,9232461.0
47187,2010,66252.0,14080827.0
47187,2011,72128.0,15505624.0
47187,2012,78323.0,17490481.0
47187,2013,79329.0,18487501.0
47187,2014,82978.0,19612875.0
47187,2015,89786.0,21569649.0
47187,2016,90679.0,22145867.0
47187,2017,89725.0,22403855.0
47187,2018,91331.0,23063940.0
47187,2019,94540.0,24148813.0
47187,2020,99340.0,24541695.0
47187,2021,113238.0,27442136.0
47187,2022,121528.0,29523270.0
47187,2023,133280.0,31224125.0
47187,2024,139704.0,31510387.0
47189,2010,37086.0,3872129.0
47189,2011,38280.0,3885712.0
47189,2012,40124.0,4016990.0
47189,2013,40706.0,4214864.0
47189,2014,41776.0,4380467.0
47189,2015,44077.0,4728931.0
47189,2016,45651.0,4884666.0
47189,2017,47268.0,5097713.0
47189,2018,49467.0,5442592.0
47189,2019,52325.0,5568024.0
47189,2020,54338.0,5708004.0
47189,2021,62232.0,6578507.0
47189,2022,64718.0,6960269.0
47189,2023,68887.0,7320607.0
47189,2024,72229.0,7715815.0
48029,2010,36075.0,82480536.0
48029,2011,38639.0,85592988.0
48029,2012,38896.0,86417854.0
48029,2013,39620.0,88977005.0
48029,2014,42125.0,92769049.0
48029,2015,42598.0,97753647.0
48029,2016,42337.0,99805041.0
48029,2017,44118.0,100193129.0
48029,2018,46610.0,104847549.0
48029,2019,46558.0,106900347.0
48029,2020,47849.0,105587835.0
48029,2021,51877.0,110502679.0
48029,2022,55474.0,118422612.0
48029,2023,58921.0,123250308.0
48029,2024,61160.0,127563908.0
48135,2010,35594.0,8652430.0
48135,2011,40420.0,10164506.0
48135,2012,45436.0,12055281.0
48135,2013,45032.0,12536881.0
48135,2014,48733.0,12685557.0
48135,2015,42937.0,11318562.0
48135,2016,38346.0,9693922.0
48135,2017,43392.0,10478298.0
48135,2018,49643.0,12490648.0
48135,2019,52751.0,12974711.0
48135,2020,49141.0,10974379.0
48135,2021,52647.0,10883278.0
48135,2022,56020.0,11723302.0
48135,2023,60496.0,13356754.0
48135,2024,62325.0,13751509.0
48139,2010,33963.0,4764829.0
48139,2011,35666.0,5130681.0
48139,2012,37002.0,5364586.0
48139,2013,37661.0,5390022.0
48139,2014,38979.0,5384305.0
48139,2015,40271.0,5536613.0
48139,2016,41564.0,5723763.0
48139,2017,43027.0,5887929.0
48139,2018,44781.0,6361104.0
48139,2019,47405.0,6521681.0
48139,2020,49287.0,6378117.0
48139,2021,53784.0,6838686.0
48139,2022,55184.0,7488713.0
48139,2023,56934.0,7676693.0
48139,2024,58766.0,8231178.0
48141,2010,28802.0,27333333.0
48141,2011,30046.0,28724320.0
48141,2012,30829.0,29587727.0
48141,2013,30277.0,29432030.0
48141,2014,31527.0,28968391.0
48141,2015,32432.0,29387003.0
48141,2016,32834.0,29636910.0
48141,2017,33838.0,30271960.0
48141,2018,35327.0,31195934.0
48141,2019,36902.0,32894612.0
48141,2020,40032.0,33094137.0
48141,2021,44328.0,35180247.0
48141,2022,44748.0,37151060.0
48141,2023,46918.0,39019392.0
48141,2024,49306.0,42288300.0
48157,2010,48621.0,19360410.0
48157,2011,51476.0,19840223.0
48157,2012,54408.0,21013888.0
48157,2013,56042.0,24202615.0
48157,2014,60409.0,26629713.0
48157,2015,62893.0,29862334.0
48157,2016,55684.0,25694898.0
48157,2017,57407.0,27576129.0
48157,2018,59752.0,29522284.0
48157,2019,63288.0,31347685.0
48157,2020,62820.0,31078612.0
48157,2021,67154.0,33046273.0
48157,2022,69262.0,34650175.0
48157,2023,73340.0,36728959.0
48157,2024,75721.0,39054035.0
48187,2010,34518.0,3853581.0
48187,2011,36219.0,4252902.0
48187,2012,37349.0,4611501.0
48187,2013,39107.0,5703535.0
48187,2014,40951.0,6394046.0
48187,2015,42286.0,6966381.0
48187,2016,42466.0,6190014.0
48187,2017,44154.0,5945004.0
48187,2018,45037.0,6150638.0
48187,2019,46799.0,7516017.0
48187,2020,49038.0,7784463.0
48187,2021,53313.0,8973509.0
48187,2022,56029.0,11144694.0
48187,2023,59053.0,11903110.0
48187,2024,61610.0,12526823.0
48215,2010,22216.0,18607751.0
48215,2011,23017.0,18916776.0
48215,2012,23328.0,19221723.0
48215,2013,23924.0,20141428.0
48215,2014,24568.0,20483023.0
48215,2015,25140.0,20702995.0
48215,2016,25314.0,20609846.0
48215,2017,25802.0,20721197.0
48215,2018,26831.0,21184628.0
48215,2019,28110.0,21991095.0
48215,2020,31116.0,21619757.0
48215,2021,34857.0,22780663.0
48215,2022,33794.0,23120685.0
48215,2023,34393.0,23626970.0
48215,2024,35290.0,24238655.0
48251,2010,33644.0,6595455.0
48251,2011,35875.0,6223242.0
48251,2012,36045.0,5848936.0
48251,2013,36989.0,5740369.0
48251,2014,38102.0,5978591.0
48251,2015,38414.0,5708065.0
48251,2016,38974.0,5475019.0
48251,2017,40873.0,5737907.0
48251,2018,42850.0,5773737.0
48251,2019,44837.0,5817568.0
48251,2020,47294.0,5750468.0
48251,2021,51546.0,6242007.0
48251,2022,53116.0,6541466.0
48251,2023,55315.0,6752147.0
48251,2024,56879.0,7126899.0
48329,2010,75300.0,9957386.0
48329,2011,102327.0,11438528.0
48329,2012,111579.0,13996317.0
48329,2013,116428.0,14591419.0
48329,2014,123458.0,16127457.0
48329,2015,91558.0,17085219.0
48329,2016,76506.0,16237777.0
48329,2017,111023.0,18874725.0
48329,2018,132580.0,23395416.0
48329,2019,136575.0,26788649.0
48329,2020,103175.0,24817332.0
48329,2021,120568.0,24908873.0
48329,2022,146427.0,25013723.0
48329,2023,144049.0,34397592.0
48329,2024,146414.0,36432786.0
48339,2010,50002.0,16624250.0
48339,2011,53182.0,17573782.0
48339,2012,60573.0,20299786.0
48339,2013,63256.0,21329445.0
48339,2014,65215.0,22920163.0
48339,2015,60161.0,23676753.0
48339,2016,56453.0,24412859.0
48339,2017,62034.0,26495280.0
48339,2018,62680.0,30009488.0
48339,2019,66857.0,31196053.0
48339,2020,67957.0,31663132.0
48339,2021,71743.0,35020586.0
48339,2022,74822.0,35780381.0
48339,2023,78799.0,37839046.0
48339,2024,80512.0,39558095.0
48439,2010,40684.0,95294740.0
48439,2011,42073.0,96511251.0
48439,2012,44164.0,100505177.0
48439,2013,44619.0,102898603.0
48439,2014,47856.0,105143393.0
48439,2015,47580.0,107918603.0
48439,2016,46706.0,107760061.0
48439,2017,49430.0,111059066.0
48439,2018,51749.0,116836265.0
48439,2019,52208.0,119023025.0
48439,2020,53809.0,114314852.0
48439,2021,60684.0,123805218.0
48439,2022,64177.0,128362818.0
48439,2023,67797.0,135192208.0
48439,2024,69936.0,139883117.0
49003,2010,27925.0,2263251.0
49003,2011,29284.0,2036456.0
49003,2012,29942.0,1854666.0
49003,2013,31055.0,2008353.0
49003,2014,31939.0,2000800.0
49003,2015,33133.0,2184033.0
49003,2016,33563.0,2209626.0
49003,2017,34859.0,2261288.0
49003,2018,37345.0,2267245.0
49003,2019,38769.0,2322662.0
49003,2020,41929.0,2357466.0
49003,2021,45436.0,2477623.0
49003,2022,47677.0,2692240.0
49003,2023,50345.0,2875106.0
49003,2024,52138.0,2894878.0
49005,2010,28243.0,4288569.0
49005,2011,29878.0,4442179.0
49005,2012,30700.0,4317330.0
49005,2013,30456.0,4397335.0
49005,2014,31647.0,4556602.0
49005,2015,33552.0,4733915.0
49005,2016,34682.0,4906473.0
49005,2017,36960.0,5322111.0
49005,2018,39290.0,5812994.0
49005,2019,41166.0,5910885.0
49005,2020,43032.0,5964960.0
49005,2021,49373.0,6368747.0
49005,2022,48905.0,6574773.0
49005,2023,51629.0,6898463.0
49005,2024,53880.0,7165803.0
49011,2010,33505.0,10910572.0
49011,2011,35760.0,11313200.0
49011,2012,37544.0,11543380.0
49011,2013,37320.0,12455338.0
49011,2014,38411.0,12673310.0
49011,2015,40158.0,12693023.0
49011,2016,41947.0,13200470.0
49011,2017,43036.0,14039771.0
49011,2018,45096.0,14830604.0
49011,2019,47188.0,15464703.0
49011,2020,50606.0,15758689.0
49011,2021,56768.0,16826680.0
49011,2022,59140.0,16767342.0
49011,2023,62467.0,17368047.0
49011,2024,65234.0,18149590.0
49021,2010,22741.0,1324144.0
49021,2011,24204.0,1389145.0
49021,2012,24616.0,1274520.0
49021,2013,25786.0,1295929.0
49021,2014,27052.0,1370254.0
49021,2015,28198.0,1386659.0
49021,2016,28429.0,1466385.0
49021,2017,29801.0,1582096.0
49021,2018,31734.0,1754625.0
49021,2019,33858.0,1901612.0
49021,2020,36595.0,1946503.0
49021,2021,39938.0,2091324.0
49021,2022,40473.0,2242469.0
49021,2023,42766.0,2388703.0
49021,2024,45498.0,2421909.0
49045,2010,28912.0,2273508.0
49045,2011,30115.0,2334953.0
49045,2012,30925.0,1985675.0
49045,2013,30876.0,1932991.0
49045,2014,31560.0,1828047.0
49045,2015,33126.0,1786637.0
49045,2016,34263.0,1790946.0
49045,2017,35154.0,1751142.0
49045,2018,37294.0,1800683.0
49045,2019,39152.0,1824118.0
49045,2020,42086.0,1966429.0
49045,2021,45225.0,2161878.0
49045,2022,46829.0,2237428.0
49045,2023,49202.0,2268143.0
49045,2024,51494.0,2491322.0
49049,2010,26271.0,17454420.0
49049,2011,27799.0,18023957.0
49049,2012,29668.0,18369571.0
49049,2013,30488.0,19285640.0
49049,2014,32378.0,20208517.0
49049,2015,34738.0,21855951.0
49049,2016,36491.0,23436811.0
49049,2017,37929.0,25069858.0
49049,2018,39756.0,27107467.0
49049,2019,43610.0,29605753.0
49049,2020,47127.0,31043563.0
49049,2021,52187.0,33571631.0
49049,2022,54261.0,34912937.0
49049,2023,57409.0,36381816.0
49049,2024,59651.0,38928334.0
49053,2010,26222.0,3832970.0
49053,2011,26937.0,3881182.0
49053,2012,28241.0,4179470.0
49053,2013,29441.0,4560155.0
49053,2014,31040.0,4757231.0
49053,2015,32961.0,5067390.0
49053,2016,35021.0,5556357.0
49053,2017,37387.0,6234717.0
49053,2018,40128.0,6619509.0
49053,2019,42384.0,6870819.0
49053,2020,45369.0,7231297.0
49053,2021,50918.0,7865011.0
49053,2022,51717.0,8176823.0
49053,2023,55161.0,8437169.0
49053,2024,58047.0,8822616.0
49057,2010,31357.0,9283995.0
49057,2011,32733.0,9324935.0
49057,2012,33232.0,9234705.0
49057,2013,33365.0,9142127.0
49057,2014,34731.0,9507699.0
49057,2015,36326.0,9794912.0
49057,2016,37414.0,10145930.0
49057,2017,38972.0,10722720.0
49057,2018,40753.0,11381880.0
49057,2019,42871.0,11942193.0
49057,2020,45949.0,12228264.0
49057,2021,50138.0,12894125.0
49057,2022,52944.0,13271364.0
49057,2023,56006.0,13773787.0
49057,2024,58582.0,14325610.0
51013,2010,79216.0,31972405.0
51013,2011,82336.0,32704138.0
51013,2012,83499.0,31433131.0
51013,2013,79030.0,30557245.0
51013,2014,82623.0,30689850.0
51013,2015,85196.0,31870414.0
51013,2016,86290.0,32541434.0
51013,2017,89695.0,33997126.0
51013,2018,94324.0,35530163.0
51013,2019,96204.0,36825830.0
51013,2020,98460.0,36785680.0
51013,2021,109830.0,39028124.0
51013,2022,116839.0,38535970.0
51013,2023,126108.0,40795731.0
51013,2024,131624.0,41376780.0
51015,2010,35775.0,5291699.0
51015,2011,36321.0,5129236.0
51015,2012,36805.0,4924360.0
51015,2013,37102.0,5111112.0
51015,2014,38417.0,5083461.0
51015,2015,39481.0,5090373.0
51015,2016,40156.0,5069347.0
51015,2017,41414.0,5064115.0
51015,2018,42577.0,5135189.0
51015,2019,44722.0,5142428.0
51015,2020,48112.0,4943911.0
51015,2021,51726.0,5183588.0
51015,2022,53712.0,5371275.0
51015,2023,56234.0,5431853.0
51015,2024,58462.0,5538943.0
51019,2010,36073.0,1964179.0
51019,2011,37283.0,1961446.0
51019,2012,39071.0,1965112.0
51019,2013,39299.0,2026249.0
51019,2014,40360.0,2008692.0
51019,2015,41965.0,2055574.0
51019,2016,42441.0,2010594.0
51019,2017,44281.0,2007410.0
51019,2018,45779.0,2021989.0
51019,2019,47762.0,1970848.0
51019,2020,50394.0,1888891.0
51019,2021,53817.0,2039282.0
51019,2022,54784.0,1999962.0
51019,2023,57727.0,2069784.0
51019,2024,60072.0,2100757.0
51033,2010,33736.0,621873.0
51033,2011,34703.0,590970.0
51033,2012,36109.0,684419.0
51033,2013,36750.0,760359.0
51033,2014,37569.0,741278.0
51033,2015,41767.0,739852.0
51033,2016,39605.0,760637.0
51033,2017,41157.0,748746.0
51033,2018,41790.0,744805.0
51033,2019,43292.0,736504.0
51033,2020,46607.0,784450.0
51033,2021,50828.0,804007.0
51033,2022,51532.0,825141.0
51033,2023,54514.0,891007.0
51033,2024,56845.0,955036.0
51035,2010,28109.0,967786.0
51035,2011,28925.0,962694.0
51035,2012,29448.0,965925.0
51035,2013,29153.0,948751.0
51035,2014,30969.0,972753.0
51035,2015,32220.0,1010992.0
51035,2016,32805.0,1012051.0
51035,2017,34010.0,969032.0
51035,2018,35190.0,961547.0
51035,2019,36426.0,938498.0
51035,2020,40347.0,910381.0
51035,2021,43526.0,923134.0
51035,2022,45391.0,937381.0
51035,2023,48084.0,975881.0
51035,2024,50643.0,997301.0
51041,2010,42438.0,15118785.0
51041,2011,43883.0,15369007.0
51041,2012,45533.0,15674318.0
51041,2013,45576.0,16159059.0
51041,2014,46443.0,15551359.0
51041,2015,48524.0,15757394.0
51041,2016,49429.0,15707765.0
51041,2017,50879.0,15681862.0
51041,2018,52090.0,15989383.0
51041,2019,54274.0,16023932.0
51041,2020,58212.0,15898229.0
51041,2021,62396.0,16795636.0
51041,2022,62929.0,17360574.0
51041,2023,66398.0,17811292.0
51041,2024,69378.0,18545492.0
51059,2010,66243.0,102358252.0
51059,2011,70219.0,104106773.0
51059,2012,72152.0,107372818.0
51059,2013,69759.0,108458197.0
51059,2014,72445.0,108533102.0
51059,2015,75018.0,109923813.0
51059,2016,75908.0,111444480.0
51059,2017,77859.0,114188029.0
51059,2018,81954.0,119273660.0
51059,2019,85521.0,125628136.0
51059,2020,87943.0,125622450.0
51059,2021,97698.0,134207151.0
51059,2022,102447.0,139244840.0
51059,2023,109471.0,146921290.0
51059,2024,114330.0,151225537.0
51087,2010,46551.0,21806682.0
51087,2011,49724.0,23138909.0
51087,2012,52240.0,23805628.0
51087,2013,52640.0,24808333.0
51087,2014,55556.0,25527643.0
51087,2015,57876.0,26871266.0
51087,2016,59605.0,27701258.0
51087,2017,62278.0,28589182.0
51087,2018,64059.0,29602160.0
51087,2019,67511.0,30618861.0
51087,2020,69415.0,29224079.0
51087,2021,74828.0,31143696.0
51087,2022,73857.0,31163682.0
51087,2023,77876.0,29506032.0
51087,2024,81054.0,29755353.0
51095,2010,51432.0,4642174.0
51095,2011,54111.0,4468355.0
51095,2012,55493.0,4416413.0
51095,2013,55401.0,4496602.0
51095,2014,56359.0,4374047.0
51095,2015,59107.0,4617822.0
51095,2016,60937.0,4792761.0
51095,2017,62182.0,5178966.0
51095,2018,61906.0,5245569.0
51095,2019,63896.0,5204171.0
51095,2020,67529.0,5244402.0
51095,2021,73815.0,5558140.0
51095,2022,75579.0,5886776.0
51095,2023,80283.0,5934275.0
51095,2024,84453.0,5940811.0
51107,2010,63772.0,19928704.0
51107,2011,66784.0,20273472.0
51107,2012,69134.0,21154241.0
51107,2013,67610.0,22197546.0
51107,2014,68718.0,22845662.0
51107,2015,71082.0,23989404.0
51107,2016,73874.0,25206693.0
51107,2017,75651.0,26813789.0
51107,2018,78631.0,28280364.0
51107,2019,81997.0,29525992.0
51107,2020,85192.0,28754801.0
51107,2021,92268.0,31764885.0
51107,2022,96039.0,33320670.0
51107,2023,101623.0,35886030.0
51107,2024,106510.0,37440677.0
51117,2010,28736.0,1090229.0
51117,2011,29686.0,1046823.0
51117,2012,31337.0,1013940.0
51117,2013,31566.0,975590.0
51117,2014,32268.0,998045.0
51117,2015,33360.0,1018714.0
51117,2016,34039.0,1012829.0
51117,2017,35329.0,989023.0
51117,2018,36269.0,999871.0
51117,2019,37758.0,1019250.0
51117,2020,41494.0,1083387.0
51117,2021,46473.0,1110937.0
51117,2022,46675.0,1139961.0
51117,2023,49304.0,1174374.0
51117,2024,51880.0,1240310.0
51153,2010,47113.0,17339302.0
51153,2011,48587.0,17878524.0
51153,2012,48575.0,18429035.0
51153,2013,47769.0,19109381.0
51153,2014,48818.0,19429887.0
51153,2015,49739.0,19484210.0
51153,2016,50747.0,19747736.0
51153,2017,52135.0,20424444.0
51153,2018,53631.0,20981879.0
51153,2019,55284.0,21720470.0
51153,2020,58465.0,21595028.0
51153,2021,62231.0,22412693.0
51153,2022,64363.0,22847210.0
51153,2023,67636.0,24064748.0
51153,2024,70956.0,24926326.0
51173,2010,28191.0,1013233.0
51173,2011,29669.0,1117066.0
51173,2012,30540.0,1102213.0
51173,2013,31069.0,1110882.0
51173,2014,32628.0,1112017.0
51173,2015,33570.0,1094977.0
51173,2016,34398.0,1059099.0
51173,2017,35011.0,1003317.0
51173,2018,35941.0,1028903.0
51173,2019,37224.0,1036343.0
51173,2020,40229.0,980070.0
51173,2021,44324.0,1038509.0
51173,2022,45285.0,1039319.0
51173,2023,48487.0,1078128.0
51173,2024,50617.0,1082653.0
51510,2010,75738.0,15810312.0
51510,2011,78165.0,15349549.0
51510,2012,80505.0,15464481.0
51510,2013,76051.0,14864400.0
51510,2014,78690.0,14833106.0
51510,2015,80148.0,14849118.0
51510,2016,80787.0,14805375.0
51510,2017,82214.0,15081071.0
51510,2018,86394.0,15230199.0
51510,2019,87786.0,14970109.0
51510,2020,91521.0,14483075.0
51510,2021,104279.0,14874002.0
51510,2022,108556.0,14914516.0
51510,2023,115627.0,14292120.0
51510,2024,120602.0,14388228.0
51550,2010,42228.0,9948801.0
51550,2011,43468.0,9804748.0
51550,2012,44030.0,9470879.0
51550,2013,43659.0,9645439.0
51550,2014,44773.0,9617838.0
51550,2015,46267.0,9830198.0
51550,2016,47357.0,9907092.0
51550,2017,48149.0,10081767.0
51550,2018,48247.0,10335901.0
51550,2019,49447.0,10504093.0
51550,2020,53239.0,10699899.0
51550,2021,57484.0,11101457.0
51550,2022,58710.0,11185105.0
51550,2023,62633.0,11671963.0
51550,2024,65771.0,11925555.0
51680,2010,31798.0,7346365.0
51680,2011,32913.0,7195247.0
51680,2012,33761.0,6935759.0
51680,2013,33260.0,6879981.0
51680,2014,34520.0,6873973.0
51680,2015,34840.0,6852521.0
51680,2016,34840.0,6837016.0
51680,2017,35674.0,6946511.0
51680,2018,36987.0,7365271.0
51680,2019,38047.0,7392878.0
51680,2020,41622.0,7119154.0
51680,2021,45118.0,7344084.0
51680,2022,46141.0,7314801.0
51680,2023,49013.0,7517453.0
51680,2024,50729.0,7660513.0
51700,2010,34717.0,11333437.0
51700,2011,36450.0,11696341.0
51700,2012,36981.0,11880417.0
51700,2013,36567.0,12460706.0
51700,2014,36909.0,12045177.0
51700,2015,38025.0,12497154.0
51700,2016,38148.0,12384355.0
51700,2017,38755.0,12322800.0
51700,2018,38802.0,13128148.0
51700,2019,39864.0,13817285.0
51700,2020,43671.0,13610683.0
51700,2021,47194.0,14478434.0
51700,2022,47815.0,15000181.0
51700,2023,50862.0,15591531.0
51700,2024,53320.0,15527021.0
51710,2010,34346.0,22177484.0
51710,2011,35011.0,21710528.0
51710,2012,35796.0,21315458.0
51710,2013,35100.0,21219723.0
51710,2014,36130.0,21305373.0
51710,2015,37002.0,21701017.0
51710,2016,37921.0,22296556.0
51710,2017,38910.0,21628031.0
51710,2018,38323.0,19931986.0
51710,2019,39716.0,19212302.0
51710,2020,42170.0,18951203.0
51710,2021,47212.0,19976469.0
51710,2022,47988.0,20634709.0
51710,2023,49023.0,20904231.0
51710,2024,51498.0,21097861.0
51730,2010,33964.0,2962340.0
51730,2011,35541.0,2863791.0
51730,2012,35530.0,2711948.0
51730,2013,35283.0,2776717.0
51730,2014,35042.0,2727760.0
51730,2015,36110.0,2812160.0
51730,2016,35969.0,2763369.0
51730,2017,36904.0,2791652.0
51730,2018,37486.0,2833995.0
51730,2019,39026.0,2831657.0
51730,2020,43341.0,2784897.0
51730,2021,46245.0,2834511.0
51730,2022,47068.0,2967819.0
51730,2023,49898.0,3123894.0
51730,2024,51488.0,3150863.0
51760,2010,42179.0,19506976.0
51760,2011,45071.0,19559535.0
51760,2012,48177.0,19894324.0
51760,2013,45344.0,20283189.0
51760,2014,47137.0,20841278.0
51760,2015,49422.0,21728309.0
51760,2016,49985.0,22135671.0
51760,2017,52392.0,22575624.0
51760,2018,53096.0,23130169.0
51760,2019,56689.0,23566334.0
51760,2020,62644.0,23788834.0
51760,2021,69384.0,24818600.0
51760,2022,72510.0,26107823.0
51760,2023,76702.0,27425168.0
51760,2024,80007.0,28127971.0
51810,2010,44787.0,20351411.0
51810,2011,46423.0,20464090.0
51810,2012,48175.0,20543089.0
51810,2013,47293.0,20745298.0
51810,2014,49258.0,20882389.0
51810,2015,51283.0,21234532.0
51810,2016,52698.0,21679488.0
51810,2017,54531.0,22325354.0
51810,2018,54559.0,21818147.0
51810,2019,56316.0,22297716.0
51810,2020,59477.0,22056288.0
51810,2021,64853.0,23140950.0
51810,2022,67721.0,23422354.0
51810,2023,72733.0,24244620.0
51810,2024,76347.0,25840101.0
53015,2010,34868.0,4416656.0
53015,2011,35293.0,4308343.0
53015,2012,36826.0,4418910.0
53015,2013,37321.0,4521111.0
53015,2014,38822.0,4533021.0
53015,2015,39873.0,4646965.0
53015,2016,40650.0,4730351.0
53015,2017,41703.0,4700051.0
53015,2018,43299.0,4907501.0
53015,2019,45852.0,5182692.0
53015,2020,49725.0,5257272.0
53015,2021,54204.0,5412950.0
53015,2022,55226.0,5531954.0
53015,2023,57373.0,5460553.0
53015,2024,59669.0,5530726.0
53021,2010,30469.0,2736175.0
53021,2011,31821.0,2832537.0
53021,2012,31339.0,2906348.0
53021,2013,31287.0,3069792.0
53021,2014,32527.0,3236885.0
53021,2015,34271.0,3396712.0
53021,2016,34691.0,3530604.0
53021,2017,35451.0,3493691.0
53021,2018,36482.0,3711236.0
53021,2019,39157.0,3884307.0
53021,2020,42534.0,3942440.0
53021,2021,47080.0,4145933.0
53021,2022,46794.0,4301139.0
53021,2023,48822.0,4153007.0
53021,2024,50535.0,4359524.0
53025,2010,29818.0,4701023.0
53025,2011,31739.0,5248764.0
53025,2012,32712.0,5452269.0
53025,2013,33975.0,5216978.0
53025,2014,33818.0,5035161.0
53025,2015,37078.0,5613708.0
53025,2016,36959.0,5834871.0
53025,2017,37481.0,5748710.0
53025,2018,37396.0,5756388.0
53025,2019,40654.0,5723173.0
53025,2020,46148.0,5772702.0
53025,2021,49191.0,5808720.0
53025,2022,49434.0,5647646.0
53025,2023,50292.0,6760819.0
53025,2024,52210.0,6812669.0
56005,2010,50482.0,7082178.0
56005,2011,56664.0,7208735.0
56005,2012,55770.0,6595633.0
56005,2013,53203.0,6693925.0
56005,2014,57089.0,6574955.0
56005,2015,53009.0,6449748.0
56005,2016,46750.0,5790792.0
56005,2017,49718.0,5405708.0
56005,2018,52648.0,5262255.0
56005,2019,53346.0,5241253.0
56005,2020,53995.0,5249403.0
56005,2021,56233.0,4966229.0
56005,2022,59723.0,5290202.0
56005,2023,63135.0,5658531.0
56005,2024,64369.0,4918971.0
56013,2010,36337.0,1797246.0
56013,2011,39213.0,1806236.0
56013,2012,41529.0,1727632.0
56013,2013,42470.0,1802440.0
56013,2014,43296.0,1779493.0
56013,2015,42752.0,1790361.0
56013,2016,40515.0,1714254.0
56013,2017,42453.0,1729469.0
56013,2018,45183.0,1707182.0
56013,2019,45965.0,1605088.0
56013,2020,48813.0,1560083.0
56013,2021,51012.0,1523613.0
56013,2022,53871.0,1558987.0
56013,2023,57031.0,1619691.0
56013,2024,59227.0,1655777.0
56021,2010,43320.0,4985519.0
56021,2011,48142.0,5176171.0
56021,2012,48327.0,5312068.0
56021,2013,48065.0,5246707.0
56021,2014,49335.0,5331669.0
56021,2015,49560.0,5507020.0
56021,2016,48054.0,5376004.0
56021,2017,49348.0,5428708.0
56021,2018,51951.0,5727043.0
56021,2019,52555.0,5990637.0
56021,2020,55451.0,5685494.0
56021,2021,60203.0,6011479.0
56021,2022,61146.0,6047556.0
56021,2023,63445.0,6272579.0
56021,2024,66012.0,6649763.0
56025,2010,50125.0,4745496.0
56025,2011,54092.0,5031497.0
56025,2012,60164.0,5665392.0
56025,2013,61454.0,5901150.0
56025,2014,68307.0,6388489.0
56025,2015,69890.0,6263754.0
56025,2016,61137.0,5663254.0
56025,2017,62874.0,5594566.0
56025,2018,67467.0,5920361.0
56025,2019,64535.0,5705706.0
56025,2020,63076.0,4959651.0
56025,2021,67312.0,4853152.0
56025,2022,75500.0,5076888.0
56025,2023,77119.0,5222789.0
56025,2024,79903.0,5299993.0
56037,2010,44060.0,4249433.0
56037,2011,48127.0,4148912.0
56037,2012,47771.0,4026160.0
56037,2013,48200.0,4055219.0
56037,2014,49342.0,3959871.0
56037,2015,49454.0,3845451.0
56037,2016,47642.0,3713088.0
56037,2017,50991.0,3769766.0
56037,2018,54713.0,3692765.0
56037,2019,55746.0,3690032.0
56037,2020,54532.0,3418924.0
56037,2021,56210.0,3308998.0
56037,2022,60187.0,3174378.0
56037,2023,61963.0,3301845.0
56037,2024,63284.0,3043979.0
