fips,year,unemployment_rate,labor_force
31001,2010,4.8,16472
31001,2011,4.3,16493
31001,2012,3.7,16851
31001,2013,3.6,16906
31001,2014,3.4,16728
31001,2015,3.1,16677
31001,2016,3.1,16749
31001,2017,3.1,16775
31001,2018,3.0,16774
31001,2019,3.2,16999
31001,2020,4.0,17038
31001,2021,2.5,16879
31001,2022,2.1,17196
31003,2010,3.7,3522
31003,2011,3.6,3599
31003,2012,3.2,3573
31003,2013,3.1,3607
31003,2014,2.7,3594
31003,2015,2.6,3610
31003,2016,2.6,3613
31003,2017,2.5,3595
31003,2018,2.5,3612
31003,2019,2.6,3635
31003,2020,2.2,3932
31003,2021,1.7,3668
31003,2022,1.8,3662
31005,2010,8.0,225
31005,2011,6.1,231
31005,2012,6.5,230
31005,2013,7.3,219
31005,2014,5.4,224
31005,2015,4.4,225
31005,2016,5.7,228
31005,2017,5.8,223
31005,2018,4.9,223
31005,2019,5.6,231
31005,2020,5.1,234
31005,2021,3.0,235
31005,2022,2.2,232
31007,2010,4.4,413
31007,2011,4.6,433
31007,2012,4.4,436
31007,2013,4.4,435
31007,2014,3.7,437
31007,2015,3.4,442
31007,2016,3.6,420
31007,2017,3.6,393
31007,2018,3.6,384
31007,2019,3.9,385
31007,2020,3.1,393
31007,2021,2.1,386
31007,2022,2.8,387
31009,2010,5.1,257
31009,2011,5.4,280
31009,2012,5.3,283
31009,2013,5.1,272
31009,2014,4.4,275
31009,2015,4.5,269
31009,2016,4.5,267
31009,2017,4.5,264
31009,2018,4.5,264
31009,2019,5.0,259
31009,2020,3.5,255
31009,2021,2.8,248
31009,2022,3.6,253
31011,2010,3.6,2955
31011,2011,3.7,3041
31011,2012,3.0,3036
31011,2013,3.2,3049
31011,2014,2.6,3025
31011,2015,2.4,3024
31011,2016,2.6,3021
31011,2017,2.5,2956
31011,2018,2.3,2949
31011,2019,2.8,2998
31011,2020,2.5,2953
31011,2021,1.7,2938
31011,2022,1.7,3006
31013,2010,5.1,5844
31013,2011,4.2,5983
31013,2012,3.9,5964
31013,2013,3.8,5967
31013,2014,3.1,5747
31013,2015,3.0,5683
31013,2016,3.6,5675
31013,2017,3.3,5478
31013,2018,2.9,5470
31013,2019,3.2,5482
31013,2020,4.8,5409
31013,2021,2.6,5451
31013,2022,2.2,5319
31015,2010,4.0,1105
31015,2011,3.8,1149
31015,2012,3.8,1145
31015,2013,3.4,1125
31015,2014,3.3,1100
31015,2015,2.7,1093
31015,2016,3.0,1105
31015,2017,3.4,1089
31015,2018,3.0,1090
31015,2019,3.4,1092
31015,2020,2.8,1057
31015,2021,2.0,1028
31015,2022,2.1,1030
31017,2010,4.8,1460
31017,2011,4.6,1465
31017,2012,3.9,1449
31017,2013,3.8,1432
31017,2014,3.4,1421
31017,2015,3.7,1400
31017,2016,3.7,1388
31017,2017,3.3,1415
31017,2018,3.4,1406
31017,2019,3.7,1416
31017,2020,2.7,1421
31017,2021,2.4,1426
31017,2022,2.4,1424
31019,2010,3.7,26344
31019,2011,3.5,26875
31019,2012,3.2,27253
31019,2013,3.2,27351
31019,2014,2.7,27498
31019,2015,2.4,27245
31019,2016,2.5,27371
31019,2017,2.5,27526
31019,2018,2.4,28068
31019,2019,2.7,28203
31019,2020,4.0,27871
31019,2021,2.1,27972
31019,2022,1.8,28257
31021,2010,6.0,3637
31021,2011,5.7,3639
31021,2012,4.6,3670
31021,2013,4.4,3645
31021,2014,3.9,3584
31021,2015,3.6,3624
31021,2016,3.7,3566
31021,2017,3.7,3537
31021,2018,3.5,3507
31021,2019,3.4,3543
31021,2020,3.9,3596
31021,2021,2.6,3590
31021,2022,2.2,3569
31023,2010,4.0,4643
31023,2011,3.8,4747
31023,2012,3.2,4734
31023,2013,3.3,4775
31023,2014,2.9,4830
31023,2015,2.8,4757
31023,2016,3.2,4652
31023,2017,2.8,4606
31023,2018,2.4,4602
31023,2019,2.6,4679
31023,2020,3.4,4626
31023,2021,2.3,4674
31023,2022,1.7,4706
31025,2010,5.7,13387
31025,2011,5.3,13385
31025,2012,4.5,13282
31025,2013,4.2,13274
31025,2014,3.7,13244
31025,2015,3.3,13123
31025,2016,3.4,13217
31025,2017,3.2,13289
31025,2018,3.1,13494
31025,2019,3.4,13712
31025,2020,4.4,13481
31025,2021,2.8,13487
31025,2022,2.3,13583
31027,2010,3.6,4619
31027,2011,3.3,4710
31027,2012,2.8,4732
31027,2013,2.9,4718
31027,2014,2.3,4670
31027,2015,2.4,4660
31027,2016,2.5,4595
31027,2017,2.3,4511
31027,2018,2.4,4526
31027,2019,2.6,4582
31027,2020,2.7,4564
31027,2021,1.9,4633
31027,2022,1.8,4628
31029,2010,2.8,2289
31029,2011,2.5,2348
31029,2012,2.3,2369
31029,2013,2.3,2399
31029,2014,2.0,2349
31029,2015,1.9,2348
31029,2016,2.0,2304
31029,2017,1.9,2325
31029,2018,2.3,2304
31029,2019,2.3,2303
31029,2020,1.8,2289
31029,2021,1.7,2239
31029,2022,1.7,2280
31031,2010,3.0,3378
31031,2011,3.0,3454
31031,2012,2.8,3476
31031,2013,2.7,3480
31031,2014,2.4,3417
31031,2015,2.3,3463
31031,2016,2.3,3491
31031,2017,2.3,3423
31031,2018,2.2,3376
31031,2019,2.4,3411
31031,2020,2.5,3399
31031,2021,1.6,3447
31031,2022,1.6,3395
31033,2010,3.7,5549
31033,2011,3.0,5685
31033,2012,2.7,5778
31033,2013,2.8,5801
31033,2014,2.2,5751
31033,2015,2.2,5770
31033,2016,2.8,5483
31033,2017,2.9,5147
31033,2018,2.9,4756
31033,2019,3.7,4443
31033,2020,4.5,4290
31033,2021,2.9,4239
31033,2022,2.3,4228
31035,2010,4.3,3428
31035,2011,4.2,3485
31035,2012,3.6,3479
31035,2013,3.4,3492
31035,2014,3.2,3463
31035,2015,2.9,3387
31035,2016,3.1,3340
31035,2017,3.1,3308
31035,2018,3.2,3290
31035,2019,3.3,3339
31035,2020,3.3,3303
31035,2021,2.4,3246
31035,2022,2.2,3103
31037,2010,4.0,5650
31037,2011,3.9,5686
31037,2012,3.4,5653
31037,2013,3.4,5607
31037,2014,3.0,5625
31037,2015,2.6,5572
31037,2016,2.8,5582
31037,2017,2.4,5651
31037,2018,2.5,5659
31037,2019,2.7,5658
31037,2020,2.9,5676
31037,2021,2.0,5688
31037,2022,1.8,5755
31039,2010,3.7,4856
31039,2011,3.4,4925
31039,2012,3.0,4905
31039,2013,3.0,4945
31039,2014,2.6,4952
31039,2015,2.6,4858
31039,2016,2.9,4742
31039,2017,2.7,4774
31039,2018,2.5,4747
31039,2019,2.6,4807
31039,2020,2.6,4891
31039,2021,1.8,4907
31039,2022,1.8,4858
31041,2010,3.7,5977
31041,2011,3.4,6050
31041,2012,2.8,6098
31041,2013,2.7,6143
31041,2014,2.4,6138
31041,2015,2.2,6309
31041,2016,2.3,6387
31041,2017,2.2,6444
31041,2018,2.2,6500
31041,2019,2.4,6494
31041,2020,2.7,6428
31041,2021,1.7,6377
31041,2022,1.6,6362
31043,2010,7.5,11290
31043,2011,5.9,11018
31043,2012,5.6,11167
31043,2013,4.6,11174
31043,2014,3.7,11054
31043,2015,3.5,11038
31043,2016,4.1,10969
31043,2017,4.1,10733
31043,2018,3.6,10810
31043,2019,4.0,10880
31043,2020,4.8,10723
31043,2021,3.2,10775
31043,2022,2.6,10971
31045,2010,4.0,5490
31045,2011,3.9,5476
31045,2012,3.6,5405
31045,2013,3.5,5411
31045,2014,2.9,5288
31045,2015,2.6,5271
31045,2016,2.9,5243
31045,2017,2.8,5210
31045,2018,2.7,5082
31045,2019,2.9,5052
31045,2020,2.8,4986
31045,2021,2.0,4995
31045,2022,2.0,5024
31047,2010,5.0,13192
31047,2011,5.0,13194
31047,2012,4.2,13248
31047,2013,3.7,13230
31047,2014,3.4,13340
31047,2015,3.2,13115
31047,2016,2.9,13037
31047,2017,2.9,13060
31047,2018,2.9,13097
31047,2019,3.0,13249
31047,2020,3.4,13453
31047,2021,2.2,13489
31047,2022,2.3,13640
31049,2010,4.0,1030
31049,2011,3.5,1069
31049,2012,3.2,1190
31049,2013,3.3,1130
31049,2014,2.7,1092
31049,2015,2.5,1079
31049,2016,2.6,1067
31049,2017,2.6,1045
31049,2018,3.0,972
31049,2019,3.1,968
31049,2020,3.1,966
31049,2021,2.2,972
31049,2022,2.3,1022
31051,2010,4.9,3111
31051,2011,4.6,3162
31051,2012,4.0,3134
31051,2013,3.7,3112
31051,2014,3.0,3059
31051,2015,3.3,3094
31051,2016,3.3,3086
31051,2017,3.2,3043
31051,2018,3.1,3048
31051,2019,3.1,3032
31051,2020,3.3,2958
31051,2021,2.3,2972
31051,2022,2.0,3029
31053,2010,5.4,18827
31053,2011,4.9,19138
31053,2012,4.4,19229
31053,2013,4.1,19192
31053,2014,3.6,19232
31053,2015,3.2,19171
31053,2016,3.1,19237
31053,2017,2.8,19536
31053,2018,2.9,19647
31053,2019,3.0,19900
31053,2020,3.5,20310
31053,2021,2.4,20380
31053,2022,2.0,20685
31055,2010,5.2,278916
31055,2011,4.9,282153
31055,2012,4.3,285026
31055,2013,4.1,285565
31055,2014,3.6,286657
31055,2015,3.3,287891
31055,2016,3.3,289613
31055,2017,3.2,293773
31055,2018,3.2,298402
31055,2019,3.3,303880
31055,2020,5.1,302641
31055,2021,3.1,301813
31055,2022,2.5,303746
31057,2010,3.2,1215
31057,2011,2.9,1275
31057,2012,2.8,1279
31057,2013,2.7,1300
31057,2014,2.3,1278
31057,2015,2.1,1201
31057,2016,2.2,1202
31057,2017,2.4,1192
31057,2018,2.2,1164
31057,2019,2.6,1168
31057,2020,2.2,1168
31057,2021,1.6,1160
31057,2022,1.4,1178
31059,2010,3.8,3235
31059,2011,3.5,3325
31059,2012,3.2,3314
31059,2013,2.9,3296
31059,2014,2.4,3248
31059,2015,2.9,3221
31059,2016,2.7,3201
31059,2017,2.5,3134
31059,2018,2.6,3184
31059,2019,2.6,3208
31059,2020,2.8,3204
31059,2021,2.0,3284
31059,2022,1.7,3331
31061,2010,4.5,1633
31061,2011,4.2,1671
31061,2012,3.5,1641
31061,2013,3.4,1595
31061,2014,3.2,1577
31061,2015,2.4,1517
31061,2016,3.0,1509
31061,2017,3.0,1490
31061,2018,3.2,1492
31061,2019,3.3,1501
31061,2020,3.4,1482
31061,2021,2.2,1494
31061,2022,2.1,1548
31063,2010,3.8,1594
31063,2011,3.6,1603
31063,2012,3.1,1609
31063,2013,3.3,1593
31063,2014,2.8,1552
31063,2015,2.4,1538
31063,2016,2.8,1578
31063,2017,2.5,1575
31063,2018,2.6,1532
31063,2019,3.2,1633
31063,2020,2.9,1556
31063,2021,1.8,1566
31063,2022,2.0,1531
31065,2010,3.4,2656
31065,2011,3.6,2713
31065,2012,3.4,2683
31065,2013,3.4,2722
31065,2014,2.8,2711
31065,2015,2.6,2739
31065,2016,2.8,2731
31065,2017,2.4,2702
31065,2018,2.6,2657
31065,2019,2.8,2616
31065,2020,2.8,2616
31065,2021,2.0,2575
31065,2022,1.9,2538
31067,2010,5.9,11394
31067,2011,5.8,11196
31067,2012,4.8,11152
31067,2013,4.5,11088
31067,2014,4.1,11094
31067,2015,3.6,11090
31067,2016,3.3,11112
31067,2017,3.5,11062
31067,2018,3.3,11072
31067,2019,3.6,11162
31067,2020,4.0,10977
31067,2021,2.5,10887
31067,2022,2.4,10849
31069,2010,4.2,1265
31069,2011,3.6,1260
31069,2012,3.1,1258
31069,2013,2.8,1233
31069,2014,2.8,1194
31069,2015,2.4,1201
31069,2016,3.3,1194
31069,2017,2.8,1201
31069,2018,2.5,1198
31069,2019,3.0,1109
31069,2020,3.6,1082
31069,2021,2.1,1113
31069,2022,1.9,1119
31071,2010,3.2,1200
31071,2011,3.4,1206
31071,2012,3.0,1218
31071,2013,3.0,1228
31071,2014,2.6,1203
31071,2015,2.4,1198
31071,2016,2.5,1162
31071,2017,2.7,1168
31071,2018,2.5,1178
31071,2019,2.7,1165
31071,2020,2.0,1161
31071,2021,2.0,1145
31071,2022,1.9,1140
31073,2010,3.7,1145
31073,2011,3.5,1131
31073,2012,2.9,1143
31073,2013,3.4,1162
31073,2014,3.0,1137
31073,2015,2.4,1078
31073,2016,2.5,1062
31073,2017,2.7,1055
31073,2018,2.6,1071
31073,2019,2.7,1114
31073,2020,2.5,1112
31073,2021,1.7,1200
31073,2022,1.8,1205
31075,2010,3.8,420
31075,2011,3.3,454
31075,2012,3.4,439
31075,2013,3.3,419
31075,2014,2.3,429
31075,2015,2.3,437
31075,2016,2.2,455
31075,2017,2.3,443
31075,2018,2.6,424
31075,2019,2.7,415
31075,2020,1.9,419
31075,2021,1.4,424
31075,2022,1.4,416
31077,2010,3.7,1358
31077,2011,3.9,1362
31077,2012,3.5,1296
31077,2013,3.4,1296
31077,2014,3.2,1272
31077,2015,3.1,1253
31077,2016,3.1,1241
31077,2017,3.1,1232
31077,2018,2.7,1227
31077,2019,3.1,1241
31077,2020,3.0,1240
31077,2021,2.0,1224
31077,2022,1.8,1245
31079,2010,4.7,31476
31079,2011,4.5,32025
31079,2012,3.9,32587
31079,2013,3.6,32476
31079,2014,3.9,32417
31079,2015,3.9,31717
31079,2016,3.6,31581
31079,2017,3.5,31887
31079,2018,3.3,32272
31079,2019,3.6,32346
31079,2020,5.8,32250
31079,2021,3.0,32416
31079,2022,2.2,32852
31081,2010,3.8,4799
31081,2011,3.8,4834
31081,2012,3.2,4834
31081,2013,3.1,4838
31081,2014,3.0,4766
31081,2015,2.9,4690
31081,2016,2.8,4679
31081,2017,2.5,4725
31081,2018,2.5,4803
31081,2019,3.1,4873
31081,2020,3.7,4780
31081,2021,2.2,4842
31081,2022,1.9,4925
31083,2010,3.3,1890
31083,2011,3.3,1895
31083,2012,3.1,1874
31083,2013,3.0,1857
31083,2014,2.6,1803
31083,2015,2.1,1793
31083,2016,2.5,1767
31083,2017,2.6,1789
31083,2018,2.4,1792
31083,2019,2.8,1802
31083,2020,2.9,1753
31083,2021,2.0,1784
31083,2022,1.8,1810
31085,2010,3.6,640
31085,2011,3.1,679
31085,2012,2.9,663
31085,2013,3.3,645
31085,2014,2.9,629
31085,2015,2.3,618
31085,2016,2.4,593
31085,2017,2.4,577
31085,2018,2.1,606
31085,2019,2.7,626
31085,2020,2.2,633
31085,2021,1.5,611
31085,2022,1.5,597
31087,2010,5.2,1398
31087,2011,4.9,1377
31087,2012,4.0,1356
31087,2013,4.0,1359
31087,2014,3.4,1342
31087,2015,3.2,1326
31087,2016,3.6,1313
31087,2017,3.5,1274
31087,2018,3.5,1271
31087,2019,3.4,1275
31087,2020,3.5,1322
31087,2021,2.3,1317
31087,2022,2.2,1299
31089,2010,3.7,5822
31089,2011,3.4,5942
31089,2012,3.1,5960
31089,2013,3.1,5995
31089,2014,2.6,5925
31089,2015,2.4,5890
31089,2016,2.5,5892
31089,2017,2.5,5805
31089,2018,2.6,5814
31089,2019,2.6,5809
31089,2020,2.5,5770
31089,2021,1.8,5688
31089,2022,1.7,5676
31091,2010,5.1,409
31091,2011,4.5,446
31091,2012,4.6,438
31091,2013,4.6,433
31091,2014,4.2,424
31091,2015,4.2,406
31091,2016,3.6,394
31091,2017,3.8,399
31091,2018,3.7,406
31091,2019,3.1,424
31091,2020,2.7,409
31091,2021,1.7,423
31091,2022,2.7,407
31093,2010,4.5,3342
31093,2011,4.1,3396
31093,2012,3.5,3416
31093,2013,3.6,3413
31093,2014,3.7,3369
31093,2015,3.6,3322
31093,2016,3.3,3318
31093,2017,3.1,3349
31093,2018,3.1,3394
31093,2019,3.6,3413
31093,2020,4.4,3405
31093,2021,2.3,3430
31093,2022,1.9,3491
31095,2010,4.8,4245
31095,2011,4.3,4377
31095,2012,3.7,4313
31095,2013,3.6,4332
31095,2014,3.0,4302
31095,2015,2.7,4291
31095,2016,2.4,4245
31095,2017,2.5,4235
31095,2018,2.5,4205
31095,2019,2.8,4199
31095,2020,2.8,4237
31095,2021,1.9,4188
31095,2022,1.8,4186
31097,2010,4.7,2340
31097,2011,4.8,2216
31097,2012,4.2,2188
31097,2013,4.2,2178
31097,2014,3.8,2169
31097,2015,3.3,2132
31097,2016,3.1,2103
31097,2017,3.4,2095
31097,2018,3.6,2099
31097,2019,3.5,2088
31097,2020,3.9,2078
31097,2021,3.0,2001
31097,2022,2.6,2013
31099,2010,3.6,3790
31099,2011,3.3,3906
31099,2012,2.8,3927
31099,2013,2.7,3893
31099,2014,2.4,3851
31099,2015,2.2,3807
31099,2016,2.3,3761
31099,2017,2.2,3791
31099,2018,2.1,3803
31099,2019,2.3,3836
31099,2020,3.3,3843
31099,2021,1.9,3819
31099,2022,1.7,3731
31101,2010,4.3,4578
31101,2011,4.1,4656
31101,2012,3.6,4655
31101,2013,3.5,4697
31101,2014,2.8,4668
31101,2015,2.7,4702
31101,2016,2.9,4643
31101,2017,3.1,4633
31101,2018,3.1,4604
31101,2019,3.3,4670
31101,2020,3.2,4668
31101,2021,2.1,4657
31101,2022,1.7,4674
31103,2010,3.7,568
31103,2011,3.0,602
31103,2012,3.0,605
31103,2013,3.3,609
31103,2014,2.7,620
31103,2015,2.1,663
31103,2016,2.1,623
31103,2017,2.5,612
31103,2018,2.3,602
31103,2019,2.7,595
31103,2020,2.2,585
31103,2021,1.7,584
31103,2022,2.0,548
31105,2010,4.8,2120
31105,2011,3.6,2181
31105,2012,3.2,2218
31105,2013,3.2,2192
31105,2014,2.5,2229
31105,2015,3.5,2059
31105,2016,4.0,1982
31105,2017,2.9,1991
31105,2018,2.7,2044
31105,2019,3.1,2054
31105,2020,3.6,1987
31105,2021,2.3,1950
31105,2022,1.7,1950
31107,2010,4.2,4744
31107,2011,3.9,4765
31107,2012,3.3,4781
31107,2013,3.4,4792
31107,2014,3.1,4735
31107,2015,3.2,4736
31107,2016,3.0,4745
31107,2017,3.5,4734
31107,2018,3.2,4690
31107,2019,3.0,4667
31107,2020,3.0,4690
31107,2021,2.1,4670
31107,2022,2.1,4668
31109,2010,4.3,162326
31109,2011,4.0,164218
31109,2012,3.5,167268
31109,2013,3.4,168376
31109,2014,3.0,168083
31109,2015,2.6,168174
31109,2016,2.8,169981
31109,2017,2.7,172124
31109,2018,2.6,176934
31109,2019,2.8,179733
31109,2020,4.3,178492
31109,2021,2.5,177655
31109,2022,2.0,179486
31111,2010,4.6,19374
31111,2011,4.4,19429
31111,2012,3.8,19236
31111,2013,3.7,19181
31111,2014,3.2,18742
31111,2015,2.9,18611
31111,2016,3.1,18815
31111,2017,3.1,18625
31111,2018,3.1,18526
31111,2019,3.5,18566
31111,2020,4.0,18542
31111,2021,2.3,18501
31111,2022,2.0,18408
31113,2010,4.7,492
31113,2011,3.5,509
31113,2012,3.0,504
31113,2013,3.2,502
31113,2014,3.0,495
31113,2015,3.0,495
31113,2016,2.9,486
31113,2017,2.7,475
31113,2018,3.0,471
31113,2019,2.9,478
31113,2020,2.5,476
31113,2021,1.7,470
31113,2022,2.1,483
31115,2010,5.7,368
31115,2011,4.7,379
31115,2012,3.6,391
31115,2013,4.5,377
31115,2014,3.9,382
31115,2015,3.4,379
31115,2016,3.5,398
31115,2017,3.0,402
31115,2018,3.2,403
31115,2019,4.0,421
31115,2020,3.2,409
31115,2021,2.2,404
31115,2022,2.4,410
31117,2010,2.8,352
31117,2011,2.5,366
31117,2012,3.3,359
31117,2013,3.8,371
31117,2014,2.3,439
31117,2015,1.9,462
31117,2016,2.4,466
31117,2017,2.2,456
31117,2018,2.7,447
31117,2019,2.7,452
31117,2020,2.5,443
31117,2021,1.9,432
31117,2022,1.6,434
31119,2010,4.3,18923
31119,2011,4.1,19098
31119,2012,3.6,19170
31119,2013,3.4,19293
31119,2014,2.9,19497
31119,2015,2.7,19284
31119,2016,2.7,19266
31119,2017,2.7,19434
31119,2018,2.6,19709
31119,2019,2.8,20090
31119,2020,3.9,19825
31119,2021,2.5,19916
31119,2022,2.0,19881
31121,2010,4.6,4193
31121,2011,4.3,4175
31121,2012,3.6,4224
31121,2013,3.6,4195
31121,2014,3.8,4116
31121,2015,3.7,4043
31121,2016,3.6,4056
31121,2017,2.8,4092
31121,2018,2.9,4050
31121,2019,3.3,4095
31121,2020,4.0,4084
31121,2021,2.4,4135
31121,2022,1.8,4195
31123,2010,4.2,2646
31123,2011,3.4,2659
31123,2012,3.1,2698
31123,2013,3.1,2746
31123,2014,3.0,2683
31123,2015,2.9,2661
31123,2016,3.2,2663
31123,2017,3.0,2631
31123,2018,2.8,2615
31123,2019,2.9,2639
31123,2020,3.6,2640
31123,2021,2.5,2635
31123,2022,2.0,2660
31125,2010,4.0,1977
31125,2011,3.7,2064
31125,2012,3.2,2094
31125,2013,3.1,2072
31125,2014,2.7,2072
31125,2015,2.5,2073
31125,2016,2.7,2011
31125,2017,2.5,2037
31125,2018,2.5,2036
31125,2019,3.1,2010
31125,2020,3.2,1976
31125,2021,2.0,1954
31125,2022,1.9,1960
31127,2010,5.4,3846
31127,2011,5.0,3963
31127,2012,4.7,3877
31127,2013,4.9,3810
31127,2014,3.8,3728
31127,2015,3.6,3704
31127,2016,3.6,3637
31127,2017,3.9,3637
31127,2018,3.5,3656
31127,2019,3.7,3673
31127,2020,3.6,3626
31127,2021,2.3,3636
31127,2022,2.2,3611
31129,2010,4.2,2438
31129,2011,3.6,2497
31129,2012,3.4,2471
31129,2013,3.1,2450
31129,2014,2.8,2405
31129,2015,2.6,2391
31129,2016,2.9,2380
31129,2017,2.7,2383
31129,2018,2.8,2408
31129,2019,2.8,2427
31129,2020,2.7,2478
31129,2021,1.9,2479
31129,2022,2.0,2488
31131,2010,5.1,8465
31131,2011,5.1,8558
31131,2012,4.4,8493
31131,2013,4.2,8409
31131,2014,3.7,8248
31131,2015,3.3,8232
31131,2016,3.4,8307
31131,2017,3.4,8232
31131,2018,2.9,8262
31131,2019,3.2,8525
31131,2020,3.6,8453
31131,2021,2.4,8537
31131,2022,2.1,8549
31133,2010,4.0,1583
31133,2011,3.7,1654
31133,2012,3.2,1638
31133,2013,3.0,1679
31133,2014,2.8,1654
31133,2015,2.6,1678
31133,2016,2.2,1663
31133,2017,3.0,1517
31133,2018,2.6,1491
31133,2019,2.9,1495
31133,2020,2.7,1503
31133,2021,1.9,1520
31133,2022,2.0,1492
31135,2010,3.4,1766
31135,2011,2.9,1803
31135,2012,2.6,1826
31135,2013,2.5,1817
31135,2014,2.1,1853
31135,2015,1.8,1842
31135,2016,2.2,1830
31135,2017,1.9,1823
31135,2018,2.0,1841
31135,2019,2.3,1842
31135,2020,1.8,1860
31135,2021,1.4,1858
31135,2022,1.6,1858
31137,2010,3.6,4950
31137,2011,3.7,5015
31137,2012,2.9,5040
31137,2013,2.9,5077
31137,2014,2.6,5056
31137,2015,2.4,5013
31137,2016,2.5,4957
31137,2017,2.3,4950
31137,2018,2.3,4948
31137,2019,2.7,5040
31137,2020,3.0,5012
31137,2021,1.8,4948
31137,2022,1.8,5006
31139,2010,3.7,4169
31139,2011,3.5,4213
31139,2012,3.2,4188
31139,2013,3.3,4210
31139,2014,2.9,4242
31139,2015,2.5,4183
31139,2016,2.6,4168
31139,2017,2.7,4155
31139,2018,2.7,4149
31139,2019,2.7,4154
31139,2020,3.3,4178
31139,2021,2.3,4162
31139,2022,1.8,4213
31141,2010,4.3,17629
31141,2011,4.2,17832
31141,2012,3.6,18009
31141,2013,3.4,17693
31141,2014,3.0,17325
31141,2015,3.0,17209
31141,2016,3.5,17068
31141,2017,2.9,17406
31141,2018,2.7,17629
31141,2019,3.0,17924
31141,2020,3.7,17949
31141,2021,2.3,18201
31141,2022,1.9,18436
31143,2010,4.1,2954
31143,2011,3.4,3001
31143,2012,3.0,2987
31143,2013,3.3,2991
31143,2014,3.2,2964
31143,2015,2.5,2921
31143,2016,2.7,2898
31143,2017,2.4,2919
31143,2018,2.4,2930
31143,2019,2.8,2960
31143,2020,3.1,2947
31143,2021,1.9,2933
31143,2022,1.8,2925
31145,2010,3.7,6206
31145,2011,3.5,6290
31145,2012,3.2,6345
31145,2013,2.9,6418
31145,2014,2.6,6292
31145,2015,2.6,6126
31145,2016,2.8,6009
31145,2017,2.6,5894
31145,2018,2.4,5904
31145,2019,2.7,5929
31145,2020,3.3,5887
31145,2021,2.1,5849
31145,2022,1.8,5925
31147,2010,6.3,4323
31147,2011,6.0,4406
31147,2012,5.0,4396
31147,2013,4.4,4351
31147,2014,3.6,4279
31147,2015,3.2,4317
31147,2016,3.2,4261
31147,2017,3.3,4251
31147,2018,3.1,4291
31147,2019,3.2,4298
31147,2020,3.3,4240
31147,2021,2.5,4252
31147,2022,1.9,4158
31149,2010,2.9,890
31149,2011,2.7,900
31149,2012,2.5,879
31149,2013,3.1,884
31149,2014,2.6,884
31149,2015,2.7,862
31149,2016,2.6,896
31149,2017,2.6,913
31149,2018,2.4,898
31149,2019,3.1,882
31149,2020,2.1,889
31149,2021,1.5,880
31149,2022,1.6,898
31151,2010,4.8,7277
31151,2011,4.7,7346
31151,2012,4.2,7348
31151,2013,4.2,7374
31151,2014,3.4,7237
31151,2015,2.9,7308
31151,2016,3.1,7391
31151,2017,3.1,7463
31151,2018,3.1,7521
31151,2019,3.3,7486
31151,2020,3.6,7379
31151,2021,2.4,7259
31151,2022,2.4,7211
31153,2010,4.5,84801
31153,2011,4.2,86383
31153,2012,3.8,87890
31153,2013,3.5,88979
31153,2014,3.1,89873
31153,2015,2.8,91004
31153,2016,2.9,92568
31153,2017,2.8,94047
31153,2018,2.8,96163
31153,2019,2.9,98632
31153,2020,4.1,97950
31153,2021,2.5,98031
31153,2022,2.1,98999
31155,2010,4.9,11164
31155,2011,4.6,11206
31155,2012,4.1,11167
31155,2013,3.9,11139
31155,2014,3.5,11025
31155,2015,3.1,10970
31155,2016,3.1,10935
31155,2017,2.8,10937
31155,2018,2.8,11144
31155,2019,2.8,11393
31155,2020,3.7,11388
31155,2021,2.3,11425
31155,2022,1.9,11493
31157,2010,5.6,19176
31157,2011,5.0,19216
31157,2012,4.6,19192
31157,2013,4.1,19093
31157,2014,3.6,18764
31157,2015,3.4,18734
31157,2016,3.5,18951
31157,2017,3.5,18557
31157,2018,3.3,18626
31157,2019,3.8,18505
31157,2020,4.2,18289
31157,2021,2.9,18092
31157,2022,2.4,17973
31159,2010,4.1,8752
31159,2011,3.9,8770
31159,2012,3.4,8939
31159,2013,3.6,8992
31159,2014,3.1,8851
31159,2015,2.9,8731
31159,2016,2.9,8802
31159,2017,2.7,8695
31159,2018,2.7,8909
31159,2019,3.0,8999
31159,2020,4.1,8852
31159,2021,2.6,8809
31159,2022,2.0,8874
31161,2010,3.6,2817
31161,2011,3.6,2833
31161,2012,3.5,2801
31161,2013,3.2,2792
31161,2014,2.6,2782
31161,2015,2.7,2741
31161,2016,2.8,2753
31161,2017,2.7,2739
31161,2018,2.6,2710
31161,2019,2.8,2712
31161,2020,2.4,2735
31161,2021,1.9,2746
31161,2022,1.9,2781
31163,2010,4.1,1727
31163,2011,4.3,1759
31163,2012,3.7,1747
31163,2013,3.3,1735
31163,2014,3.3,1728
31163,2015,2.9,1715
31163,2016,3.2,1726
31163,2017,2.9,1709
31163,2018,2.7,1714
31163,2019,3.3,1698
31163,2020,3.2,1679
31163,2021,2.2,1687
31163,2022,2.1,1654
31165,2010,3.8,834
31165,2011,3.4,844
31165,2012,3.5,840
31165,2013,3.2,803
31165,2014,2.5,807
31165,2015,2.5,791
31165,2016,2.7,788
31165,2017,3.0,762
31165,2018,2.7,750
31165,2019,2.8,752
31165,2020,2.2,767
31165,2021,1.8,766
31165,2022,1.8,768
31167,2010,4.2,3579
31167,2011,3.7,3630
31167,2012,3.4,3667
31167,2013,3.3,3681
31167,2014,2.8,3578
31167,2015,2.5,3518
31167,2016,2.6,3460
31167,2017,2.8,3509
31167,2018,2.6,3524
31167,2019,2.6,3556
31167,2020,3.4,3559
31167,2021,2.2,3593
31167,2022,1.9,3567
31169,2010,3.9,2799
31169,2011,3.3,2927
31169,2012,3.0,3003
31169,2013,2.7,3048
31169,2014,2.5,3034
31169,2015,2.4,2978
31169,2016,2.4,2919
31169,2017,2.3,2889
31169,2018,2.3,2888
31169,2019,2.7,2819
31169,2020,2.8,2790
31169,2021,1.7,2696
31169,2022,1.8,2706
31171,2010,4.8,395
31171,2011,5.2,426
31171,2012,3.8,426
31171,2013,3.8,453
31171,2014,3.5,428
31171,2015,3.0,437
31171,2016,3.3,451
31171,2017,3.2,440
31171,2018,2.9,442
31171,2019,3.7,432
31171,2020,4.0,430
31171,2021,2.5,432
31171,2022,2.4,456
31173,2010,9.7,3053
31173,2011,10.2,3124
31173,2012,8.5,3135
31173,2013,7.5,3091
31173,2014,6.0,3021
31173,2015,5.3,2982
31173,2016,4.8,2995
31173,2017,5.0,3042
31173,2018,4.2,3013
31173,2019,4.6,3089
31173,2020,5.2,3128
31173,2021,3.5,3197
31173,2022,3.1,3237
31175,2010,4.5,2139
31175,2011,4.0,2149
31175,2012,3.4,2148
31175,2013,3.2,2136
31175,2014,3.0,2119
31175,2015,2.8,2071
31175,2016,2.8,2104
31175,2017,2.7,2130
31175,2018,3.0,2107
31175,2019,3.3,2158
31175,2020,2.8,2141
31175,2021,2.2,2108
31175,2022,2.0,2111
31177,2010,4.7,11217
31177,2011,4.4,11245
31177,2012,3.7,11206
31177,2013,3.6,11103
31177,2014,3.2,11050
31177,2015,3.0,10980
31177,2016,3.2,11169
31177,2017,3.1,11248
31177,2018,2.9,11243
31177,2019,3.0,11386
31177,2020,3.7,11271
31177,2021,2.4,11304
31177,2022,2.0,11412
31179,2010,3.9,5662
31179,2011,3.5,5610
31179,2012,3.1,5717
31179,2013,3.1,5671
31179,2014,2.8,5571
31179,2015,2.6,5563
31179,2016,2.7,5656
31179,2017,2.4,5706
31179,2018,2.5,5759
31179,2019,2.7,5841
31179,2020,2.8,5714
31179,2021,2.0,5718
31179,2022,2.0,5725
31181,2010,4.9,1704
31181,2011,4.6,1736
31181,2012,3.6,1743
31181,2013,3.8,1741
31181,2014,3.4,1730
31181,2015,3.5,1732
31181,2016,3.1,1722
31181,2017,3.0,1678
31181,2018,2.9,1667
31181,2019,3.5,1693
31181,2020,3.7,1663
31181,2021,2.1,1652
31181,2022,2.3,1673
31183,2010,3.9,514
31183,2011,3.2,524
31183,2012,3.3,521
31183,2013,3.2,524
31183,2014,2.9,559
31183,2015,2.3,564
31183,2016,2.1,569
31183,2017,2.2,589
31183,2018,2.4,580
31183,2019,2.8,575
31183,2020,1.9,569
31183,2021,1.3,554
31183,2022,1.4,560
31185,2010,4.7,7401
31185,2011,4.3,7518
31185,2012,3.6,7585
31185,2013,3.5,7481
31185,2014,3.1,7400
31185,2015,2.9,7368
31185,2016,2.7,7365
31185,2017,2.6,7395
31185,2018,2.6,7393
31185,2019,2.7,7394
31185,2020,3.4,7329
31185,2021,2.0,7301
31185,2022,2.0,7418
39001,2010,16.0,11899
39001,2011,14.3,11489
39001,2012,12.5,10773
39001,2013,12.7,10684
39001,2014,9.2,10542
39001,2015,7.9,10722
39001,2016,7.6,10987
39001,2017,7.2,10960
39001,2018,7.0,10957
39001,2019,6.9,10894
39001,2020,9.3,10861
39001,2021,6.4,10897
39001,2022,5.4,10964
39003,2010,10.7,52085
39003,2011,9.5,50812
39003,2012,7.7,49967
39003,2013,7.8,49437
39003,2014,5.8,48478
39003,2015,4.9,47999
39003,2016,5.0,48450
39003,2017,5.0,48876
39003,2018,4.5,48155
39003,2019,4.1,48290
39003,2020,8.6,47796
39003,2021,5.8,47201
39003,2022,4.2,46717
39005,2010,11.9,26666
39005,2011,9.9,26067
39005,2012,8.0,25832
39005,2013,8.1,25506
39005,2014,6.0,25616
39005,2015,5.1,26064
39005,2016,5.1,26365
39005,2017,4.9,26390
39005,2018,4.6,26315
39005,2019,4.2,27041
39005,2020,6.5,26273
39005,2021,4.4,26114
39005,2022,3.9,25920
39007,2010,13.0,48478
39007,2011,10.9,47442
39007,2012,9.4,46455
39007,2013,9.5,45988
39007,2014,7.2,45049
39007,2015,6.0,44504
39007,2016,6.1,44399
39007,2017,5.9,44402
39007,2018,5.2,44654
39007,2019,4.8,44906
39007,2020,8.3,43672
39007,2021,5.6,42982
39007,2022,4.4,42858
39009,2010,10.7,28676
39009,2011,9.9,27780
39009,2012,8.5,27602
39009,2013,9.0,27486
39009,2014,6.9,27676
39009,2015,6.3,28006
39009,2016,6.4,28129
39009,2017,6.0,28497
39009,2018,5.6,28009
39009,2019,5.3,28124
39009,2020,7.6,26347
39009,2021,5.6,25686
39009,2022,4.8,26044
39011,2010,10.0,24596
39011,2011,8.1,24060
39011,2012,6.2,23958
39011,2013,5.9,23948
39011,2014,4.3,24202
39011,2015,3.7,24530
39011,2016,3.8,24716
39011,2017,3.7,24833
39011,2018,3.3,24771
39011,2019,3.0,25172
39011,2020,6.9,24505
39011,2021,3.8,24168
39011,2022,3.1,23978
39013,2010,11.3,33517
39013,2011,9.5,32198
39013,2012,8.2,31743
39013,2013,8.2,31938
39013,2014,6.7,31908
39013,2015,6.4,31259
39013,2016,7.5,31137
39013,2017,6.3,30531
39013,2018,5.5,30706
39013,2019,5.7,30243
39013,2020,10.1,28506
39013,2021,6.2,27667
39013,2022,5.1,27464
39015,2010,13.3,21156
39015,2011,11.8,20598
39015,2012,10.0,20153
39015,2013,10.1,20069
39015,2014,7.4,19736
39015,2015,6.3,19554
39015,2016,5.8,19569
39015,2017,5.7,19608
39015,2018,5.4,19554
39015,2019,5.0,19696
39015,2020,8.3,19248
39015,2021,5.4,19296
39015,2022,4.5,19466
39017,2010,10.1,191057
39017,2011,9.1,188430
39017,2012,7.7,186571
39017,2013,7.5,186175
39017,2014,5.5,187055
39017,2015,4.6,188071
39017,2016,4.5,190182
39017,2017,4.4,193539
39017,2018,4.1,194634
39017,2019,3.8,197261
39017,2020,7.3,193650
39017,2021,4.5,194483
39017,2022,3.6,196838
39019,2010,13.0,14393
39019,2011,10.2,14069
39019,2012,7.9,13798
39019,2013,7.9,13691
39019,2014,6.1,13608
39019,2015,6.0,13394
39019,2016,6.9,13491
39019,2017,5.8,13323
39019,2018,5.3,13045
39019,2019,5.0,13031
39019,2020,8.8,12837
39019,2021,5.7,12664
39019,2022,4.3,12509
39021,2010,11.6,20007
39021,2011,9.4,19469
39021,2012,7.4,19382
39021,2013,6.9,20001
39021,2014,5.1,19984
39021,2015,4.4,19939
39021,2016,4.5,19958
39021,2017,4.1,20023
39021,2018,3.8,20010
39021,2019,3.7,20241
39021,2020,7.2,19786
39021,2021,4.5,19244
39021,2022,3.7,19193
39023,2010,11.1,68389
39023,2011,9.5,67369
39023,2012,7.8,65897
39023,2013,7.5,65907
39023,2014,5.8,65151
39023,2015,5.1,64293
39023,2016,5.3,63827
39023,2017,4.8,64040
39023,2018,4.6,63429
39023,2019,4.3,63886
39023,2020,8.1,62619
39023,2021,5.4,62371
39023,2022,4.1,62666
39025,2010,10.4,105031
39025,2011,9.2,103364
39025,2012,7.4,102152
39025,2013,7.3,102435
39025,2014,5.5,102852
39025,2015,4.6,103007
39025,2016,4.5,104313
39025,2017,4.4,105868
39025,2018,4.1,106580
39025,2019,3.8,108307
39025,2020,6.9,105837
39025,2021,4.4,106598
39025,2022,3.6,107937
39027,2010,17.1,19280
39027,2011,13.5,17993
39027,2012,10.7,17289
39027,2013,10.4,17078
39027,2014,7.7,16989
39027,2015,6.3,16744
39027,2016,5.9,17238
39027,2017,5.5,17524
39027,2018,5.2,17647
39027,2019,4.7,17855
39027,2020,8.4,17678
39027,2021,5.5,17804
39027,2022,4.4,17867
39029,2010,12.6,52957
39029,2011,10.1,51706
39029,2012,8.2,50915
39029,2013,8.2,50530
39029,2014,6.5,50234
39029,2015,5.9,49555
39029,2016,6.7,48577
39029,2017,5.9,47950
39029,2018,5.1,47496
39029,2019,4.9,47842
39029,2020,9.4,47039
39029,2021,5.8,45490
39029,2022,4.6,44774
39031,2010,12.7,17497
39031,2011,11.4,16748
39031,2012,10.0,16212
39031,2013,9.7,16342
39031,2014,7.5,15813
39031,2015,6.4,15907
39031,2016,7.1,15054
39031,2017,6.8,14761
39031,2018,6.2,14486
39031,2019,5.9,14508
39031,2020,8.9,14092
39031,2021,5.9,13703
39031,2022,4.9,13663
39033,2010,12.9,20992
39033,2011,11.5,20738
39033,2012,9.0,20314
39033,2013,9.1,19702
39033,2014,6.7,19635
39033,2015,5.9,19142
39033,2016,6.1,19246
39033,2017,5.7,18925
39033,2018,5.2,18122
39033,2019,4.7,18422
39033,2020,9.3,18530
39033,2021,5.9,17928
39033,2022,4.8,17652
39035,2010,8.6,641986
39035,2011,7.6,632371
39035,2012,6.8,621812
39035,2013,7.0,617919
39035,2014,6.3,615565
39035,2015,5.2,609062
39035,2016,5.6,612160
39035,2017,5.8,623383
39035,2018,4.8,623754
39035,2019,4.2,627887
39035,2020,10.5,599293
39035,2021,6.2,595435
39035,2022,4.8,600431
39037,2010,11.3,27089
39037,2011,9.2,26577
39037,2012,7.2,26574
39037,2013,7.0,26381
39037,2014,5.3,26207
39037,2015,4.3,26302
39037,2016,4.1,26477
39037,2017,4.2,26440
39037,2018,3.9,25998
39037,2019,3.7,26024
39037,2020,6.7,25638
39037,2021,4.0,25489
39037,2022,3.5,25537
39039,2010,12.2,19999
39039,2011,9.6,19190
39039,2012,7.7,18996
39039,2013,7.5,18926
39039,2014,5.5,19004
39039,2015,5.0,18736
39039,2016,5.0,18453
39039,2017,4.8,18505
39039,2018,4.4,18299
39039,2019,4.3,18212
39039,2020,8.2,17731
39039,2021,4.8,17463
39039,2022,4.0,17324
39041,2010,7.3,94360
39041,2011,6.2,94934
39041,2012,5.2,95998
39041,2013,5.3,98027
39041,2014,4.1,100665
39041,2015,3.6,102670
39041,2016,3.6,105264
39041,2017,3.5,107744
39041,2018,3.4,109612
39041,2019,3.2,113152
39041,2020,5.4,112054
39041,2021,3.7,113880
39041,2022,3.0,115171
39043,2010,11.3,40234
39043,2011,9.5,39703
39043,2012,8.0,38645
39043,2013,8.1,38526
39043,2014,6.4,37512
39043,2015,5.6,37487
39043,2016,5.5,37574
39043,2017,6.1,38352
39043,2018,5.6,38110
39043,2019,5.0,37689
39043,2020,10.4,36471
39043,2021,6.4,36896
39043,2022,4.9,36512
39045,2010,9.3,74397
39045,2011,8.1,73783
39045,2012,6.6,73353
39045,2013,6.6,73998
39045,2014,5.2,74858
39045,2015,4.4,75125
39045,2016,4.3,76253
39045,2017,4.3,77538
39045,2018,4.1,77580
39045,2019,3.8,79238
39045,2020,6.6,78532
39045,2021,4.4,79302
39045,2022,3.5,80029
39047,2010,13.1,14926
39047,2011,10.5,14326
39047,2012,8.3,14118
39047,2013,7.6,14369
39047,2014,6.0,14173
39047,2015,5.0,14069
39047,2016,4.5,14545
39047,2017,4.2,14465
39047,2018,4.1,14171
39047,2019,3.9,14003
39047,2020,7.4,13939
39047,2021,4.9,13639
39047,2022,3.9,13670
39049,2010,8.9,627864
39049,2011,7.8,625753
39049,2012,6.4,630411
39049,2013,6.4,638429
39049,2014,4.9,649140
39049,2015,4.1,657983
39049,2016,4.1,669446
39049,2017,4.1,686535
39049,2018,3.8,693272
39049,2019,3.6,703887
39049,2020,7.6,699696
39049,2021,5.0,704306
39049,2022,3.4,706390
39051,2010,11.9,23178
39051,2011,9.6,22571
39051,2012,7.7,22431
39051,2013,7.9,22435
39051,2014,5.9,22423
39051,2015,4.9,22512
39051,2016,4.7,22766
39051,2017,4.9,22592
39051,2018,4.4,22444
39051,2019,4.2,22652
39051,2020,7.9,21752
39051,2021,4.8,21508
39051,2022,4.0,21626
39053,2010,11.8,13606
39053,2011,11.2,12996
39053,2012,9.7,12652
39053,2013,9.7,12504
39053,2014,7.7,12439
39053,2015,6.6,12247
39053,2016,6.9,12176
39053,2017,6.6,12350
39053,2018,6.0,12359
39053,2019,5.4,12336
39053,2020,8.0,12200
39053,2021,5.7,12011
39053,2022,4.7,12041
39055,2010,6.9,49770
39055,2011,6.0,49369
39055,2012,5.4,49043
39055,2013,5.8,48934
39055,2014,5.0,49017
39055,2015,4.2,48701
39055,2016,4.5,49049
39055,2017,4.7,49774
39055,2018,4.0,49970
39055,2019,3.5,50501
39055,2020,6.7,46860
39055,2021,4.0,47503
39055,2022,3.9,48394
39057,2010,9.6,82209
39057,2011,8.2,81574
39057,2012,6.9,80663
39057,2013,7.0,79358
39057,2014,5.2,79935
39057,2015,4.4,80645
39057,2016,4.4,81414
39057,2017,4.3,82947
39057,2018,4.0,83164
39057,2019,3.8,84343
39057,2020,6.5,82185
39057,2021,4.4,81639
39057,2022,3.6,81766
39059,2010,12.8,18884
39059,2011,10.8,18421
39059,2012,9.0,18235
39059,2013,8.6,18533
39059,2014,6.7,19140
39059,2015,6.3,19270
39059,2016,7.1,18968
39059,2017,6.0,19052
39059,2018,5.5,18857
39059,2019,5.5,18781
39059,2020,8.7,18254
39059,2021,5.6,17741
39059,2022,4.9,17729
39061,2010,9.9,414321
39061,2011,8.8,406356
39061,2012,7.4,402186
39061,2013,7.3,402152
39061,2014,5.5,402530
39061,2015,4.5,402777
39061,2016,4.5,406542
39061,2017,4.4,412841
39061,2018,4.1,414927
39061,2019,3.8,420336
39061,2020,7.9,412765
39061,2021,4.9,413635
39061,2022,3.6,416987
39063,2010,9.1,40514
39063,2011,7.8,39966
39063,2012,6.4,39807
39063,2013,6.2,40172
39063,2014,4.4,40551
39063,2015,3.7,40887
39063,2016,3.7,41625
39063,2017,3.6,41831
39063,2018,3.4,41580
39063,2019,3.2,42288
39063,2020,6.8,41435
39063,2021,4.2,40717
39063,2022,3.3,40188
39065,2010,11.2,15501
39065,2011,9.5,15059
39065,2012,7.5,14895
39065,2013,7.7,14924
39065,2014,5.7,15147
39065,2015,4.9,14544
39065,2016,5.0,14434
39065,2017,4.9,14429
39065,2018,4.4,14094
39065,2019,4.2,14033
39065,2020,8.1,13920
39065,2021,5.2,13506
39065,2022,4.2,13131
39067,2010,12.5,7251
39067,2011,10.6,7005
39067,2012,8.5,6977
39067,2013,7.9,7285
39067,2014,6.0,7374
39067,2015,6.4,7208
39067,2016,7.7,6998
39067,2017,6.0,7173
39067,2018,5.2,6965
39067,2019,5.3,6886
39067,2020,9.3,6682
39067,2021,6.3,6464
39067,2022,4.9,6463
39069,2010,13.1,14656
39069,2011,10.7,14356
39069,2012,8.7,14125
39069,2013,8.8,14016
39069,2014,6.5,13786
39069,2015,5.7,13595
39069,2016,5.4,13660
39069,2017,5.2,13597
39069,2018,4.9,13372
39069,2019,4.7,13295
39069,2020,8.1,13001
39069,2021,5.2,12695
39069,2022,4.5,12694
39071,2010,17.3,19215
39071,2011,13.4,18056
39071,2012,10.4,17613
39071,2013,10.5,17496
39071,2014,7.8,17370
39071,2015,6.4,16995
39071,2016,6.4,16998
39071,2017,5.9,17233
39071,2018,5.5,17235
39071,2019,5.2,17234
39071,2020,8.7,17399
39071,2021,5.8,17209
39071,2022,4.9,17317
39073,2010,11.7,14062
39073,2011,9.9,13765
39073,2012,8.3,13555
39073,2013,8.1,13191
39073,2014,6.5,13213
39073,2015,5.7,13057
39073,2016,5.6,13063
39073,2017,5.4,13148
39073,2018,5.1,13032
39073,2019,4.7,13086
39073,2020,7.5,12708
39073,2021,4.9,12792
39073,2022,4.1,12915
39075,2010,7.7,19325
39075,2011,6.3,19537
39075,2012,5.1,19755
39075,2013,5.2,20034
39075,2014,4.0,19953
39075,2015,3.5,20691
39075,2016,3.6,21073
39075,2017,3.5,20914
39075,2018,3.3,20767
39075,2019,3.0,21028
39075,2020,3.9,20884
39075,2021,2.8,21303
39075,2022,2.8,21626
39077,2010,13.2,30332
39077,2011,11.4,29621
39077,2012,9.9,28959
39077,2013,10.2,28640
39077,2014,8.0,27957
39077,2015,6.7,27713
39077,2016,6.6,28231
39077,2017,6.4,28310
39077,2018,5.9,28112
39077,2019,5.8,28245
39077,2020,9.5,27503
39077,2021,5.9,27522
39077,2022,5.1,27659
39079,2010,12.5,14324
39079,2011,11.8,13927
39079,2012,10.3,13724
39079,2013,10.5,13594
39079,2014,8.8,13257
39079,2015,7.6,13095
39079,2016,7.9,12853
39079,2017,7.1,12963
39079,2018,6.5,12860
39079,2019,6.2,12871
39079,2020,8.7,13124
39079,2021,6.2,12559
39079,2022,5.0,12324
39081,2010,14.5,33385
39081,2011,12.0,31907
39081,2012,10.8,31271
39081,2013,10.9,30577
39081,2014,8.1,29866
39081,2015,7.5,29492
39081,2016,8.4,29024
39081,2017,7.3,27974
39081,2018,6.3,27829
39081,2019,5.9,28077
39081,2020,10.1,27444
39081,2021,6.6,27012
39081,2022,5.5,26933
39083,2010,9.7,30962
39083,2011,8.7,30418
39083,2012,6.9,30156
39083,2013,6.9,30368
39083,2014,5.3,31205
39083,2015,4.7,31331
39083,2016,4.7,31354
39083,2017,4.5,31492
39083,2018,4.3,31555
39083,2019,4.0,31869
39083,2020,6.2,30907
39083,2021,4.1,30873
39083,2022,3.5,30837
39085,2010,8.0,128330
39085,2011,6.8,127021
39085,2012,6.0,125033
39085,2013,6.3,124869
39085,2014,5.5,124386
39085,2015,4.5,123551
39085,2016,4.9,124566
39085,2017,5.1,127665
39085,2018,4.3,128596
39085,2019,3.7,130172
39085,2020,8.4,122456
39085,2021,4.9,122827
39085,2022,4.2,124804
39087,2010,10.3,27745
39087,2011,9.5,27017
39087,2012,8.5,26514
39087,2013,8.8,26106
39087,2014,6.7,25909
39087,2015,5.9,24984
39087,2016,6.6,24851
39087,2017,5.9,24167
39087,2018,5.6,23929
39087,2019,5.2,24070
39087,2020,8.5,23640
39087,2021,5.2,23040
39087,2022,4.6,23346
39089,2010,9.6,87674
39089,2011,8.4,86585
39089,2012,6.8,86045
39089,2013,6.9,86432
39089,2014,5.2,86874
39089,2015,4.5,87222
39089,2016,4.4,88594
39089,2017,4.2,89346
39089,2018,4.0,89924
39089,2019,3.8,91464
39089,2020,6.6,90051
39089,2021,4.1,90782
39089,2022,3.4,91692
39091,2010,11.8,23380
39091,2011,9.7,22784
39091,2012,7.1,22606
39091,2013,6.8,23031
39091,2014,5.0,23146
39091,2015,4.3,23172
39091,2016,4.2,23413
39091,2017,4.1,23653
39091,2018,3.7,23256
39091,2019,3.7,23056
39091,2020,8.2,22703
39091,2021,4.2,22315
39091,2022,3.5,22525
39093,2010,9.2,153525
39093,2011,7.8,151886
39093,2012,7.1,149803
39093,2013,7.4,150065
39093,2014,6.5,150215
39093,2015,5.6,149895
39093,2016,6.0,152264
39093,2017,6.1,155628
39093,2018,5.0,156576
39093,2019,4.3,158821
39093,2020,9.8,152382
39093,2021,5.6,151447
39093,2022,5.0,154121
39095,2010,11.6,217735
39095,2011,9.9,212751
39095,2012,8.3,210469
39095,2013,8.7,210574
39095,2014,6.4,209419
39095,2015,5.4,209455
39095,2016,5.2,211249
39095,2017,5.9,211558
39095,2018,5.2,210801
39095,2019,4.7,212075
39095,2020,10.3,208216
39095,2021,6.2,203714
39095,2022,4.4,202831
39097,2010,9.1,20699
39097,2011,7.9,20276
39097,2012,6.4,20094
39097,2013,6.2,20222
39097,2014,4.7,20512
39097,2015,4.1,20563
39097,2016,4.0,20417
39097,2017,3.9,20717
39097,2018,3.8,20700
39097,2019,3.5,21043
39097,2020,6.0,20478
39097,2021,3.9,20679
39097,2022,3.2,20909
39099,2010,11.7,115263
39099,2011,9.8,112624
39099,2012,8.3,110756
39099,2013,8.5,109469
39099,2014,6.7,108255
39099,2015,6.2,107305
39099,2016,6.4,106380
39099,2017,6.9,105742
39099,2018,5.9,104805
39099,2019,5.8,104212
39099,2020,10.2,100125
39099,2021,6.4,98159
39099,2022,4.8,97955
39101,2010,11.0,30301
39101,2011,9.9,29501
39101,2012,7.9,28896
39101,2013,7.9,28112
39101,2014,6.0,27937
39101,2015,5.2,27866
39101,2016,5.1,27849
39101,2017,5.0,28232
39101,2018,4.4,28629
39101,2019,4.1,28777
39101,2020,7.6,28247
39101,2021,4.8,27710
39101,2022,4.4,27290
39103,2010,7.5,95541
39103,2011,6.4,95163
39103,2012,5.5,94011
39103,2013,5.8,94391
39103,2014,5.1,94842
39103,2015,4.2,94525
39103,2016,4.4,95889
39103,2017,4.6,98287
39103,2018,3.9,99174
39103,2019,3.5,101012
39103,2020,7.5,95393
39103,2021,4.2,95806
39103,2022,3.9,97765
39105,2010,14.7,10065
39105,2011,13.1,9785
39105,2012,11.5,9505
39105,2013,11.8,9407
39105,2014,9.0,9208
39105,2015,8.3,9127
39105,2016,8.6,8990
39105,2017,8.1,9016
39105,2018,7.2,9015
39105,2019,6.9,9206
39105,2020,9.7,8969
39105,2021,6.7,8730
39105,2022,5.9,8558
39107,2010,8.5,22358
39107,2011,6.8,22122
39107,2012,5.1,22144
39107,2013,5.1,22380
39107,2014,3.8,22717
39107,2015,3.3,23077
39107,2016,3.3,23516
39107,2017,3.1,23634
39107,2018,2.7,23757
39107,2019,2.6,23649
39107,2020,5.4,23385
39107,2021,3.2,22765
39107,2022,2.7,22723
39109,2010,11.1,54478
39109,2011,9.1,53318
39109,2012,7.3,52342
39109,2013,7.2,51827
39109,2014,5.4,52201
39109,2015,4.4,52568
39109,2016,4.4,53220
39109,2017,4.2,53796
39109,2018,3.9,54026
39109,2019,3.7,54916
39109,2020,7.0,53737
39109,2021,4.3,53001
39109,2022,3.6,53145
39111,2010,12.3,6686
39111,2011,9.8,6579
39111,2012,8.4,6495
39111,2013,10.0,6480
39111,2014,11.0,5891
39111,2015,10.0,5563
39111,2016,11.2,5344
39111,2017,8.4,5187
39111,2018,7.7,5218
39111,2019,8.3,5396
39111,2020,10.7,5656
39111,2021,7.4,5261
39111,2022,6.4,5125
39113,2010,11.4,265741
39113,2011,9.7,259391
39113,2012,8.2,254590
39113,2013,8.3,251135
39113,2014,6.1,249711
39113,2015,5.1,249904
39113,2016,5.0,251039
39113,2017,4.9,253155
39113,2018,4.5,252382
39113,2019,4.2,254148
39113,2020,8.7,250353
39113,2021,5.6,245996
39113,2022,4.1,244612
39115,2010,13.4,6876
39115,2011,11.3,6768
39115,2012,9.9,6702
39115,2013,10.1,6687
39115,2014,7.8,6684
39115,2015,7.4,6728
39115,2016,8.3,6780
39115,2017,6.8,6736
39115,2018,6.0,6749
39115,2019,6.5,6790
39115,2020,9.2,6682
39115,2021,6.3,6716
39115,2022,5.3,6761
39117,2010,11.5,17338
39117,2011,10.1,17091
39117,2012,8.1,16904
39117,2013,8.0,16886
39117,2014,5.9,16844
39117,2015,5.1,16741
39117,2016,5.1,16834
39117,2017,4.9,16831
39117,2018,4.6,16748
39117,2019,4.2,16990
39117,2020,7.2,16700
39117,2021,4.6,16803
39117,2022,3.9,16968
39119,2010,12.6,41717
39119,2011,10.9,41192
39119,2012,9.2,40377
39119,2013,9.1,39928
39119,2014,7.1,39446
39119,2015,6.3,38940
39119,2016,6.1,39897
39119,2017,5.7,40012
39119,2018,5.3,39768
39119,2019,4.9,40063
39119,2020,7.8,40199
39119,2021,5.2,40313
39119,2022,4.3,40536
39121,2010,16.0,5230
39121,2011,13.3,4974
39121,2012,11.0,4781
39121,2013,9.6,5285
39121,2014,7.6,5095
39121,2015,7.4,4991
39121,2016,8.8,4913
39121,2017,7.2,4794
39121,2018,6.7,4795
39121,2019,7.0,4763
39121,2020,9.7,4636
39121,2021,6.8,4605
39121,2022,6.0,4583
39123,2010,12.4,22711
39123,2011,11.0,22410
39123,2012,9.5,22004
39123,2013,9.7,21952
39123,2014,7.6,21548
39123,2015,6.7,21101
39123,2016,6.5,21118
39123,2017,6.7,21329
39123,2018,6.3,21217
39123,2019,5.7,21222
39123,2020,9.1,20571
39123,2021,6.1,20475
39123,2022,5.2,20494
39125,2010,12.6,9710
39125,2011,9.7,9430
39125,2012,7.7,9217
39125,2013,7.6,9016
39125,2014,5.5,9036
39125,2015,4.8,8934
39125,2016,4.6,8910
39125,2017,4.4,8937
39125,2018,4.1,8799
39125,2019,3.9,8710
39125,2020,7.5,8684
39125,2021,4.4,8556
39125,2022,3.5,8645
39127,2010,13.4,16670
39127,2011,11.6,16378
39127,2012,9.8,16094
39127,2013,9.6,16056
39127,2014,7.4,15856
39127,2015,6.6,15880
39127,2016,6.4,15954
39127,2017,6.0,15984
39127,2018,5.6,15841
39127,2019,5.2,16025
39127,2020,8.5,15781
39127,2021,5.6,15817
39127,2022,4.4,15911
39129,2010,10.6,26143
39129,2011,9.2,25809
39129,2012,7.4,25705
39129,2013,7.3,25642
39129,2014,5.7,25868
39129,2015,4.8,25828
39129,2016,4.9,26309
39129,2017,4.6,26437
39129,2018,4.3,26305
39129,2019,4.0,26739
39129,2020,6.9,26255
39129,2021,4.5,26475
39129,2022,3.7,26727
39131,2010,14.8,11604
39131,2011,15.2,11001
39131,2012,13.0,10571
39131,2013,12.2,10758
39131,2014,9.1,10529
39131,2015,7.4,10511
39131,2016,7.6,10851
39131,2017,7.0,10920
39131,2018,6.5,10928
39131,2019,6.2,10900
39131,2020,9.4,10858
39131,2021,6.4,10818
39131,2022,5.1,11024
39133,2010,10.4,90869
39133,2011,8.9,89145
39133,2012,7.3,88000
39133,2013,7.7,87651
39133,2014,5.9,87056
39133,2015,4.9,87111
39133,2016,5.1,87472
39133,2017,5.0,87961
39133,2018,4.6,87437
39133,2019,4.3,88102
39133,2020,7.3,85174
39133,2021,4.8,84371
39133,2022,3.8,85243
39135,2010,11.0,22415
39135,2011,9.5,21665
39135,2012,7.7,21484
39135,2013,7.5,21292
39135,2014,5.7,21189
39135,2015,4.9,21054
39135,2016,4.8,21103
39135,2017,4.4,21306
39135,2018,4.1,21283
39135,2019,3.8,21351
39135,2020,6.8,21003
39135,2021,4.1,21398
39135,2022,3.4,21779
39137,2010,9.3,19362
39137,2011,7.4,19198
39137,2012,5.8,18800
39137,2013,6.0,18804
39137,2014,4.5,18696
39137,2015,3.9,18724
39137,2016,3.7,18975
39137,2017,3.5,18991
39137,2018,3.3,18767
39137,2019,3.1,18999
39137,2020,5.6,18533
39137,2021,3.4,18714
39137,2022,3.0,18806
39139,2010,12.2,59163
39139,2011,10.6,57968
39139,2012,8.7,55884
39139,2013,8.6,54903
39139,2014,6.5,54654
39139,2015,5.6,53744
39139,2016,5.6,53626
39139,2017,5.4,53515
39139,2018,4.9,53127
39139,2019,4.6,52864
39139,2020,9.0,51682
39139,2021,5.6,51093
39139,2022,4.5,50422
39141,2010,12.0,34133
39141,2011,9.9,34216
39141,2012,8.4,34054
39141,2013,8.7,33481
39141,2014,6.4,33749
39141,2015,5.4,33827
39141,2016,5.6,33973
39141,2017,5.1,34412
39141,2018,4.5,34987
39141,2019,4.2,35619
39141,2020,8.0,35189
39141,2021,4.9,34917
39141,2022,3.8,35088
39143,2010,10.8,33253
39143,2011,9.1,32627
39143,2012,7.5,31773
39143,2013,7.5,31540
39143,2014,5.7,31374
39143,2015,4.9,31461
39143,2016,4.8,31149
39143,2017,4.7,31498
39143,2018,4.5,31049
39143,2019,4.3,30861
39143,2020,8.1,29987
39143,2021,5.3,30119
39143,2022,4.7,29904
39145,2010,13.4,32655
39145,2011,12.5,31738
39145,2012,11.3,31093
39145,2013,11.9,30324
39145,2014,8.8,29957
39145,2015,7.7,29682
39145,2016,7.8,29999
39145,2017,7.0,29767
39145,2018,6.7,29131
39145,2019,6.3,29201
39145,2020,8.7,29085
39145,2021,6.2,29118
39145,2022,5.1,29219
39147,2010,12.0,29503
39147,2011,9.6,28722
39147,2012,8.0,27802
39147,2013,7.7,27393
39147,2014,5.7,27233
39147,2015,4.9,27233
39147,2016,4.9,27259
39147,2017,4.7,27545
39147,2018,4.4,27363
39147,2019,4.2,27683
39147,2020,8.1,27114
39147,2021,4.8,26528
39147,2022,4.2,26291
39149,2010,12.5,25007
39149,2011,9.6,24168
39149,2012,7.3,23846
39149,2013,6.7,23745
39149,2014,5.1,23713
39149,2015,4.3,24157
39149,2016,4.2,24167
39149,2017,4.1,24165
39149,2018,3.7,24110
39149,2019,3.6,24400
39149,2020,7.7,23934
39149,2021,4.2,23659
39149,2022,3.5,23496
39151,2010,11.4,192248
39151,2011,9.3,188690
39151,2012,7.5,187968
39151,2013,7.5,188921
39151,2014,5.8,188754
39151,2015,5.3,187170
39151,2016,5.5,187210
39151,2017,5.2,188257
39151,2018,4.9,187096
39151,2019,4.6,187442
39151,2020,8.1,183171
39151,2021,5.2,181375
39151,2022,4.0,179690
39153,2010,10.6,281921
39153,2011,9.1,275855
39153,2012,7.5,272453
39153,2013,7.6,270976
39153,2014,5.9,272945
39153,2015,5.0,272635
39153,2016,5.1,273479
39153,2017,5.1,274876
39153,2018,4.6,272862
39153,2019,4.3,275103
39153,2020,8.3,267324
39153,2021,5.5,263798
39153,2022,4.1,265461
39155,2010,13.3,99980
39155,2011,10.7,97155
39155,2012,9.0,95344
39155,2013,9.3,94482
39155,2014,7.3,92842
39155,2015,6.5,91723
39155,2016,6.8,90798
39155,2017,7.2,89622
39155,2018,6.2,88114
39155,2019,6.2,87775
39155,2020,10.4,84643
39155,2021,6.4,82899
39155,2022,4.9,82752
39157,2010,11.3,46160
39157,2011,9.3,45281
39157,2012,7.4,45001
39157,2013,7.3,45020
39157,2014,5.5,45434
39157,2015,5.4,45594
39157,2016,5.8,45200
39157,2017,5.0,45657
39157,2018,4.5,44806
39157,2019,4.3,45320
39157,2020,7.5,44458
39157,2021,4.7,44149
39157,2022,3.8,44347
39159,2010,8.4,26706
39159,2011,7.2,26653
39159,2012,5.8,26346
39159,2013,5.8,26611
39159,2014,4.5,26874
39159,2015,3.9,27111
39159,2016,3.8,27903
39159,2017,3.7,28546
39159,2018,3.5,28789
39159,2019,3.2,29672
39159,2020,5.8,29504
39159,2021,3.6,29796
39159,2022,3.0,30108
39161,2010,12.1,14974
39161,2011,9.3,14498
39161,2012,7.5,14157
39161,2013,6.9,14202
39161,2014,4.9,14443
39161,2015,4.2,14373
39161,2016,4.1,14361
39161,2017,3.9,14583
39161,2018,3.5,14485
39161,2019,3.3,15155
39161,2020,7.0,14737
39161,2021,4.0,14404
39161,2022,3.3,14357
39163,2010,13.5,5805
39163,2011,11.9,5717
39163,2012,10.8,5550
39163,2013,10.6,5573
39163,2014,8.0,5529
39163,2015,6.6,5479
39163,2016,7.1,5476
39163,2017,6.8,5491
39163,2018,6.2,5529
39163,2019,5.7,5621
39163,2020,9.2,5599
39163,2021,6.2,5461
39163,2022,5.0,5396
39165,2010,9.1,110296
39165,2011,7.9,109330
39165,2012,6.5,109086
39165,2013,6.4,109788
39165,2014,5.0,111252
39165,2015,4.2,112777
39165,2016,4.2,115051
39165,2017,4.1,117057
39165,2018,3.8,118866
39165,2019,3.5,121515
39165,2020,6.4,119662
39165,2021,4.0,120752
39165,2022,3.3,122415
39167,2010,11.4,29845
39167,2011,10.1,28966
39167,2012,8.6,28429
39167,2013,8.6,28347
39167,2014,6.4,28302
39167,2015,6.1,28152
39167,2016,7.0,27890
39167,2017,6.2,27453
39167,2018,5.6,27307
39167,2019,5.4,27680
39167,2020,8.6,26810
39167,2021,5.6,26500
39167,2022,4.7,26595
39169,2010,9.3,60232
39169,2011,7.7,59028
39169,2012,6.1,59078
39169,2013,6.2,59284
39169,2014,4.6,59683
39169,2015,4.0,60189
39169,2016,4.0,61460
39169,2017,3.9,62014
39169,2018,3.6,61439
39169,2019,3.3,62672
39169,2020,5.9,60302
39169,2021,3.7,59801
39169,2022,3.2,60006
39171,2010,13.2,19567
39171,2011,10.7,18875
39171,2012,7.9,18863
39171,2013,7.4,18643
39171,2014,5.5,18833
39171,2015,4.5,19074
39171,2016,4.5,19100
39171,2017,4.4,19108
39171,2018,3.6,19056
39171,2019,3.3,19211
39171,2020,7.7,18788
39171,2021,4.4,18298
39171,2022,3.4,18107
39173,2010,9.9,68646
39173,2011,8.3,68178
39173,2012,6.9,68703
39173,2013,7.0,69045
39173,2014,5.2,69341
39173,2015,4.3,69812
39173,2016,4.2,70927
39173,2017,4.4,71047
39173,2018,4.0,71179
39173,2019,3.7,72113
39173,2020,7.0,69228
39173,2021,4.3,68808
39173,2022,3.5,69232
39175,2010,11.1,12195
39175,2011,9.2,12085
39175,2012,6.8,12139
39175,2013,6.3,12350
39175,2014,4.4,12386
39175,2015,3.7,12387
39175,2016,3.7,12724
39175,2017,3.7,12720
39175,2018,3.2,12782
39175,2019,3.1,13156
39175,2020,6.9,12895
39175,2021,3.6,12826
39175,2022,2.9,13176
51001,2010,8.1,16831
51001,2011,8.4,16564
51001,2012,7.7,16388
51001,2013,7.0,16226
51001,2014,6.6,16112
51001,2015,5.4,15938
51001,2016,4.8,15820
51001,2017,4.5,16789
51001,2018,3.8,16815
51001,2019,3.5,16657
51001,2020,6.7,15893
51001,2021,4.3,15338
51001,2022,3.2,15584
51003,2010,6.1,51043
51003,2011,5.6,52080
51003,2012,5.1,52571
51003,2013,4.7,52554
51003,2014,4.4,53788
51003,2015,3.8,54136
51003,2016,3.5,54534
51003,2017,3.3,55877
51003,2018,2.7,56437
51003,2019,2.4,58210
51003,2020,5.5,55996
51003,2021,3.2,56218
51003,2022,2.6,58034
51005,2010,8.8,7964
51005,2011,7.8,7893
51005,2012,6.9,7788
51005,2013,6.4,7515
51005,2014,5.8,7221
51005,2015,5.0,7075
51005,2016,5.0,6941
51005,2017,4.5,7070
51005,2018,3.7,6959
51005,2019,3.3,7000
51005,2020,6.8,6753
51005,2021,4.1,6552
51005,2022,3.2,6596
51007,2010,8.7,6238
51007,2011,7.5,6251
51007,2012,6.4,6208
51007,2013,5.8,6173
51007,2014,5.2,6230
51007,2015,4.4,6215
51007,2016,4.2,6207
51007,2017,3.9,6268
51007,2018,3.3,6233
51007,2019,3.1,6351
51007,2020,6.0,6079
51007,2021,3.5,6072
51007,2022,2.9,6282
51009,2010,8.2,16372
51009,2011,7.2,16153
51009,2012,6.6,16043
51009,2013,6.0,15801
51009,2014,5.3,15682
51009,2015,4.7,15340
51009,2016,4.3,15010
51009,2017,4.0,15146
51009,2018,3.3,15005
51009,2019,3.2,15128
51009,2020,5.8,14636
51009,2021,3.7,14515
51009,2022,3.0,14759
51011,2010,8.8,7354
51011,2011,7.9,7250
51011,2012,7.3,7211
51011,2013,6.3,7158
51011,2014,5.6,7139
51011,2015,4.8,7066
51011,2016,4.6,7006
51011,2017,4.3,7151
51011,2018,3.7,7148
51011,2019,3.4,7250
51011,2020,5.9,7060
51011,2021,3.8,6998
51011,2022,3.1,7105
51013,2010,4.2,137453
51013,2011,3.7,141644
51013,2012,3.4,143875
51013,2013,3.4,145169
51013,2014,3.2,145098
51013,2015,2.8,144902
51013,2016,2.6,146628
51013,2017,2.5,151365
51013,2018,2.0,152864
51013,2019,1.9,154980
51013,2020,4.6,151165
51013,2021,3.0,152177
51013,2022,2.0,156767
51015,2010,7.3,37184
51015,2011,6.3,37375
51015,2012,5.7,36990
51015,2013,5.1,36905
51015,2014,4.6,36977
51015,2015,4.0,36791
51015,2016,3.6,36898
51015,2017,3.4,37072
51015,2018,2.7,36949
51015,2019,2.4,37698
51015,2020,4.8,36837
51015,2021,3.1,36795
51015,2022,2.5,38307
51017,2010,7.7,2513
51017,2011,6.3,2572
51017,2012,5.7,2582
51017,2013,5.2,2578
51017,2014,4.4,2602
51017,2015,4.0,2546
51017,2016,3.6,2499
51017,2017,3.0,2585
51017,2018,2.5,2524
51017,2019,2.4,2485
51017,2020,10.3,2294
51017,2021,4.4,2244
51017,2022,2.4,2418
51019,2010,7.2,39107
51019,2011,6.5,38759
51019,2012,5.8,38267
51019,2013,5.6,38242
51019,2014,5.0,38576
51019,2015,4.4,38381
51019,2016,4.0,38012
51019,2017,3.8,38458
51019,2018,3.1,38429
51019,2019,2.8,38895
51019,2020,5.3,37881
51019,2021,3.4,37712
51019,2022,2.8,38331
51021,2010,8.8,2899
51021,2011,7.4,2854
51021,2012,6.9,2871
51021,2013,6.6,2877
51021,2014,5.9,2876
51021,2015,5.6,2792
51021,2016,5.1,2742
51021,2017,4.0,2894
51021,2018,3.2,2844
51021,2019,2.7,2853
51021,2020,5.8,2786
51021,2021,3.4,2741
51021,2022,2.8,2774
51023,2010,6.6,17722
51023,2011,5.9,17703
51023,2012,5.4,17702
51023,2013,5.1,17634
51023,2014,4.8,17749
51023,2015,4.1,17459
51023,2016,3.6,17375
51023,2017,3.5,17435
51023,2018,2.7,17354
51023,2019,2.5,17651
51023,2020,4.7,17164
51023,2021,3.0,17171
51023,2022,2.4,17646
51025,2010,11.5,6968
51025,2011,10.5,6806
51025,2012,9.9,6717
51025,2013,9.2,6656
51025,2014,7.9,6485
51025,2015,6.7,6355
51025,2016,5.9,6216
51025,2017,5.2,6176
51025,2018,5.0,6023
51025,2019,4.6,6066
51025,2020,8.2,5906
51025,2021,6.1,5754
51025,2022,4.5,5840
51027,2010,10.1,8339
51027,2011,8.5,8458
51027,2012,8.9,8569
51027,2013,10.8,8159
51027,2014,10.3,7788
51027,2015,10.7,7298
51027,2016,10.6,6860
51027,2017,7.0,7055
51027,2018,5.5,6956
51027,2019,5.5,6826
51027,2020,9.8,6384
51027,2021,6.6,6145
51027,2022,4.6,6305
51029,2010,10.9,6583
51029,2011,9.5,6583
51029,2012,8.4,6460
51029,2013,7.7,6406
51029,2014,6.7,6322
51029,2015,5.8,6317
51029,2016,5.3,6273
51029,2017,5.3,6377
51029,2018,4.5,6338
51029,2019,4.1,6552
51029,2020,7.6,6276
51029,2021,5.1,6284
51029,2022,3.8,6436
51031,2010,7.9,27793
51031,2011,7.1,27560
51031,2012,6.3,27044
51031,2013,5.8,26942
51031,2014,5.3,26725
51031,2015,4.7,26328
51031,2016,4.4,25973
51031,2017,4.1,26301
51031,2018,3.4,25997
51031,2019,3.1,26162
51031,2020,6.0,25539
51031,2021,3.8,25298
51031,2022,3.0,25701
51033,2010,9.7,14363
51033,2011,8.9,14450
51033,2012,7.6,14477
51033,2013,6.9,14579
51033,2014,6.1,14819
51033,2015,5.0,14790
51033,2016,4.4,14875
51033,2017,4.2,15163
51033,2018,3.5,15207
51033,2019,3.2,15263
51033,2020,6.9,14907
51033,2021,4.3,14855
51033,2022,3.1,15355
51035,2010,11.8,14032
51035,2011,9.8,13602
51035,2012,8.4,13467
51035,2013,8.1,13256
51035,2014,6.6,13229
51035,2015,5.3,13100
51035,2016,5.1,12977
51035,2017,4.4,13637
51035,2018,3.6,13343
51035,2019,3.5,13340
51035,2020,8.5,13096
51035,2021,4.1,12758
51035,2022,3.4,12841
51036,2010,9.8,3908
51036,2011,9.0,3930
51036,2012,7.7,3847
51036,2013,6.6,3788
51036,2014,5.8,3730
51036,2015,5.3,3731
51036,2016,4.5,3724
51036,2017,4.7,3718
51036,2018,4.0,3657
51036,2019,3.4,3683
51036,2020,6.9,3505
51036,2021,4.3,3491
51036,2022,3.0,3596
51037,2010,10.2,5368
51037,2011,9.8,5391
51037,2012,8.5,5354
51037,2013,7.6,5312
51037,2014,6.6,5317
51037,2015,5.6,5271
51037,2016,4.9,5259
51037,2017,4.5,5371
51037,2018,3.7,5230
51037,2019,3.5,5283
51037,2020,5.8,5070
51037,2021,3.7,5250
51037,2022,3.0,5432
51041,2010,7.5,168850
51041,2011,6.7,171269
51041,2012,6.0,172730
51041,2013,5.5,174719
51041,2014,5.0,178043
51041,2015,4.2,178675
51041,2016,3.8,180972
51041,2017,3.6,185395
51041,2018,2.9,186885
51041,2019,2.7,190204
51041,2020,6.1,186767
51041,2021,3.6,186665
51041,2022,2.7,193562
51043,2010,6.8,7705
51043,2011,5.7,7761
51043,2012,5.1,7728
51043,2013,4.6,7626
51043,2014,4.3,7572
51043,2015,3.9,7461
51043,2016,3.5,7446
51043,2017,3.4,7521
51043,2018,2.9,7532
51043,2019,2.4,7698
51043,2020,4.7,7411
51043,2021,3.1,7458
51043,2022,2.5,7670
51045,2010,8.1,2444
51045,2011,7.5,2477
51045,2012,6.9,2461
51045,2013,6.9,2456
51045,2014,6.2,2466
51045,2015,5.4,2389
51045,2016,4.7,2353
51045,2017,4.3,2309
51045,2018,3.6,2299
51045,2019,3.1,2352
51045,2020,5.3,2252
51045,2021,3.3,2248
51045,2022,2.9,2310
51047,2010,7.3,23289
51047,2011,6.3,23359
51047,2012,5.6,23329
51047,2013,5.2,23387
51047,2014,4.9,23431
51047,2015,4.3,23196
51047,2016,3.8,23481
51047,2017,3.6,24132
51047,2018,2.9,24379
51047,2019,2.6,25117
51047,2020,5.1,24655
51047,2021,3.2,24788
51047,2022,2.7,25528
51049,2010,8.6,4530
51049,2011,7.6,4552
51049,2012,7.0,4520
51049,2013,6.5,4508
51049,2014,6.0,4553
51049,2015,5.1,4573
51049,2016,4.5,4609
51049,2017,4.1,4731
51049,2018,3.3,4667
51049,2019,3.0,4687
51049,2020,6.3,4564
51049,2021,4.2,4590
51049,2022,3.3,4719
51051,2010,10.7,5524
51051,2011,9.9,5451
51051,2012,10.5,5204
51051,2013,10.9,5341
51051,2014,10.0,5209
51051,2015,10.0,4927
51051,2016,9.8,4575
51051,2017,6.7,4676
51051,2018,5.2,4541
51051,2019,4.9,4705
51051,2020,8.2,4711
51051,2021,5.3,4652
51051,2022,4.2,4514
51053,2010,9.1,13591
51053,2011,8.0,13622
51053,2012,7.4,13612
51053,2013,7.2,13538
51053,2014,6.3,13505
51053,2015,5.3,13362
51053,2016,4.8,13461
51053,2017,4.4,13552
51053,2018,3.5,13605
51053,2019,3.2,13701
51053,2020,6.6,13359
51053,2021,4.4,13401
51053,2022,3.2,13785
51057,2010,9.3,5727
51057,2011,8.3,5690
51057,2012,7.2,5733
51057,2013,6.5,5686
51057,2014,6.2,5700
51057,2015,5.3,5531
51057,2016,4.7,5529
51057,2017,4.8,5643
51057,2018,3.8,5528
51057,2019,3.5,5529
51057,2020,7.2,5444
51057,2021,4.7,5409
51057,2022,3.4,5484
51059,2010,5.2,611055
51059,2011,4.7,619259
51059,2012,4.4,623114
51059,2013,4.3,624643
51059,2014,4.1,622116
51059,2015,3.5,616185
51059,2016,3.2,617693
51059,2017,3.0,629074
51059,2018,2.5,629542
51059,2019,2.3,637809
51059,2020,6.0,622641
51059,2021,3.5,620929
51059,2022,2.4,638265
51061,2010,6.3,35805
51061,2011,5.5,36073
51061,2012,5.0,35975
51061,2013,4.8,35928
51061,2014,4.5,36049
51061,2015,3.9,35873
51061,2016,3.4,35977
51061,2017,3.2,36269
51061,2018,2.6,36835
51061,2019,2.4,37773
51061,2020,4.9,36446
51061,2021,3.0,36584
51061,2022,2.5,37720
51063,2010,7.1,8143
51063,2011,6.3,8321
51063,2012,5.6,8366
51063,2013,5.3,8389
51063,2014,4.6,8332
51063,2015,3.9,8326
51063,2016,4.0,8201
51063,2017,3.6,8154
51063,2018,2.7,8142
51063,2019,2.5,8276
51063,2020,5.2,8073
51063,2021,3.1,8216
51063,2022,2.4,8460
51065,2010,6.5,13093
51065,2011,5.8,13245
51065,2012,5.1,13160
51065,2013,4.7,13038
51065,2014,4.3,13215
51065,2015,3.7,13214
51065,2016,3.3,13201
51065,2017,3.0,13540
51065,2018,2.5,13724
51065,2019,2.3,14327
51065,2020,5.4,13684
51065,2021,3.2,13761
51065,2022,2.5,14205
51067,2010,8.9,27664
51067,2011,7.5,27639
51067,2012,6.4,27384
51067,2013,5.8,27216
51067,2014,5.3,27256
51067,2015,4.6,26550
51067,2016,4.2,26402
51067,2017,3.9,26562
51067,2018,3.1,26289
51067,2019,2.9,26569
51067,2020,5.6,25920
51067,2021,3.5,25828
51067,2022,2.8,26456
51069,2010,7.6,42027
51069,2011,6.5,43128
51069,2012,5.7,43416
51069,2013,5.2,44153
51069,2014,4.6,44636
51069,2015,3.9,44796
51069,2016,3.4,45404
51069,2017,3.2,46824
51069,2018,2.6,47549
51069,2019,2.4,48826
51069,2020,4.8,49018
51069,2021,2.9,49636
51069,2022,2.3,51432
51071,2010,9.8,8317
51071,2011,7.9,8259
51071,2012,7.1,8227
51071,2013,6.8,8217
51071,2014,6.1,8092
51071,2015,5.1,7974
51071,2016,5.3,7950
51071,2017,4.6,7942
51071,2018,3.4,7867
51071,2019,3.2,7947
51071,2020,6.4,7723
51071,2021,3.5,7797
51071,2022,3.0,8098
51073,2010,7.0,19578
51073,2011,6.3,19521
51073,2012,5.5,19348
51073,2013,5.1,19327
51073,2014,4.7,19504
51073,2015,4.0,19169
51073,2016,3.6,19118
51073,2017,3.3,19539
51073,2018,2.7,19562
51073,2019,2.5,19731
51073,2020,5.6,19134
51073,2021,3.4,19118
51073,2022,2.6,19529
51075,2010,7.3,10499
51075,2011,6.3,10360
51075,2012,5.5,10267
51075,2013,5.0,10376
51075,2014,4.7,10577
51075,2015,4.1,10659
51075,2016,3.7,10845
51075,2017,3.5,10927
51075,2018,3.0,11170
51075,2019,2.7,11487
51075,2020,5.0,11324
51075,2021,3.1,11399
51075,2022,2.6,11830
51077,2010,12.7,7388
51077,2011,10.8,7191
51077,2012,9.4,6984
51077,2013,9.4,7006
51077,2014,7.6,7091
51077,2015,5.8,7071
51077,2016,5.0,7031
51077,2017,3.9,7744
51077,2018,3.1,7698
51077,2019,2.8,8106
51077,2020,5.9,7954
51077,2021,3.4,7740
51077,2022,2.6,7974
51079,2010,6.9,9667
51079,2011,6.0,9778
51079,2012,5.4,9786
51079,2013,4.7,9690
51079,2014,4.3,9887
51079,2015,3.7,9888
51079,2016,3.2,9946
51079,2017,3.0,10240
51079,2018,2.5,10349
51079,2019,2.3,10638
51079,2020,5.4,10271
51079,2021,3.0,10305
51079,2022,2.3,10635
51081,2010,9.8,4569
51081,2011,8.7,4572
51081,2012,8.5,4459
51081,2013,7.6,4354
51081,2014,6.3,4257
51081,2015,5.3,4188
51081,2016,5.0,4212
51081,2017,4.3,4467
51081,2018,3.7,4389
51081,2019,3.4,4303
51081,2020,6.9,4224
51081,2021,4.8,4287
51081,2022,3.7,4310
51083,2010,12.5,16727
51083,2011,10.9,16332
51083,2012,9.3,16016
51083,2013,8.9,15852
51083,2014,7.7,15598
51083,2015,6.3,15255
51083,2016,5.7,14880
51083,2017,4.8,15693
51083,2018,4.1,15215
51083,2019,3.9,15630
51083,2020,7.3,15054
51083,2021,4.7,14962
51083,2022,3.8,15390
51085,2010,6.7,54500
51085,2011,6.0,54872
51085,2012,5.4,55076
51085,2013,4.9,55429
51085,2014,4.5,55997
51085,2015,3.8,56465
51085,2016,3.4,57255
51085,2017,3.3,58679
51085,2018,2.6,59022
51085,2019,2.4,59663
51085,2020,5.0,57538
51085,2021,3.0,57744
51085,2022,2.4,60044
51087,2010,7.5,167948
51087,2011,6.7,170265
51087,2012,5.9,172338
51087,2013,5.4,174131
51087,2014,5.0,176852
51087,2015,4.2,177634
51087,2016,3.8,179085
51087,2017,3.6,181903
51087,2018,3.0,181509
51087,2019,2.8,183311
51087,2020,6.7,179896
51087,2021,3.9,179139
51087,2022,2.7,185309
51089,2010,15.1,24091
51089,2011,12.6,22781
51089,2012,10.4,22698
51089,2013,8.9,23392
51089,2014,7.5,22989
51089,2015,6.3,22437
51089,2016,5.5,22165
51089,2017,4.6,23979
51089,2018,3.7,23768
51089,2019,3.3,23871
51089,2020,7.9,23576
51089,2021,4.6,23534
51089,2022,3.3,23859
51091,2010,6.4,1447
51091,2011,5.6,1457
51091,2012,4.8,1460
51091,2013,4.2,1419
51091,2014,3.8,1425
51091,2015,3.5,1345
51091,2016,3.1,1308
51091,2017,3.2,1305
51091,2018,2.8,1260
51091,2019,2.6,1256
51091,2020,3.9,1222
51091,2021,2.9,1237
51091,2022,2.3,1359
51093,2010,7.3,18826
51093,2011,6.9,18850
51093,2012,6.2,18738
51093,2013,5.6,18861
51093,2014,5.1,19038
51093,2015,4.5,18876
51093,2016,4.2,18955
51093,2017,3.8,19268
51093,2018,3.0,19427
51093,2019,2.8,19671
51093,2020,5.2,19221
51093,2021,3.4,19307
51093,2022,2.7,19714
51095,2010,6.5,32282
51095,2011,6.1,32554
51095,2012,5.6,32942
51095,2013,5.2,33708
51095,2014,4.8,34735
51095,2015,4.3,34430
51095,2016,3.8,34910
51095,2017,3.5,36236
51095,2018,2.9,36646
51095,2019,2.6,36951
51095,2020,7.1,36749
51095,2021,3.9,36365
51095,2022,2.8,37027
51097,2010,8.2,3597
51097,2011,7.3,3657
51097,2012,6.5,3668
51097,2013,6.0,3639
51097,2014,5.7,3656
51097,2015,4.7,3645
51097,2016,4.1,3665
51097,2017,3.4,3835
51097,2018,3.1,3866
51097,2019,2.8,3885
51097,2020,5.3,3844
51097,2021,3.2,3834
51097,2022,2.6,3896
51099,2010,7.5,11429
51099,2011,7.0,11704
51099,2012,6.4,11715
51099,2013,5.7,11979
51099,2014,5.3,12123
51099,2015,4.7,12101
51099,2016,4.2,12336
51099,2017,3.7,13059
51099,2018,3.0,13249
51099,2019,2.6,13524
51099,2020,4.6,13756
51099,2021,2.9,13976
51099,2022,2.5,14453
51101,2010,7.6,8669
51101,2011,6.9,8689
51101,2012,6.2,8673
51101,2013,5.5,8701
51101,2014,5.1,8783
51101,2015,4.2,8739
51101,2016,3.7,8762
51101,2017,3.4,9014
51101,2018,3.0,9119
51101,2019,2.7,9288
51101,2020,5.5,9216
51101,2021,3.3,9248
51101,2022,2.6,9568
51103,2010,10.0,5579
51103,2011,9.2,5581
51103,2012,7.8,5512
51103,2013,7.3,5399
51103,2014,7.5,5364
51103,2015,6.5,5147
51103,2016,5.5,5115
51103,2017,5.2,5384
51103,2018,4.4,5314
51103,2019,4.3,5425
51103,2020,7.5,5318
51103,2021,5.3,5252
51103,2022,3.5,5387
51105,2010,8.1,10143
51105,2011,7.6,10214
51105,2012,8.1,9774
51105,2013,8.6,9298
51105,2014,8.0,8864
51105,2015,7.1,8601
51105,2016,6.7,8451
51105,2017,5.1,8628
51105,2018,4.1,8341
51105,2019,4.0,8341
51105,2020,6.6,8230
51105,2021,4.1,8058
51105,2022,3.7,8194
51107,2010,5.2,175593
51107,2011,4.7,181241
51107,2012,4.4,185858
51107,2013,4.3,191165
51107,2014,4.2,196697
51107,2015,3.5,200891
51107,2016,3.1,207602
51107,2017,3.0,216176
51107,2018,2.5,220513
51107,2019,2.3,227755
51107,2020,5.5,225264
51107,2021,3.1,224820
51107,2022,2.3,232059
51109,2010,7.7,17879
51109,2011,6.8,17913
51109,2012,6.1,17936
51109,2013,5.5,18056
51109,2014,5.0,18513
51109,2015,4.2,18866
51109,2016,3.8,18595
51109,2017,3.4,19765
51109,2018,2.8,19841
51109,2019,2.7,20183
51109,2020,5.4,19836
51109,2021,3.4,20066
51109,2022,2.6,20764
51111,2010,9.7,5558
51111,2011,8.5,5500
51111,2012,7.4,5375
51111,2013,6.9,5325
51111,2014,5.8,5358
51111,2015,5.0,5305
51111,2016,4.5,5260
51111,2017,4.1,5404
51111,2018,3.2,5342
51111,2019,3.1,5343
51111,2020,5.5,5209
51111,2021,3.8,5091
51111,2022,3.3,5167
51113,2010,6.5,7178
51113,2011,5.2,7211
51113,2012,4.7,7252
51113,2013,4.4,7229
51113,2014,4.0,7272
51113,2015,3.4,7255
51113,2016,3.1,7183
51113,2017,2.9,7333
51113,2018,2.5,7302
51113,2019,2.2,7470
51113,2020,3.9,7268
51113,2021,2.5,7374
51113,2022,2.1,7548
51115,2010,6.5,4229
51115,2011,6.5,4238
51115,2012,5.6,4170
51115,2013,4.9,4165
51115,2014,4.5,4139
51115,2015,4.2,4090
51115,2016,4.0,4045
51115,2017,3.7,4132
51115,2018,3.0,4139
51115,2019,2.8,4189
51115,2020,5.1,3983
51115,2021,3.2,3995
51115,2022,2.8,4096
51117,2010,11.5,14183
51117,2011,10.3,14031
51117,2012,9.2,13508
51117,2013,9.1,12771
51117,2014,7.6,12663
51117,2015,6.0,12561
51117,2016,5.5,12473
51117,2017,4.8,12859
51117,2018,4.1,12719
51117,2019,4.0,12729
51117,2020,7.0,12570
51117,2021,4.7,12517
51117,2022,3.5,12966
51119,2010,7.4,5167
51119,2011,6.5,5131
51119,2012,5.9,5128
51119,2013,5.4,5115
51119,2014,5.0,5045
51119,2015,4.2,5000
51119,2016,3.8,5035
51119,2017,3.2,5367
51119,2018,2.7,5253
51119,2019,2.5,5285
51119,2020,5.3,5109
51119,2021,3.4,5125
51119,2022,2.7,5250
51121,2010,7.2,47555
51121,2011,6.3,48292
51121,2012,5.8,49090
51121,2013,5.5,49678
51121,2014,5.0,49948
51121,2015,4.3,49925
51121,2016,4.1,49796
51121,2017,3.7,50146
51121,2018,3.0,50065
51121,2019,2.8,50648
51121,2020,4.9,48657
51121,2021,3.0,49692
51121,2022,2.7,51821
51125,2010,7.3,7586
51125,2011,6.3,7593
51125,2012,5.7,7453
51125,2013,5.4,7359
51125,2014,4.8,7418
51125,2015,4.0,7296
51125,2016,3.5,7246
51125,2017,3.5,7355
51125,2018,3.1,7349
51125,2019,2.7,7579
51125,2020,5.9,7169
51125,2021,3.5,7205
51125,2022,2.7,7376
51127,2010,7.4,10310
51127,2011,6.4,10423
51127,2012,5.5,10600
51127,2013,4.9,10788
51127,2014,4.4,11116
51127,2015,3.8,11258
51127,2016,3.3,11690
51127,2017,3.2,12095
51127,2018,2.7,12447
51127,2019,2.3,12895
51127,2020,4.7,12652
51127,2021,2.9,12742
51127,2022,2.3,13231
51131,2010,8.7,6346
51131,2011,8.9,6354
51131,2012,9.1,6184
51131,2013,8.9,6031
51131,2014,7.4,6101
51131,2015,6.0,6120
51131,2016,5.7,5881
51131,2017,5.6,5568
51131,2018,5.4,5406
51131,2019,4.4,5468
51131,2020,8.1,5377
51131,2021,5.2,5411
51131,2022,3.4,5501
51133,2010,8.9,6161
51133,2011,9.0,6022
51133,2012,8.0,5882
51133,2013,7.2,5689
51133,2014,6.9,5657
51133,2015,6.0,5483
51133,2016,5.4,5454
51133,2017,5.2,5612
51133,2018,4.5,5563
51133,2019,4.3,5692
51133,2020,6.6,5616
51133,2021,4.8,5526
51133,2022,3.9,5457
51135,2010,7.8,6869
51135,2011,7.1,6882
51135,2012,6.2,6869
51135,2013,5.9,7073
51135,2014,5.2,7102
51135,2015,4.5,7158
51135,2016,3.9,7044
51135,2017,3.8,7192
51135,2018,3.1,7241
51135,2019,2.7,7310
51135,2020,5.2,7140
51135,2021,3.7,7092
51135,2022,2.9,7226
51137,2010,8.4,15478
51137,2011,7.5,15762
51137,2012,6.5,15852
51137,2013,5.8,16118
51137,2014,5.2,16237
51137,2015,4.5,16118
51137,2016,4.0,16386
51137,2017,3.7,17015
51137,2018,3.0,17084
51137,2019,3.0,17447
51137,2020,5.8,17001
51137,2021,3.6,17115
51137,2022,2.9,17426
51139,2010,11.9,12360
51139,2011,11.0,12466
51139,2012,10.0,12172
51139,2013,9.0,11934
51139,2014,7.9,11863
51139,2015,6.8,11684
51139,2016,5.5,11606
51139,2017,5.1,11981
51139,2018,4.2,11940
51139,2019,3.8,12090
51139,2020,7.6,11927
51139,2021,4.6,11975
51139,2022,3.3,12142
51141,2010,13.0,8346
51141,2011,10.8,8036
51141,2012,8.9,7968
51141,2013,8.1,7798
51141,2014,6.6,7747
51141,2015,5.3,7667
51141,2016,4.8,7962
51141,2017,4.2,7762
51141,2018,3.9,7465
51141,2019,3.4,7403
51141,2020,7.1,7176
51141,2021,4.4,7115
51141,2022,3.5,7163
51143,2010,11.1,30963
51143,2011,9.1,31113
51143,2012,7.6,30684
51143,2013,6.9,30437
51143,2014,6.2,30353
51143,2015,5.2,30185
51143,2016,4.7,29732
51143,2017,4.2,30945
51143,2018,3.6,30612
51143,2019,3.3,30198
51143,2020,6.7,29723
51143,2021,4.0,29567
51143,2022,3.0,30156
51145,2010,7.2,13529
51145,2011,6.2,13533
51145,2012,5.5,13540
51145,2013,5.0,13567
51145,2014,4.4,13711
51145,2015,3.9,13442
51145,2016,3.5,13656
51145,2017,3.3,13863
51145,2018,2.7,14083
51145,2019,2.5,14398
51145,2020,5.0,14045
51145,2021,2.9,14102
51145,2022,2.5,14669
51147,2010,9.9,10298
51147,2011,9.0,10368
51147,2012,8.3,10263
51147,2013,8.2,9985
51147,2014,7.5,10055
51147,2015,6.2,10096
51147,2016,5.3,10166
51147,2017,4.8,10336
51147,2018,3.9,10444
51147,2019,3.7,10473
51147,2020,6.7,10061
51147,2021,4.8,9977
51147,2022,3.8,9941
51149,2010,8.2,13985
51149,2011,7.8,14507
51149,2012,7.3,14638
51149,2013,6.8,14740
51149,2014,6.2,14812
51149,2015,5.3,14928
51149,2016,4.8,14949
51149,2017,4.4,15063
51149,2018,3.6,15047
51149,2019,3.3,15224
51149,2020,6.7,14858
51149,2021,4.5,14874
51149,2022,3.3,15388
51153,2010,6.2,218644
51153,2011,5.6,224848
51153,2012,5.2,228525
51153,2013,5.1,231198
51153,2014,4.8,232639
51153,2015,4.1,232296
51153,2016,3.6,235285
51153,2017,3.4,241599
51153,2018,2.8,243484
51153,2019,2.5,248487
51153,2020,6.7,245636
51153,2021,3.9,244085
51153,2022,2.6,250685
51155,2010,11.3,17011
51155,2011,8.7,16855
51155,2012,7.3,16857
51155,2013,7.4,16853
51155,2014,6.0,16511
51155,2015,5.0,16373
51155,2016,5.9,16285
51155,2017,5.3,16355
51155,2018,3.5,16037
51155,2019,3.4,16291
51155,2020,8.1,16082
51155,2021,3.9,16039
51155,2022,3.0,16602
51157,2010,6.5,4030
51157,2011,5.6,3997
51157,2012,5.3,3958
51157,2013,5.0,3918
51157,2014,4.7,3811
51157,2015,4.1,3749
51157,2016,3.5,3717
51157,2017,3.5,3682
51157,2018,2.8,3655
51157,2019,2.5,3780
51157,2020,4.7,3593
51157,2021,2.9,3622
51157,2022,2.5,3710
51159,2010,7.2,4371
51159,2011,6.6,4259
51159,2012,6.3,3920
51159,2013,6.0,3940
51159,2014,5.3,3986
51159,2015,4.5,3915
51159,2016,3.6,3913
51159,2017,3.6,4083
51159,2018,3.1,4066
51159,2019,2.9,4084
51159,2020,5.0,4004
51159,2021,3.5,3958
51159,2022,2.8,3960
51161,2010,6.5,49317
51161,2011,5.7,49648
51161,2012,5.1,49504
51161,2013,4.9,49848
51161,2014,4.5,50161
51161,2015,3.9,49273
51161,2016,3.5,49206
51161,2017,3.4,49368
51161,2018,2.7,49269
51161,2019,2.5,49909
51161,2020,5.3,48652
51161,2021,3.1,48447
51161,2022,2.5,49776
51163,2010,7.7,11158
51163,2011,6.8,10993
51163,2012,6.0,10752
51163,2013,5.7,10419
51163,2014,5.2,10334
51163,2015,4.6,10363
51163,2016,4.3,10475
51163,2017,4.1,10672
51163,2018,3.0,10611
51163,2019,2.7,10851
51163,2020,5.7,10348
51163,2021,3.7,10483
51163,2022,2.8,10755
51165,2010,6.9,40427
51165,2011,6.0,41252
51165,2012,5.6,40816
51165,2013,5.0,40640
51165,2014,4.6,40524
51165,2015,4.1,40273
51165,2016,3.5,40616
51165,2017,3.2,40983
51165,2018,2.7,41252
51165,2019,2.3,42722
51165,2020,4.9,41404
51165,2021,2.9,41832
51165,2022,2.5,42907
51167,2010,10.5,12109
51167,2011,9.5,11924
51167,2012,8.5,11758
51167,2013,8.3,11598
51167,2014,7.7,11308
51167,2015,6.5,11465
51167,2016,6.4,11253
51167,2017,5.2,11543
51167,2018,4.3,11232
51167,2019,4.1,11291
51167,2020,6.9,11100
51167,2021,4.3,10731
51167,2022,3.4,11006
51169,2010,8.6,10086
51169,2011,7.3,10135
51169,2012,7.4,10069
51169,2013,6.8,10003
51169,2014,5.7,9817
51169,2015,5.1,9537
51169,2016,4.8,9436
51169,2017,4.0,9392
51169,2018,3.3,9137
51169,2019,3.1,9146
51169,2020,5.5,8925
51169,2021,3.6,8875
51169,2022,3.1,9184
51171,2010,8.4,20865
51171,2011,7.0,21047
51171,2012,6.2,20800
51171,2013,5.5,20945
51171,2014,4.9,21298
51171,2015,4.2,21120
51171,2016,3.7,20856
51171,2017,3.3,21831
51171,2018,2.9,22261
51171,2019,2.5,22369
51171,2020,5.5,21981
51171,2021,3.6,21760
51171,2022,2.7,22145
51173,2010,12.4,13740
51173,2011,10.9,13728
51173,2012,9.4,13486
51173,2013,8.9,13397
51173,2014,7.8,13485
51173,2015,6.4,13509
51173,2016,5.7,13691
51173,2017,4.9,14009
51173,2018,4.0,13716
51173,2019,3.7,13762
51173,2020,6.7,13314
51173,2021,4.1,13517
51173,2022,3.1,13571
51175,2010,8.8,9510
51175,2011,7.7,9426
51175,2012,6.2,9479
51175,2013,5.5,9244
51175,2014,4.8,9156
51175,2015,4.0,9234
51175,2016,3.9,9049
51175,2017,3.6,9120
51175,2018,2.8,9066
51175,2019,2.6,9171
51175,2020,5.1,9015
51175,2021,3.5,8817
51175,2022,2.7,9036
51177,2010,7.2,63445
51177,2011,6.7,64187
51177,2012,6.0,64049
51177,2013,5.7,64172
51177,2014,5.3,64336
51177,2015,4.6,64057
51177,2016,4.0,65027
51177,2017,3.7,66005
51177,2018,3.1,66424
51177,2019,2.9,68488
51177,2020,6.2,67452
51177,2021,3.8,67326
51177,2022,2.9,69356
51179,2010,6.7,63985
51179,2011,6.2,65045
51179,2012,5.7,65422
51179,2013,5.5,66106
51179,2014,5.2,66910
51179,2015,4.4,66918
51179,2016,3.9,68383
51179,2017,3.6,70099
51179,2018,3.0,71426
51179,2019,2.7,73947
51179,2020,5.8,73203
51179,2021,3.6,73204
51179,2022,2.8,75585
51181,2010,9.2,3700
51181,2011,8.4,3753
51181,2012,7.6,3682
51181,2013,7.1,3633
51181,2014,6.1,3676
51181,2015,5.0,3731
51181,2016,5.2,3660
51181,2017,4.3,3773
51181,2018,3.4,3766
51181,2019,3.4,3685
51181,2020,5.9,3572
51181,2021,3.7,3552
51181,2022,2.8,3649
51183,2010,11.7,4291
51183,2011,10.5,4375
51183,2012,9.6,4270
51183,2013,9.1,4183
51183,2014,7.7,4120
51183,2015,6.8,4088
51183,2016,6.2,3952
51183,2017,5.9,3855
51183,2018,5.0,3776
51183,2019,4.5,3788
51183,2020,8.9,3663
51183,2021,6.3,3639
51183,2022,4.1,3689
51185,2010,9.0,18427
51185,2011,8.0,18172
51185,2012,8.1,17940
51185,2013,8.4,17665
51185,2014,8.0,17273
51185,2015,7.3,16670
51185,2016,7.4,15965
51185,2017,5.6,16303
51185,2018,4.4,15974
51185,2019,4.3,15738
51185,2020,7.9,15388
51185,2021,5.2,15067
51185,2022,4.1,15403
51187,2010,8.3,20137
51187,2011,7.4,20087
51187,2012,6.6,20028
51187,2013,6.0,20091
51187,2014,5.5,19983
51187,2015,4.7,19697
51187,2016,4.0,19725
51187,2017,3.7,20052
51187,2018,3.1,20253
51187,2019,2.8,20646
51187,2020,6.0,20172
51187,2021,3.5,20135
51187,2022,2.8,20735
51191,2010,8.1,27455
51191,2011,7.1,27852
51191,2012,6.6,27726
51191,2013,6.2,27842
51191,2014,5.7,27712
51191,2015,4.7,27083
51191,2016,4.4,26881
51191,2017,4.1,27081
51191,2018,3.4,26772
51191,2019,3.3,26441
51191,2020,6.0,25752
51191,2021,3.6,25483
51191,2022,2.8,26319
51193,2010,8.3,9193
51193,2011,7.5,9388
51193,2012,7.1,9136
51193,2013,6.7,9099
51193,2014,6.3,9042
51193,2015,5.3,8954
51193,2016,4.5,8989
51193,2017,4.4,9444
51193,2018,3.7,9408
51193,2019,3.5,9555
51193,2020,6.0,9446
51193,2021,4.4,9572
51193,2022,3.0,9543
51195,2010,8.5,17005
51195,2011,7.6,17229
51195,2012,8.8,15979
51195,2013,10.1,15086
51195,2014,9.3,14471
51195,2015,8.2,13831
51195,2016,8.3,13211
51195,2017,6.3,13666
51195,2018,5.0,13262
51195,2019,4.6,13403
51195,2020,7.8,13021
51195,2021,5.2,12695
51195,2022,4.0,12830
51197,2010,11.3,14302
51197,2011,9.2,14360
51197,2012,7.6,14096
51197,2013,7.6,13995
51197,2014,6.3,13834
51197,2015,5.4,13694
51197,2016,5.6,13673
51197,2017,5.0,14162
51197,2018,3.8,13783
51197,2019,3.5,13787
51197,2020,8.0,13750
51197,2021,4.0,13588
51197,2022,2.9,14083
51199,2010,6.3,31326
51199,2011,6.1,31856
51199,2012,5.7,31672
51199,2013,5.3,31847
51199,2014,4.9,31944
51199,2015,4.2,32121
51199,2016,3.8,32155
51199,2017,3.5,32817
51199,2018,2.8,32790
51199,2019,2.6,33247
51199,2020,5.7,32518
51199,2021,3.3,32419
51199,2022,2.7,33232
51510,2010,5.0,90436
51510,2011,4.4,92366
51510,2012,4.0,93156
51510,2013,4.0,93742
51510,2014,3.8,93893
51510,2015,3.2,94551
51510,2016,2.9,96536
51510,2017,2.8,100279
51510,2018,2.3,100401
51510,2019,2.1,101332
51510,2020,6.2,98544
51510,2021,3.7,98279
51510,2022,2.3,100719
51520,2010,9.0,7991
51520,2011,8.3,8084
51520,2012,7.1,7988
51520,2013,6.8,7822
51520,2014,6.3,7746
51520,2015,5.3,7541
51520,2016,5.0,7455
51520,2017,4.5,7415
51520,2018,3.8,7206
51520,2019,3.7,7326
51520,2020,7.8,7499
51520,2021,4.7,7377
51520,2022,3.3,7555
51530,2010,10.2,3255
51530,2011,9.1,3235
51530,2012,7.7,3255
51530,2013,6.6,3314
51530,2014,5.7,3317
51530,2015,5.0,3307
51530,2016,5.0,3279
51530,2017,4.2,3387
51530,2018,3.2,3364
51530,2019,2.7,3479
51530,2020,5.8,3173
51530,2021,3.9,2981
51530,2022,2.8,3220
51540,2010,6.2,23229
51540,2011,5.6,23212
51540,2012,5.0,23400
51540,2013,4.6,23410
51540,2014,4.2,24308
51540,2015,3.6,24746
51540,2016,3.3,24916
51540,2017,3.1,26018
51540,2018,2.6,26070
51540,2019,2.3,26267
51540,2020,6.7,25071
51540,2021,3.6,24943
51540,2022,2.5,25706
51550,2010,7.4,113482
51550,2011,6.9,114467
51550,2012,6.3,115007
51550,2013,5.8,116363
51550,2014,5.2,117670
51550,2015,4.5,116777
51550,2016,4.2,118086
51550,2017,3.7,122020
51550,2018,3.0,122800
51550,2019,2.8,124798
51550,2020,6.3,121987
51550,2021,3.8,121486
51550,2022,2.8,124115
51570,2010,8.5,8548
51570,2011,7.5,8547
51570,2012,6.8,8602
51570,2013,6.3,8662
51570,2014,5.7,8732
51570,2015,4.7,8700
51570,2016,4.4,8723
51570,2017,4.0,8831
51570,2018,3.4,8773
51570,2019,3.2,8601
51570,2020,7.4,8316
51570,2021,4.7,8285
51570,2022,3.1,8532
51580,2010,10.8,2694
51580,2011,9.4,2658
51580,2012,8.8,2639
51580,2013,8.2,2560
51580,2014,7.9,2495
51580,2015,5.9,2427
51580,2016,5.8,2385
51580,2017,6.0,2469
51580,2018,4.7,2410
51580,2019,4.1,2418
51580,2020,9.9,2396
51580,2021,5.7,2287
51580,2022,4.0,2285
51590,2010,13.8,20163
51590,2011,11.6,20246
51590,2012,10.1,19924
51590,2013,9.6,19789
51590,2014,8.5,19649
51590,2015,7.1,19184
51590,2016,6.0,19125
51590,2017,5.6,20117
51590,2018,5.1,19654
51590,2019,4.9,19201
51590,2020,10.0,19110
51590,2021,6.3,18558
51590,2022,4.5,18699
51595,2010,12.7,2576
51595,2011,10.8,2553
51595,2012,10.3,2464
51595,2013,9.6,2380
51595,2014,8.0,2319
51595,2015,6.8,2252
51595,2016,6.3,2246
51595,2017,5.2,2384
51595,2018,4.8,2343
51595,2019,4.9,2314
51595,2020,11.4,2333
51595,2021,7.6,2346
51595,2022,4.6,2323
51600,2010,5.6,12674
51600,2011,4.9,12692
51600,2012,4.2,12918
51600,2013,4.1,13118
51600,2014,4.0,13292
51600,2015,3.5,12853
51600,2016,3.0,12993
51600,2017,2.8,13082
51600,2018,2.3,13327
51600,2019,2.1,13238
51600,2020,6.0,12587
51600,2021,3.4,12548
51600,2022,2.4,12903
51610,2010,5.0,7388
51610,2011,4.2,7506
51610,2012,3.9,7719
51610,2013,3.8,7846
51610,2014,3.5,7818
51610,2015,3.0,7878
51610,2016,2.7,7993
51610,2017,2.6,8408
51610,2018,2.2,8516
51610,2019,2.1,8570
51610,2020,3.9,8187
51610,2021,2.6,8277
51610,2022,2.1,8555
51620,2010,12.9,3719
51620,2011,11.4,3668
51620,2012,9.8,3721
51620,2013,9.1,3693
51620,2014,7.7,3625
51620,2015,6.6,3622
51620,2016,6.0,3540
51620,2017,5.2,3604
51620,2018,4.4,3604
51620,2019,3.9,3602
51620,2020,8.6,3620
51620,2021,6.6,3508
51620,2022,3.9,3476
51630,2010,9.2,12446
51630,2011,8.0,13052
51630,2012,6.9,13577
51630,2013,6.3,13763
51630,2014,6.0,13716
51630,2015,5.3,13419
51630,2016,4.7,13575
51630,2017,4.3,13722
51630,2018,3.5,14020
51630,2019,3.3,14196
51630,2020,7.4,14065
51630,2021,4.6,13982
51630,2022,3.2,14352
51640,2010,11.2,3179
51640,2011,10.3,3099
51640,2012,8.7,3051
51640,2013,8.4,3018
51640,2014,7.2,3003
51640,2015,5.4,2957
51640,2016,4.9,2905
51640,2017,4.1,3034
51640,2018,3.5,2942
51640,2019,3.2,2929
51640,2020,8.0,2862
51640,2021,4.1,2812
51640,2022,3.0,2844
51650,2010,9.2,66782
51650,2011,8.9,66340
51650,2012,8.1,65857
51650,2013,7.3,65830
51650,2014,6.6,65793
51650,2015,5.9,64501
51650,2016,5.6,64029
51650,2017,5.0,65043
51650,2018,4.1,64521
51650,2019,3.7,64982
51650,2020,8.8,64507
51650,2021,5.5,63680
51650,2022,3.7,64499
51660,2010,8.5,23202
51660,2011,7.8,23747
51660,2012,7.2,24084
51660,2013,6.6,24033
51660,2014,6.0,24296
51660,2015,5.2,23977
51660,2016,4.7,24259
51660,2017,4.4,25005
51660,2018,3.5,24655
51660,2019,3.2,24813
51660,2020,6.6,24173
51660,2021,4.1,24263
51660,2022,3.3,24906
51670,2010,11.8,9884
51670,2011,11.3,9895
51670,2012,9.9,9719
51670,2013,9.5,9650
51670,2014,8.8,9682
51670,2015,7.5,9655
51670,2016,6.4,9786
51670,2017,6.1,9833
51670,2018,4.8,9686
51670,2019,4.3,9675
51670,2020,11.2,9662
51670,2021,7.2,9474
51670,2022,4.3,9635
51678,2010,9.5,2304
51678,2011,9.1,2289
51678,2012,8.6,2279
51678,2013,8.3,2251
51678,2014,7.6,2280
51678,2015,6.7,2260
51678,2016,6.0,2267
51678,2017,6.0,2142
51678,2018,4.7,2086
51678,2019,4.7,2099
51678,2020,7.2,2027
51678,2021,4.9,2082
51678,2022,4.0,2213
51680,2010,8.7,35899
51680,2011,8.0,35703
51680,2012,7.3,35536
51680,2013,6.9,35740
51680,2014,6.3,36112
51680,2015,5.5,35763
51680,2016,5.1,35557
51680,2017,4.9,36372
51680,2018,4.0,36391
51680,2019,3.7,36674
51680,2020,7.5,35578
51680,2021,5.0,35105
51680,2022,3.8,35533
51683,2010,7.2,21004
51683,2011,6.1,21377
51683,2012,5.5,21898
51683,2013,5.3,22246
51683,2014,4.9,22193
51683,2015,4.1,21681
51683,2016,3.6,21626
51683,2017,3.3,21844
51683,2018,2.7,21861
51683,2019,2.5,21908
51683,2020,6.8,21329
51683,2021,3.9,21183
51683,2022,2.5,21729
51685,2010,6.4,8076
51685,2011,5.6,8621
51685,2012,5.2,8743
51685,2013,5.0,8808
51685,2014,4.7,8190
51685,2015,4.1,8367
51685,2016,3.6,8493
51685,2017,3.3,8926
51685,2018,2.7,9300
51685,2019,2.5,9534
51685,2020,6.9,9637
51685,2021,3.8,9554
51685,2022,2.5,9791
51690,2010,17.8,6161
51690,2011,15.2,5892
51690,2012,12.6,5729
51690,2013,11.0,5693
51690,2014,9.7,5559
51690,2015,8.7,5375
51690,2016,7.0,5167
51690,2017,6.2,5560
51690,2018,4.6,5492
51690,2019,4.1,5493
51690,2020,11.3,5612
51690,2021,7.3,5535
51690,2022,4.5,5571
51700,2010,8.5,90822
51700,2011,8.1,90550
51700,2012,7.3,89872
51700,2013,6.6,90463
51700,2014,6.1,90995
51700,2015,5.4,89143
51700,2016,5.0,88936
51700,2017,4.6,89790
51700,2018,3.7,88931
51700,2019,3.4,89819
51700,2020,9.0,88923
51700,2021,5.4,87501
51700,2022,3.5,88557
51710,2010,9.0,112640
51710,2011,8.3,112742
51710,2012,7.5,112642
51710,2013,6.8,112752
51710,2014,6.2,112403
51710,2015,5.5,110946
51710,2016,5.2,110464
51710,2017,4.6,112669
51710,2018,3.7,111790
51710,2019,3.4,111914
51710,2020,9.0,110941
51710,2021,5.5,109285
51710,2022,3.4,110326
51720,2010,7.4,2082
51720,2011,6.9,2109
51720,2012,7.5,1990
51720,2013,8.1,1869
51720,2014,7.6,1811
51720,2015,6.8,1739
51720,2016,6.7,1662
51720,2017,5.2,1717
51720,2018,4.0,1672
51720,2019,3.6,1685
51720,2020,7.6,1648
51720,2021,4.9,1603
51720,2022,3.7,1601
51730,2010,14.3,13922
51730,2011,12.8,13690
51730,2012,11.7,13585
51730,2013,11.4,13760
51730,2014,10.5,13827
51730,2015,9.1,13547
51730,2016,7.7,13214
51730,2017,7.2,13269
51730,2018,6.2,13039
51730,2019,5.6,12965
51730,2020,14.7,13008
51730,2021,10.1,12655
51730,2022,5.5,12608
51735,2010,6.2,6402
51735,2011,5.7,6360
51735,2012,5.3,6353
51735,2013,4.9,6349
51735,2014,4.5,6321
51735,2015,3.8,6226
51735,2016,3.4,6176
51735,2017,3.4,6326
51735,2018,2.7,6387
51735,2019,2.4,6479
51735,2020,4.3,6185
51735,2021,2.8,6223
51735,2022,2.4,6378
51740,2010,9.8,45555
51740,2011,9.3,45701
51740,2012,8.6,45630
51740,2013,7.9,45461
51740,2014,7.1,45226
51740,2015,6.1,44417
51740,2016,6.0,44103
51740,2017,5.3,44681
51740,2018,4.1,44342
51740,2019,3.9,44522
51740,2020,9.8,44643
51740,2021,6.4,44017
51740,2022,3.7,44161
51750,2010,9.5,7802
51750,2011,8.4,8069
51750,2012,7.8,8092
51750,2013,7.4,8336
51750,2014,6.6,8495
51750,2015,5.6,8323
51750,2016,5.3,8267
51750,2017,4.9,8417
51750,2018,3.8,8650
51750,2019,3.5,8737
51750,2020,6.5,8476
51750,2021,4.1,8607
51750,2022,3.4,8960
51760,2010,9.7,106682
51760,2011,8.5,107496
51760,2012,7.3,109135
51760,2013,6.6,110460
51760,2014,6.0,112740
51760,2015,5.1,113141
51760,2016,4.6,114798
51760,2017,4.3,117943
51760,2018,3.6,118035
51760,2019,3.3,119445
51760,2020,9.1,119637
51760,2021,5.3,117789
51760,2022,3.3,120698
51770,2010,8.9,49374
51770,2011,8.0,49394
51770,2012,7.1,49563
51770,2013,6.5,49777
51770,2014,5.8,50256
51770,2015,4.8,49096
51770,2016,4.2,48997
51770,2017,4.1,49421
51770,2018,3.3,49080
51770,2019,3.0,49261
51770,2020,7.9,48949
51770,2021,4.8,48170
51770,2022,3.1,48968
51775,2010,7.0,12806
51775,2011,6.3,12814
51775,2012,5.8,12896
51775,2013,5.7,13052
51775,2014,5.1,13166
51775,2015,4.4,12816
51775,2016,3.9,12909
51775,2017,3.7,13160
51775,2018,3.0,12957
51775,2019,2.8,12930
51775,2020,6.0,12636
51775,2021,3.6,12532
51775,2022,2.8,12881
51790,2010,8.0,11864
51790,2011,7.1,11985
51790,2012,6.3,11807
51790,2013,5.7,11957
51790,2014,5.1,12083
51790,2015,4.3,11857
51790,2016,3.8,11808
51790,2017,3.5,11975
51790,2018,2.9,12064
51790,2019,2.7,12295
51790,2020,6.5,12150
51790,2021,3.8,12003
51790,2022,2.6,12456
51800,2010,7.8,41816
51800,2011,7.4,41842
51800,2012,6.9,41732
51800,2013,6.2,41988
51800,2014,5.7,42508
51800,2015,4.9,42458
51800,2016,4.6,43013
51800,2017,4.0,44405
51800,2018,3.2,44684
51800,2019,3.0,45444
51800,2020,6.6,44972
51800,2021,4.3,44866
51800,2022,3.0,45674
51810,2010,6.7,227179
51810,2011,6.1,228853
51810,2012,5.6,228708
51810,2013,5.3,231089
51810,2014,4.8,232581
51810,2015,4.2,229696
51810,2016,3.9,229517
51810,2017,3.5,233787
51810,2018,2.9,233270
51810,2019,2.7,234807
51810,2020,6.4,228946
51810,2021,3.7,227474
51810,2022,2.7,232244
51820,2010,9.2,10189
51820,2011,8.1,10161
51820,2012,6.9,10024
51820,2013,5.9,10030
51820,2014,5.2,10104
51820,2015,4.7,10050
51820,2016,4.1,10205
51820,2017,4.0,10520
51820,2018,3.2,10563
51820,2019,2.9,10738
51820,2020,6.8,10563
51820,2021,4.1,10432
51820,2022,2.9,10829
51830,2010,10.4,6530
51830,2011,9.0,6733
51830,2012,8.2,6832
51830,2013,7.5,6876
51830,2014,7.2,6658
51830,2015,6.3,6682
51830,2016,5.4,6720
51830,2017,5.1,6804
51830,2018,4.1,6700
51830,2019,3.8,6772
51830,2020,8.4,6780
51830,2021,4.8,6673
51830,2022,3.9,6817
51840,2010,8.5,13705
51840,2011,7.4,14053
51840,2012,6.5,14223
51840,2013,5.7,14363
51840,2014,5.0,14481
51840,2015,4.3,14256
51840,2016,3.9,14345
51840,2017,3.6,14611
51840,2018,3.0,14604
51840,2019,2.8,14830
51840,2020,6.1,14563
51840,2021,3.5,14615
51840,2022,2.6,15080
