fips,county,state,role,dc_opening_year,primary_operator,all_operators,analysis_diD,classifier_dc,cohort_flags
01001,Autauga County,AL,control,,,,1,0,
01003,Baldwin County,AL,control,,,,1,0,
01031,Coffee County,AL,control,,,,1,0,
01033,Colbert County,AL,control,,,,1,0,
01045,Dale County,AL,control,,,,1,0,
01097,Mobile County,AL,control,,,,1,0,MINOR_COLO
01101,Montgomery County,AL,control,,,,1,0,FUTURE_DC_2023plus
01117,Shelby County,AL,control,,,,1,0,FUTURE_DC_2023plus
04015,Mohave County,AZ,control,,,,1,0,CROSS_STATE_FILL
04019,Pima County,AZ,control,,,,1,0,FUTURE_DC_2023plus
04021,Pinal County,AZ,control,,,,1,0,FUTURE_DC_2023plus
04025,Yavapai County,AZ,control,,,,1,0,
04027,Yuma County,AZ,control,,,,1,0,
06013,Contra Costa County,CA,control,,,,1,0,FUTURE_DC_2023plus
06019,Fresno County,CA,control,,,,1,0,MINOR_COLO
13015,Bartow County,GA,control,,,,1,0,FUTURE_DC_2023plus
13113,Fayette County,GA,control,,,,1,0,FUTURE_DC_2023plus
13115,Floyd County,GA,control,,,,1,0,BACKFILL
13185,Lowndes County,GA,control,,,,1,0,
19013,Black Hawk County,IA,control,,,,1,0,MINOR_COLO
19103,Johnson County,IA,control,,,,1,0,
19113,Linn County,IA,control,,,,1,0,FUTURE_DC_2023plus
19163,Scott County,IA,control,,,,1,0,FUTURE_DC_2023plus
17097,Lake County,IL,control,,,,1,0,BACKFILL
17115,Macon County,IL,control,,,,1,0,
18039,Elkhart County,IN,control,,,,1,0,FUTURE_DC_2023plus
18057,Hamilton County,IN,control,,,,1,0,FUTURE_DC_2023plus
29077,Greene County,MO,control,,,,1,0,MINOR_COLO
29099,Jefferson County,MO,control,,,,1,0,FUTURE_DC_2023plus
37001,Alamance County,NC,control,,,,1,0,
37031,Carteret County,NC,control,,,,1,0,
37057,Davidson County,NC,control,,,,1,0,
37069,Franklin County,NC,control,,,,1,0,
37135,Orange County,NC,control,,,,1,0,
37151,Randolph County,NC,control,,,,1,0,
37163,Sampson County,NC,control,,,,1,0,
37193,Wilkes County,NC,control,,,,1,0,
31053,Dodge County,NE,control,,,,1,0,
31079,Hall County,NE,control,,,,1,0,MINOR_COLO
31109,Lancaster County,NE,control,,,,1,0,FUTURE_DC_2023plus
31157,Scotts Bluff County,NE,control,,,,1,0,BACKFILL
35001,Bernalillo County,NM,control,,,,1,0,MINOR_COLO;CROSS_STATE_FILL
35005,Chaves County,NM,control,,,,1,0,FUTURE_DC_2023plus
35013,Doña Ana County,NM,control,,,,1,0,FUTURE_DC_2023plus;CROSS_STATE_FILL
35025,Lea County,NM,control,,,,1,0,FUTURE_DC_2023plus
35031,McKinley County,NM,control,,,,1,0,
35035,Otero County,NM,control,,,,1,0,
35049,Santa Fe County,NM,control,,,,1,0,CROSS_STATE_FILL
32005,Douglas County,NV,control,,,,1,0,
32007,Elko County,NV,control,,,,1,0,MINOR_COLO
32019,Lyon County,NV,control,,,,1,0,FUTURE_DC_2023plus
32023,Nye County,NV,control,,,,1,0,
32510,Carson City,NV,control,,,,1,0,MINOR_COLO
39045,Fairfield County,OH,control,,,,1,0,FUTURE_DC_2023plus
39057,Greene County,OH,control,,,,1,0,FUTURE_DC_2023plus
39061,Hamilton County,OH,control,,,,1,0,MINOR_COLO
39077,Huron County,OH,control,,,,1,0,
39095,Lucas County,OH,control,,,,1,0,MINOR_COLO
39103,Medina County,OH,control,,,,1,0,FUTURE_DC_2023plus
39113,Montgomery County,OH,control,,,,1,0,MINOR_COLO
39129,Pickaway County,OH,control,,,,1,0,FUTURE_DC_2023plus
39133,Portage County,OH,control,,,,1,0,
39143,Sandusky County,OH,control,,,,1,0,
39147,Seneca County,OH,control,,,,1,0,
39153,Summit County,OH,control,,,,1,0,MINOR_COLO
40041,Delaware County,OK,control,,,,1,0,
40087,McClain County,OK,control,,,,1,0,
40111,Okmulgee County,OK,control,,,,1,0,
40135,Sequoyah County,OK,control,,,,1,0,
41003,Benton County,OR,control,,,,1,0,MINOR_COLO
41007,Clatsop County,OR,control,,,,1,0,MINOR_COLO
41009,Columbia County,OR,control,,,,1,0,
41011,Coos County,OR,control,,,,1,0,
41033,Josephine County,OR,control,,,,1,0,
41035,Klamath County,OR,control,,,,1,0,MINOR_COLO
41041,Lincoln County,OR,control,,,,1,0,
41045,Malheur County,OR,control,,,,1,0,
41053,Polk County,OR,control,,,,1,0,
41057,Tillamook County,OR,control,,,,1,0,
41061,Union County,OR,control,,,,1,0,
41071,Yamhill County,OR,control,,,,1,0,
45007,Anderson County,SC,control,,,,1,0,MINOR_COLO
45013,Beaufort County,SC,control,,,,1,0,
47009,Blount County,TN,control,,,,1,0,
47163,Sullivan County,TN,control,,,,1,0,MINOR_COLO
47187,Williamson County,TN,control,,,,1,0,MINOR_COLO
47189,Wilson County,TN,control,,,,1,0,
48135,Ector County,TX,control,,,,1,0,FUTURE_DC_2023plus
48141,El Paso County,TX,control,,,,1,0,FUTURE_DC_2023plus
48157,Fort Bend County,TX,control,,,,1,0,BACKFILL
48187,Guadalupe County,TX,control,,,,1,0,FUTURE_DC_2023plus
48215,Hidalgo County,TX,control,,,,1,0,MINOR_COLO
48251,Johnson County,TX,control,,,,1,0,
48329,Midland County,TX,control,,,,1,0,MINOR_COLO
48339,Montgomery County,TX,control,,,,1,0,MINOR_COLO;BACKFILL
49003,Box Elder County,UT,control,,,,1,0,FUTURE_DC_2023plus
49005,Cache County,UT,control,,,,1,0,
49011,Davis County,UT,control,,,,1,0,MINOR_COLO;CROSS_STATE_FILL
49021,Iron County,UT,control,,,,1,0,BACKFILL
49045,Tooele County,UT,control,,,,1,0,
49053,Washington County,UT,control,,,,1,0,MINOR_COLO;CROSS_STATE_FILL
49057,Weber County,UT,control,,,,1,0,MINOR_COLO;CROSS_STATE_FILL
51013,Arlington County,VA,control,,,,1,0,
51015,Augusta County,VA,control,,,,1,0,
51019,Bedford County,VA,control,,,,1,0,
51033,Caroline County,VA,control,,,,1,0,FUTURE_DC_2023plus
51035,Carroll County,VA,control,,,,1,0,
51041,Chesterfield County,VA,control,,,,1,0,FUTURE_DC_2023plus
51095,James City County,VA,control,,,,1,0,
51173,Smyth County,VA,control,,,,1,0,
51510,Alexandria city,VA,control,,,,1,0,BACKFILL
51550,Chesapeake city,VA,control,,,,1,0,
51680,Lynchburg city,VA,control,,,,1,0,MINOR_COLO
51700,Newport News city,VA,control,,,,1,0,MINOR_COLO
51710,Norfolk city,VA,control,,,,1,0,MINOR_COLO
51730,Petersburg city,VA,control,,,,1,0,FUTURE_DC_2023plus
51760,Richmond city,VA,control,,,,1,0,
51810,Virginia Beach city,VA,control,,,,1,0,MINOR_COLO
53015,Cowlitz County,WA,control,,,,1,0,MINOR_COLO
53021,Franklin County,WA,control,,,,1,0,MINOR_COLO
56005,Campbell County,WY,control,,,,1,0,
56013,Fremont County,WY,control,,,,1,0,
56025,Natrona County,WY,control,,,,1,0,FUTURE_DC_2023plus
56037,Sweetwater County,WY,control,,,,1,0,
01071,Jackson County,AL,treated,2021,Google,Google,1,1,
01089,Madison County,AL,treated,2021,Meta,Meta,1,1,
04013,Maricopa County,AZ,treated,2016,Oracle,Oracle;Apple;Microsoft;Meta,1,1,PRE_COVID_COHORT;MULTIPLE_OPERATORS;HUGE_METRO
06001,Alameda County,CA,treated,2006,Apple,Apple,0,1,ALWAYS_TREATED;HUGE_METRO
06085,Santa Clara County,CA,treated,2009,AWS,AWS;Oracle,0,1,ALWAYS_TREATED;MULTIPLE_OPERATORS;HUGE_METRO
13097,Douglas County,GA,treated,2003,Google,Google,0,1,ALWAYS_TREATED
13217,Newton County,GA,treated,2021,Meta,Meta,1,1,
19049,Dallas County,IA,treated,2024,Apple,Apple,0,0,POST_PANEL_2023plus
19153,Polk County,IA,treated,2012,Microsoft,Microsoft;Meta,1,1,PRE_COVID_COHORT;MULTIPLE_OPERATORS;COUNTY_BORDER_AMBIGUITY
19155,Pottawattamie County,IA,treated,2009,Google,Google,0,1,ALWAYS_TREATED
17031,Cook County,IL,treated,2009,Microsoft,Microsoft;Oracle,0,1,ALWAYS_TREATED;MULTIPLE_OPERATORS;HUGE_METRO
17037,DeKalb County,IL,treated,2023,Meta,Meta,0,0,POST_PANEL_2023plus
18003,Allen County,IN,treated,2025,Google,Google,0,0,POST_PANEL_2023plus
18141,St. Joseph County,IN,treated,2025,AWS,AWS,0,0,POST_PANEL_2023plus
29047,Clay County,MO,treated,2025,Meta,Meta,0,0,POST_PANEL_2023plus;COUNTY_BORDER_AMBIGUITY
37027,Caldwell County,NC,treated,2008,Google,Google,0,1,ALWAYS_TREATED
37035,Catawba County,NC,treated,2010,Apple,Apple,1,1,PRE_COVID_COHORT
37161,Rutherford County,NC,treated,2012,Meta,Meta,1,1,PRE_COVID_COHORT
31153,Sarpy County,NE,treated,2019,Meta,Meta;Google,1,1,ORIGINAL_COHORT;MULTIPLE_OPERATORS
35061,Valencia County,NM,treated,2019,Meta,Meta,1,1,
32003,Clark County,NV,treated,2020,Google,Google,1,1,HUGE_METRO
32029,Storey County,NV,treated,2021,Google,Google,1,1,
32031,Washoe County,NV,treated,2012,Apple,Apple,1,1,PRE_COVID_COHORT;COUNTY_BORDER_AMBIGUITY
39049,Franklin County,OH,treated,2016,AWS,AWS,1,1,PRE_COVID_COHORT;HUGE_METRO;COUNTY_BORDER_AMBIGUITY
39089,Licking County,OH,treated,2016,AWS,AWS;Meta;Google,1,1,ORIGINAL_COHORT;PRE_COVID_COHORT;MULTIPLE_OPERATORS;COUNTY_BORDER_AMBIGUITY
39159,Union County,OH,treated,2022,AWS,AWS,1,1,
40097,Mayes County,OK,treated,2011,Google,Google,1,1,PRE_COVID_COHORT
41013,Crook County,OR,treated,2011,Meta,Meta;Apple,1,1,PRE_COVID_COHORT;MULTIPLE_OPERATORS
41049,Morrow County,OR,treated,2011,AWS,AWS,1,1,PRE_COVID_COHORT
41059,Umatilla County,OR,treated,2017,AWS,AWS,1,1,PRE_COVID_COHORT
41065,Wasco County,OR,treated,2006,Google,Google,0,1,ALWAYS_TREATED
45015,Berkeley County,SC,treated,2008,Google,Google,0,1,ALWAYS_TREATED
47125,Montgomery County,TN,treated,2019,Google,Google,1,1,
47165,Sumner County,TN,treated,2024,Meta,Meta,0,0,POST_PANEL_2023plus
48029,Bexar County,TX,treated,2008,Microsoft,Microsoft,0,1,ALWAYS_TREATED;HUGE_METRO
48139,Ellis County,TX,treated,2021,Google,Google,1,1,COUNTY_BORDER_AMBIGUITY
48439,Tarrant County,TX,treated,2017,Meta,Meta,1,1,PRE_COVID_COHORT;HUGE_METRO
49049,Utah County,UT,treated,2021,Meta,Meta,1,1,HUGE_METRO
51059,Fairfax County,VA,treated,2006,AWS,AWS,0,1,ALWAYS_TREATED;COUNTY_BORDER_AMBIGUITY
51087,Henrico County,VA,treated,2020,Meta,Meta,1,1,ORIGINAL_COHORT
51107,Loudoun County,VA,treated,2006,AWS,AWS;Oracle;Google,0,1,ALWAYS_TREATED;MULTIPLE_OPERATORS;HUGE_METRO
51117,Mecklenburg County,VA,treated,2012,Microsoft,Microsoft,1,1,PRE_COVID_COHORT
51153,Prince William County,VA,treated,2009,AWS,AWS,0,1,ALWAYS_TREATED
53025,Grant County,WA,treated,2007,Microsoft,Microsoft,0,1,ALWAYS_TREATED
56021,Laramie County,WY,treated,2013,Microsoft,Microsoft,1,1,PRE_COVID_COHORT
