fips,year,covid_deaths_per_100k,covid_cases_per_100k
01001,2010,0.0,0.0
01001,2011,0.0,0.0
01001,2012,0.0,0.0
01001,2013,0.0,0.0
01001,2014,0.0,0.0
01001,2015,0.0,0.0
01001,2016,0.0,0.0
01001,2017,0.0,0.0
01001,2018,0.0,0.0
01001,2019,0.0,0.0
01001,2020,86.674,7565.908
01001,2021,202.239,12329.361
01001,2022,126.399,14342.723
01001,2023,9.029,1536.656
01001,2024,0.0,0.0
01003,2010,0.0,0.0
01003,2011,0.0,0.0
01003,2012,0.0,0.0
01003,2013,0.0,0.0
01003,2014,0.0,0.0
01003,2015,0.0,0.0
01003,2016,0.0,0.0
01003,2017,0.0,0.0
01003,2018,0.0,0.0
01003,2019,0.0,0.0
01003,2020,75.647,6390.546
01003,2021,202.979,12361.979
01003,2022,59.202,12961.049
01003,2023,5.168,1195.32
01003,2024,0.0,0.0
01031,2010,0.0,0.0
01031,2011,0.0,0.0
01031,2012,0.0,0.0
01031,2013,0.0,0.0
01031,2014,0.0,0.0
01031,2015,0.0,0.0
01031,2016,0.0,0.0
01031,2017,0.0,0.0
01031,2018,0.0,0.0
01031,2019,0.0,0.0
01031,2020,73.555,6956.757
01031,2021,303.898,11977.856
01031,2022,92.912,12670.822
01031,2023,11.614,1718.865
01031,2024,0.0,0.0
01033,2010,0.0,0.0
01033,2011,0.0,0.0
01033,2012,0.0,0.0
01033,2013,0.0,0.0
01033,2014,0.0,0.0
01033,2015,0.0,0.0
01033,2016,0.0,0.0
01033,2017,0.0,0.0
01033,2018,0.0,0.0
01033,2019,0.0,0.0
01033,2020,109.547,8508.152
01033,2021,281.171,9424.696
01033,2022,111.373,18884.081
01033,2023,7.303,2185.463
01033,2024,0.0,0.0
01045,2010,0.0,0.0
01045,2011,0.0,0.0
01045,2012,0.0,0.0
01045,2013,0.0,0.0
01045,2014,0.0,0.0
01045,2015,0.0,0.0
01045,2016,0.0,0.0
01045,2017,0.0,0.0
01045,2018,0.0,0.0
01045,2019,0.0,0.0
01045,2020,127.849,6747.57
01045,2021,265.844,12314.061
01045,2022,103.497,12979.686
01045,2023,0.0,1558.536
01045,2024,0.0,0.0
01071,2010,0.0,0.0
01071,2011,0.0,0.0
01071,2012,0.0,0.0
01071,2013,0.0,0.0
01071,2014,0.0,0.0
01071,2015,0.0,0.0
01071,2016,0.0,0.0
01071,2017,0.0,0.0
01071,2018,0.0,0.0
01071,2019,0.0,0.0
01071,2020,65.571,9829.9
01071,2021,322.071,10684.255
01071,2022,144.642,13283.962
01071,2023,11.571,1724.138
01071,2024,0.0,0.0
01089,2010,0.0,0.0
01089,2011,0.0,0.0
01089,2012,0.0,0.0
01089,2013,0.0,0.0
01089,2014,0.0,0.0
01089,2015,0.0,0.0
01089,2016,0.0,0.0
01089,2017,0.0,0.0
01089,2018,0.0,0.0
01089,2019,0.0,0.0
01089,2020,49.134,6127.096
01089,2021,162.031,9813.788
01089,2022,77.565,14755.601
01089,2023,5.797,1418.256
01089,2024,0.0,0.0
01097,2010,0.0,0.0
01097,2011,0.0,0.0
01097,2012,0.0,0.0
01097,2013,0.0,0.0
01097,2014,0.0,0.0
01097,2015,0.0,0.0
01097,2016,0.0,0.0
01097,2017,0.0,0.0
01097,2018,0.0,0.0
01097,2019,0.0,0.0
01097,2020,122.189,6244.174
01097,2021,214.434,12809.275
01097,2022,88.864,12494.869
01097,2023,10.142,1099.939
01097,2024,0.0,0.0
01101,2010,0.0,0.0
01101,2011,0.0,0.0
01101,2012,0.0,0.0
01101,2013,0.0,0.0
01101,2014,0.0,0.0
01101,2015,0.0,0.0
01101,2016,0.0,0.0
01101,2017,0.0,0.0
01101,2018,0.0,0.0
01101,2019,0.0,0.0
01101,2020,121.618,7101.405
01101,2021,229.134,9589.717
01101,2022,90.332,13908.02
01101,2023,5.728,2029.162
01101,2024,0.0,0.0
01117,2010,0.0,0.0
01117,2011,0.0,0.0
01117,2012,0.0,0.0
01117,2013,0.0,0.0
01117,2014,0.0,0.0
01117,2015,0.0,0.0
01117,2016,0.0,0.0
01117,2017,0.0,0.0
01117,2018,0.0,0.0
01117,2019,0.0,0.0
01117,2020,48.259,7340.98
01117,2021,130.252,11975.711
01117,2022,44.511,15211.871
01117,2023,5.154,2177.743
01117,2024,0.0,0.0
04013,2010,0.0,0.0
04013,2011,0.0,0.0
04013,2012,0.0,0.0
04013,2013,0.0,0.0
04013,2014,0.0,0.0
04013,2015,0.0,0.0
04013,2016,0.0,0.0
04013,2017,0.0,0.0
04013,2018,0.0,0.0
04013,2019,0.0,0.0
04013,2020,118.393,7448.906
04013,2021,197.514,12672.005
04013,2022,107.743,14167.866
04013,2023,12.428,1145.303
04013,2024,0.0,0.0
04015,2010,0.0,0.0
04015,2011,0.0,0.0
04015,2012,0.0,0.0
04015,2013,0.0,0.0
04015,2014,0.0,0.0
04015,2015,0.0,0.0
04015,2016,0.0,0.0
04015,2017,0.0,0.0
04015,2018,0.0,0.0
04015,2019,0.0,0.0
04015,2020,165.627,6053.588
04015,2021,401.55,12792.797
04015,2022,206.071,13024.868
04015,2023,34.185,663.954
04015,2024,0.0,0.0
04019,2010,0.0,0.0
04019,2011,0.0,0.0
04019,2012,0.0,0.0
04019,2013,0.0,0.0
04019,2014,0.0,0.0
04019,2015,0.0,0.0
04019,2016,0.0,0.0
04019,2017,0.0,0.0
04019,2018,0.0,0.0
04019,2019,0.0,0.0
04019,2020,103.582,6768.061
04019,2021,203.464,10077.424
04019,2022,97.449,13280.673
04019,2023,16.16,901.766
04019,2024,0.0,0.0
04021,2010,0.0,0.0
04021,2011,0.0,0.0
04021,2012,0.0,0.0
04021,2013,0.0,0.0
04021,2014,0.0,0.0
04021,2015,0.0,0.0
04021,2016,0.0,0.0
04021,2017,0.0,0.0
04021,2018,0.0,0.0
04021,2019,0.0,0.0
04021,2020,84.798,6388.504
04021,2021,217.425,14240.295
04021,2022,106.286,14933.467
04021,2023,11.553,803.617
04021,2024,0.0,0.0
04025,2010,0.0,0.0
04025,2011,0.0,0.0
04025,2012,0.0,0.0
04025,2013,0.0,0.0
04025,2014,0.0,0.0
04025,2015,0.0,0.0
04025,2016,0.0,0.0
04025,2017,0.0,0.0
04025,2018,0.0,0.0
04025,2019,0.0,0.0
04025,2020,95.586,4963.015
04025,2021,323.589,11017.815
04025,2022,165.741,9835.706
04025,2023,29.377,705.933
04025,2024,0.0,0.0
04027,2010,0.0,0.0
04027,2011,0.0,0.0
04027,2012,0.0,0.0
04027,2013,0.0,0.0
04027,2014,0.0,0.0
04027,2015,0.0,0.0
04027,2016,0.0,0.0
04027,2017,0.0,0.0
04027,2018,0.0,0.0
04027,2019,0.0,0.0
04027,2020,247.771,13064.525
04027,2021,221.036,8121.527
04027,2022,116.008,12181.336
04027,2023,16.232,717.532
04027,2024,0.0,0.0
06001,2010,0.0,0.0
06001,2011,0.0,0.0
06001,2012,0.0,0.0
06001,2013,0.0,0.0
06001,2014,0.0,0.0
06001,2015,0.0,0.0
06001,2016,0.0,0.0
06001,2017,0.0,0.0
06001,2018,0.0,0.0
06001,2019,0.0,0.0
06001,2020,39.656,3115.188
06001,2021,53.538,5161.901
06001,2022,33.258,15237.326
06001,2023,6.7,886.855
06001,2024,0.0,0.0
06013,2010,0.0,0.0
06013,2011,0.0,0.0
06013,2012,0.0,0.0
06013,2013,0.0,0.0
06013,2014,0.0,0.0
06013,2015,0.0,0.0
06013,2016,0.0,0.0
06013,2017,0.0,0.0
06013,2018,0.0,0.0
06013,2019,0.0,0.0
06013,2020,29.328,3562.877
06013,2021,64.609,6269.9
06013,2022,37.557,15239.995
06013,2023,5.866,919.85
06013,2024,0.0,0.0
06019,2010,0.0,0.0
06019,2011,0.0,0.0
06019,2012,0.0,0.0
06019,2013,0.0,0.0
06019,2014,0.0,0.0
06019,2015,0.0,0.0
06019,2016,0.0,0.0
06019,2017,0.0,0.0
06019,2018,0.0,0.0
06019,2019,0.0,0.0
06019,2020,65.616,6642.824
06019,2021,176.025,9920.256
06019,2022,54.747,15828.916
06019,2023,9.345,1194.591
06019,2024,0.0,0.0
06085,2010,0.0,0.0
06085,2011,0.0,0.0
06085,2012,0.0,0.0
06085,2013,0.0,0.0
06085,2014,0.0,0.0
06085,2015,0.0,0.0
06085,2016,0.0,0.0
06085,2017,0.0,0.0
06085,2018,0.0,0.0
06085,2019,0.0,0.0
06085,2020,36.836,3625.426
06085,2021,65.371,5018.496
06085,2022,32.011,16384.431
06085,2023,7.938,894.904
06085,2024,0.0,0.0
13015,2010,0.0,0.0
13015,2011,0.0,0.0
13015,2012,0.0,0.0
13015,2013,0.0,0.0
13015,2014,0.0,0.0
13015,2015,0.0,0.0
13015,2016,0.0,0.0
13015,2017,0.0,0.0
13015,2018,0.0,0.0
13015,2019,0.0,0.0
13015,2020,123.905,7578.227
13015,2021,234.467,14298.649
13015,2022,95.312,11102.851
13015,2023,12.391,953.116
13015,2024,0.0,0.0
13097,2010,0.0,0.0
13097,2011,0.0,0.0
13097,2012,0.0,0.0
13097,2013,0.0,0.0
13097,2014,0.0,0.0
13097,2015,0.0,0.0
13097,2016,0.0,0.0
13097,2017,0.0,0.0
13097,2018,0.0,0.0
13097,2019,0.0,0.0
13097,2020,76.056,5766.279
13097,2021,142.343,12787.826
13097,2022,97.686,10910.854
13097,2023,6.28,960.814
13097,2024,0.0,0.0
13113,2010,0.0,0.0
13113,2011,0.0,0.0
13113,2012,0.0,0.0
13113,2013,0.0,0.0
13113,2014,0.0,0.0
13113,2015,0.0,0.0
13113,2016,0.0,0.0
13113,2017,0.0,0.0
13113,2018,0.0,0.0
13113,2019,0.0,0.0
13113,2020,68.565,4303.536
13113,2021,156.719,9936.511
13113,2022,104.182,11243.689
13113,2023,16.028,1026.687
13113,2024,0.0,0.0
13115,2010,0.0,0.0
13115,2011,0.0,0.0
13115,2012,0.0,0.0
13115,2013,0.0,0.0
13115,2014,0.0,0.0
13115,2015,0.0,0.0
13115,2016,0.0,0.0
13115,2017,0.0,0.0
13115,2018,0.0,0.0
13115,2019,0.0,0.0
13115,2020,131.459,7921.412
13115,2021,291.674,12909.653
13115,2022,149.945,11524.202
13115,2023,15.405,856.535
13115,2024,0.0,0.0
13185,2010,0.0,0.0
13185,2011,0.0,0.0
13185,2012,0.0,0.0
13185,2013,0.0,0.0
13185,2014,0.0,0.0
13185,2015,0.0,0.0
13185,2016,0.0,0.0
13185,2017,0.0,0.0
13185,2018,0.0,0.0
13185,2019,0.0,0.0
13185,2020,117.888,7533.546
13185,2021,167.297,11968.205
13185,2022,86.682,11691.689
13185,2023,4.334,958.705
13185,2024,0.0,0.0
13217,2010,0.0,0.0
13217,2011,0.0,0.0
13217,2012,0.0,0.0
13217,2013,0.0,0.0
13217,2014,0.0,0.0
13217,2015,0.0,0.0
13217,2016,0.0,0.0
13217,2017,0.0,0.0
13217,2018,0.0,0.0
13217,2019,0.0,0.0
13217,2020,117.507,5448.792
13217,2021,227.611,12329.87
13217,2022,109.179,9751.201
13217,2023,11.103,1034.429
13217,2024,0.0,0.0
17031,2010,0.0,0.0
17031,2011,0.0,0.0
17031,2012,0.0,0.0
17031,2013,0.0,0.0
17031,2014,0.0,0.0
17031,2015,0.0,0.0
17031,2016,0.0,0.0
17031,2017,0.0,0.0
17031,2018,0.0,0.0
17031,2019,0.0,0.0
17031,2020,159.38,7572.743
17031,2021,81.873,8230.038
17031,2022,58.789,12807.518
17031,2023,5.521,1037.152
17031,2024,0.0,0.0
17037,2010,0.0,0.0
17037,2011,0.0,0.0
17037,2012,0.0,0.0
17037,2013,0.0,0.0
17037,2014,0.0,0.0
17037,2015,0.0,0.0
17037,2016,0.0,0.0
17037,2017,0.0,0.0
17037,2018,0.0,0.0
17037,2019,0.0,0.0
17037,2020,77.611,6484.871
17037,2021,76.653,8856.333
17037,2022,50.783,14953.146
17037,2023,7.665,1067.397
17037,2024,0.0,0.0
17097,2010,0.0,0.0
17097,2011,0.0,0.0
17097,2012,0.0,0.0
17097,2013,0.0,0.0
17097,2014,0.0,0.0
17097,2015,0.0,0.0
17097,2016,0.0,0.0
17097,2017,0.0,0.0
17097,2018,0.0,0.0
17097,2019,0.0,0.0
17097,2020,116.612,6885.511
17097,2021,57.023,7552.964
17097,2022,51.321,14680.822
17097,2023,5.845,1004.173
17097,2024,0.0,0.0
17115,2010,0.0,0.0
17115,2011,0.0,0.0
17115,2012,0.0,0.0
17115,2013,0.0,0.0
17115,2014,0.0,0.0
17115,2015,0.0,0.0
17115,2016,0.0,0.0
17115,2017,0.0,0.0
17115,2018,0.0,0.0
17115,2019,0.0,0.0
17115,2020,161.095,7542.074
17115,2021,108.028,11125.009
17115,2022,87.181,18469.98
17115,2023,6.633,1266.962
17115,2024,0.0,0.0
18003,2010,0.0,0.0
18003,2011,0.0,0.0
18003,2012,0.0,0.0
18003,2013,0.0,0.0
18003,2014,0.0,0.0
18003,2015,0.0,0.0
18003,2016,0.0,0.0
18003,2017,0.0,0.0
18003,2018,0.0,0.0
18003,2019,0.0,0.0
18003,2020,136.348,7531.101
18003,2021,128.028,12615.447
18003,2022,74.884,12522.043
18003,2023,6.442,778.367
18003,2024,0.0,0.0
18039,2010,0.0,0.0
18039,2011,0.0,0.0
18039,2012,0.0,0.0
18039,2013,0.0,0.0
18039,2014,0.0,0.0
18039,2015,0.0,0.0
18039,2016,0.0,0.0
18039,2017,0.0,0.0
18039,2018,0.0,0.0
18039,2019,0.0,0.0
18039,2020,158.879,11118.118
18039,2021,144.213,10213.24
18039,2022,77.24,8238.25
18039,2023,8.799,512.813
18039,2024,0.0,0.0
18057,2010,0.0,0.0
18057,2011,0.0,0.0
18057,2012,0.0,0.0
18057,2013,0.0,0.0
18057,2014,0.0,0.0
18057,2015,0.0,0.0
18057,2016,0.0,0.0
18057,2017,0.0,0.0
18057,2018,0.0,0.0
18057,2019,0.0,0.0
18057,2020,89.132,7414.033
18057,2021,77.681,10507.649
18057,2022,52.922,11497.383
18057,2023,4.642,623.923
18057,2024,0.0,0.0
18141,2010,0.0,0.0
18141,2011,0.0,0.0
18141,2012,0.0,0.0
18141,2013,0.0,0.0
18141,2014,0.0,0.0
18141,2015,0.0,0.0
18141,2016,0.0,0.0
18141,2017,0.0,0.0
18141,2018,0.0,0.0
18141,2019,0.0,0.0
18141,2020,135.817,8979.483
18141,2021,131.006,11547.059
18141,2022,85.117,10252.539
18141,2023,6.291,665.024
18141,2024,0.0,0.0
19013,2010,0.0,0.0
19013,2011,0.0,0.0
19013,2012,0.0,0.0
19013,2013,0.0,0.0
19013,2014,0.0,0.0
19013,2015,0.0,0.0
19013,2016,0.0,0.0
19013,2017,0.0,0.0
19013,2018,0.0,0.0
19013,2019,0.0,0.0
19013,2020,164.661,9659.121
19013,2021,136.714,8738.377
19013,2022,88.373,10494.513
19013,2023,11.33,693.39
19013,2024,0.0,0.0
19049,2010,0.0,0.0
19049,2011,0.0,0.0
19049,2012,0.0,0.0
19049,2013,0.0,0.0
19049,2014,0.0,0.0
19049,2015,0.0,0.0
19049,2016,0.0,0.0
19049,2017,0.0,0.0
19049,2018,0.0,0.0
19049,2019,0.0,0.0
19049,2020,75.776,9119.508
19049,2021,61.998,10312.403
19049,2022,40.184,10958.794
19049,2023,5.741,568.319
19049,2024,0.0,0.0
19103,2010,0.0,0.0
19103,2011,0.0,0.0
19103,2012,0.0,0.0
19103,2013,0.0,0.0
19103,2014,0.0,0.0
19103,2015,0.0,0.0
19103,2016,0.0,0.0
19103,2017,0.0,0.0
19103,2018,0.0,0.0
19103,2019,0.0,0.0
19103,2020,31.633,7502.507
19103,2021,46.441,7545.582
19103,2022,36.345,14548.012
19103,2023,8.75,788.144
19103,2024,0.0,0.0
19113,2010,0.0,0.0
19113,2011,0.0,0.0
19113,2012,0.0,0.0
19113,2013,0.0,0.0
19113,2014,0.0,0.0
19113,2015,0.0,0.0
19113,2016,0.0,0.0
19113,2017,0.0,0.0
19113,2018,0.0,0.0
19113,2019,0.0,0.0
19113,2020,109.443,7418.443
19113,2021,90.235,9181.144
19113,2022,89.788,11706.818
19113,2023,8.934,774.588
19113,2024,0.0,0.0
19153,2010,0.0,0.0
19153,2011,0.0,0.0
19153,2012,0.0,0.0
19153,2013,0.0,0.0
19153,2014,0.0,0.0
19153,2015,0.0,0.0
19153,2016,0.0,0.0
19153,2017,0.0,0.0
19153,2018,0.0,0.0
19153,2019,0.0,0.0
19153,2020,85.486,8652.619
19153,2021,93.2,9917.183
19153,2022,69.223,11644.621
19153,2023,8.966,654.279
19153,2024,0.0,0.0
19155,2010,0.0,0.0
19155,2011,0.0,0.0
19155,2012,0.0,0.0
19155,2013,0.0,0.0
19155,2014,0.0,0.0
19155,2015,0.0,0.0
19155,2016,0.0,0.0
19155,2017,0.0,0.0
19155,2018,0.0,0.0
19155,2019,0.0,0.0
19155,2020,101.721,8855.053
19155,2021,164.895,10075.702
19155,2022,104.933,10611.074
19155,2023,7.495,492.542
19155,2024,0.0,0.0
19163,2010,0.0,0.0
19163,2011,0.0,0.0
19163,2012,0.0,0.0
19163,2013,0.0,0.0
19163,2014,0.0,0.0
19163,2015,0.0,0.0
19163,2016,0.0,0.0
19163,2017,0.0,0.0
19163,2018,0.0,0.0
19163,2019,0.0,0.0
19163,2020,88.144,8182.272
19163,2021,91.623,9709.126
19163,2022,70.167,9943.982
19163,2023,11.018,698.769
19163,2024,0.0,0.0
29047,2010,0.0,0.0
29047,2011,0.0,0.0
29047,2012,0.0,0.0
29047,2013,0.0,0.0
29047,2014,0.0,0.0
29047,2015,0.0,0.0
29047,2016,0.0,0.0
29047,2017,0.0,0.0
29047,2018,0.0,0.0
29047,2019,0.0,0.0
29047,2020,40.41,2941.662
29047,2021,72.573,4832.258
29047,2022,141.022,5693.233
29047,2023,8.247,406.571
29047,2024,0.0,0.0
29077,2010,0.0,0.0
29077,2011,0.0,0.0
29077,2012,0.0,0.0
29077,2013,0.0,0.0
29077,2014,0.0,0.0
29077,2015,0.0,0.0
29077,2016,0.0,0.0
29077,2017,0.0,0.0
29077,2018,0.0,0.0
29077,2019,0.0,0.0
29077,2020,102.5,7418.656
29077,2021,189.815,9810.668
29077,2022,97.668,11514.516
29077,2023,10.008,679.537
29077,2024,0.0,0.0
29099,2010,0.0,0.0
29099,2011,0.0,0.0
29099,2012,0.0,0.0
29099,2013,0.0,0.0
29099,2014,0.0,0.0
29099,2015,0.0,0.0
29099,2016,0.0,0.0
29099,2017,0.0,0.0
29099,2018,0.0,0.0
29099,2019,0.0,0.0
29099,2020,59.835,7499.408
29099,2021,145.121,10081.223
29099,2022,116.543,11995.035
29099,2023,15.182,805.087
29099,2024,0.0,0.0
31053,2010,0.0,0.0
31053,2011,0.0,0.0
31053,2012,0.0,0.0
31053,2013,0.0,0.0
31053,2014,0.0,0.0
31053,2015,0.0,0.0
31053,2016,0.0,0.0
31053,2017,0.0,0.0
31053,2018,0.0,0.0
31053,2019,0.0,0.0
31053,2020,114.551,10320.469
31053,2021,111.823,9810.446
31053,2022,174.553,12003.273
31053,2023,40.911,921.86
31053,2024,0.0,0.0
31079,2010,0.0,0.0
31079,2011,0.0,0.0
31079,2012,0.0,0.0
31079,2013,0.0,0.0
31079,2014,0.0,0.0
31079,2015,0.0,0.0
31079,2016,0.0,0.0
31079,2017,0.0,0.0
31079,2018,0.0,0.0
31079,2019,0.0,0.0
31079,2020,156.696,9524.198
31079,2021,39.174,9169.999
31079,2022,120.787,12512.854
31079,2023,6.529,967.926
31079,2024,0.0,0.0
31109,2010,0.0,0.0
31109,2011,0.0,0.0
31109,2012,0.0,0.0
31109,2013,0.0,0.0
31109,2014,0.0,0.0
31109,2015,0.0,0.0
31109,2016,0.0,0.0
31109,2017,0.0,0.0
31109,2018,0.0,0.0
31109,2019,0.0,0.0
31109,2020,48.538,7234.048
31109,2021,64.824,9050.384
31109,2022,37.042,13373.441
31109,2023,3.193,740.201
31109,2024,0.0,0.0
31153,2010,0.0,0.0
31153,2011,0.0,0.0
31153,2012,0.0,0.0
31153,2013,0.0,0.0
31153,2014,0.0,0.0
31153,2015,0.0,0.0
31153,2016,0.0,0.0
31153,2017,0.0,0.0
31153,2018,0.0,0.0
31153,2019,0.0,0.0
31153,2020,43.039,8720.314
31153,2021,60.696,10139.49
31153,2022,75.594,13099.784
31153,2023,14.346,674.274
31153,2024,0.0,0.0
31157,2010,0.0,0.0
31157,2011,0.0,0.0
31157,2012,0.0,0.0
31157,2013,0.0,0.0
31157,2014,0.0,0.0
31157,2015,0.0,0.0
31157,2016,0.0,0.0
31157,2017,0.0,0.0
31157,2018,0.0,0.0
31157,2019,0.0,0.0
31157,2020,138.604,11418.196
31157,2021,144.148,8795.809
31157,2022,166.325,10503.41
31157,2023,5.544,1338.914
31157,2024,0.0,0.0
32003,2010,0.0,0.0
32003,2011,0.0,0.0
32003,2012,0.0,0.0
32003,2013,0.0,0.0
32003,2014,0.0,0.0
32003,2015,0.0,0.0
32003,2016,0.0,0.0
32003,2017,0.0,0.0
32003,2018,0.0,0.0
32003,2019,0.0,0.0
32003,2020,109.028,7792.47
32003,2021,187.076,9537.379
32003,2022,124.977,12977.611
32003,2023,6.691,536.708
32003,2024,0.0,0.0
32005,2010,0.0,0.0
32005,2011,0.0,0.0
32005,2012,0.0,0.0
32005,2013,0.0,0.0
32005,2014,0.0,0.0
32005,2015,0.0,0.0
32005,2016,0.0,0.0
32005,2017,0.0,0.0
32005,2018,0.0,0.0
32005,2019,0.0,0.0
32005,2020,33.242,4101.222
32005,2021,120.502,6955.871
32005,2022,97.648,6974.57
32005,2023,10.388,305.41
32005,2024,0.0,0.0
32007,2010,0.0,0.0
32007,2011,0.0,0.0
32007,2012,0.0,0.0
32007,2013,0.0,0.0
32007,2014,0.0,0.0
32007,2015,0.0,0.0
32007,2016,0.0,0.0
32007,2017,0.0,0.0
32007,2018,0.0,0.0
32007,2019,0.0,0.0
32007,2020,63.101,7384.745
32007,2021,174.006,11392.623
32007,2022,74.574,5749.852
32007,2023,9.561,244.756
32007,2024,0.0,0.0
32019,2010,0.0,0.0
32019,2011,0.0,0.0
32019,2012,0.0,0.0
32019,2013,0.0,0.0
32019,2014,0.0,0.0
32019,2015,0.0,0.0
32019,2016,0.0,0.0
32019,2017,0.0,0.0
32019,2018,0.0,0.0
32019,2019,0.0,0.0
32019,2020,80.912,3977.565
32019,2021,171.019,9906.216
32019,2022,163.663,8179.478
32019,2023,5.517,542.479
32019,2024,0.0,0.0
32023,2010,0.0,0.0
32023,2011,0.0,0.0
32023,2012,0.0,0.0
32023,2013,0.0,0.0
32023,2014,0.0,0.0
32023,2015,0.0,0.0
32023,2016,0.0,0.0
32023,2017,0.0,0.0
32023,2018,0.0,0.0
32023,2019,0.0,0.0
32023,2020,96.89,4450.203
32023,2021,353.763,7577.738
32023,2022,313.204,8436.233
32023,2023,29.292,205.047
32023,2024,0.0,0.0
32029,2010,0.0,0.0
32029,2011,0.0,0.0
32029,2012,0.0,0.0
32029,2013,0.0,0.0
32029,2014,0.0,0.0
32029,2015,0.0,0.0
32029,2016,0.0,0.0
32029,2017,0.0,0.0
32029,2018,0.0,0.0
32029,2019,0.0,0.0
32029,2020,50.15,1654.965
32029,2021,150.451,4363.089
32029,2022,150.451,0.0
32029,2023,0.0,250.752
32029,2024,0.0,0.0
32031,2010,0.0,0.0
32031,2011,0.0,0.0
32031,2012,0.0,0.0
32031,2013,0.0,0.0
32031,2014,0.0,0.0
32031,2015,0.0,0.0
32031,2016,0.0,0.0
32031,2017,0.0,0.0
32031,2018,0.0,0.0
32031,2019,0.0,0.0
32031,2020,107.017,7825.166
32031,2021,115.333,7936.341
32031,2022,59.308,11786.99
32031,2023,5.909,649.325
32031,2024,0.0,0.0
32510,2010,0.0,0.0
32510,2011,0.0,0.0
32510,2012,0.0,0.0
32510,2013,0.0,0.0
32510,2014,0.0,0.0
32510,2015,0.0,0.0
32510,2016,0.0,0.0
32510,2017,0.0,0.0
32510,2018,0.0,0.0
32510,2019,0.0,0.0
32510,2020,104.066,9157.797
32510,2021,224.563,8661.202
32510,2022,89.46,13424.497
32510,2023,16.431,690.121
32510,2024,0.0,0.0
35001,2010,0.0,0.0
35001,2011,0.0,0.0
35001,2012,0.0,0.0
35001,2013,0.0,0.0
35001,2014,0.0,0.0
35001,2015,0.0,0.0
35001,2016,0.0,0.0
35001,2017,0.0,0.0
35001,2018,0.0,0.0
35001,2019,0.0,0.0
35001,2020,83.941,6020.14
35001,2021,112.855,8537.039
35001,2022,123.182,14048.37
35001,2023,13.572,618.714
35001,2024,0.0,0.0
35005,2010,0.0,0.0
35005,2011,0.0,0.0
35005,2012,0.0,0.0
35005,2013,0.0,0.0
35005,2014,0.0,0.0
35005,2015,0.0,0.0
35005,2016,0.0,0.0
35005,2017,0.0,0.0
35005,2018,0.0,0.0
35005,2019,0.0,0.0
35005,2020,141.226,11047.832
35005,2021,216.444,12949.773
35005,2022,190.348,13976.728
35005,2023,7.675,578.718
35005,2024,0.0,0.0
35013,2010,0.0,0.0
35013,2011,0.0,0.0
35013,2012,0.0,0.0
35013,2013,0.0,0.0
35013,2014,0.0,0.0
35013,2015,0.0,0.0
35013,2016,0.0,0.0
35013,2017,0.0,0.0
35013,2018,0.0,0.0
35013,2019,0.0,0.0
35013,2020,129.588,8187.662
35013,2021,149.489,10808.121
35013,2022,147.638,16130.033
35013,2023,7.405,657.197
35013,2024,0.0,0.0
35025,2010,0.0,0.0
35025,2011,0.0,0.0
35025,2012,0.0,0.0
35025,2013,0.0,0.0
35025,2014,0.0,0.0
35025,2015,0.0,0.0
35025,2016,0.0,0.0
35025,2017,0.0,0.0
35025,2018,0.0,0.0
35025,2019,0.0,0.0
35025,2020,128.065,9919.319
35025,2021,283.165,12314.128
35025,2022,169.33,11000.754
35025,2023,4.269,846.65
35025,2024,0.0,0.0
35031,2010,0.0,0.0
35031,2011,0.0,0.0
35031,2012,0.0,0.0
35031,2013,0.0,0.0
35031,2014,0.0,0.0
35031,2015,0.0,0.0
35031,2016,0.0,0.0
35031,2017,0.0,0.0
35031,2018,0.0,0.0
35031,2019,0.0,0.0
35031,2020,470.747,13538.474
35031,2021,267.815,10665.673
35031,2022,143.571,20570.695
35031,2023,26.229,1623.457
35031,2024,0.0,0.0
35035,2010,0.0,0.0
35035,2011,0.0,0.0
35035,2012,0.0,0.0
35035,2013,0.0,0.0
35035,2014,0.0,0.0
35035,2015,0.0,0.0
35035,2016,0.0,0.0
35035,2017,0.0,0.0
35035,2018,0.0,0.0
35035,2019,0.0,0.0
35035,2020,57.456,4909.506
35035,2021,161.785,11598.651
35035,2022,116.425,12164.144
35035,2023,13.608,577.589
35035,2024,0.0,0.0
35049,2010,0.0,0.0
35049,2011,0.0,0.0
35049,2012,0.0,0.0
35049,2013,0.0,0.0
35049,2014,0.0,0.0
35049,2015,0.0,0.0
35049,2016,0.0,0.0
35049,2017,0.0,0.0
35049,2018,0.0,0.0
35049,2019,0.0,0.0
35049,2020,50.237,5043.103
35049,2021,86.407,6445.044
35049,2022,116.549,15221.745
35049,2023,15.406,557.963
35049,2024,0.0,0.0
35061,2010,0.0,0.0
35061,2011,0.0,0.0
35061,2012,0.0,0.0
35061,2013,0.0,0.0
35061,2014,0.0,0.0
35061,2015,0.0,0.0
35061,2016,0.0,0.0
35061,2017,0.0,0.0
35061,2018,0.0,0.0
35061,2019,0.0,0.0
35061,2020,86.811,6812.054
35061,2021,167.046,10391.045
35061,2022,164.415,14602.707
35061,2023,11.838,608.994
35061,2024,0.0,0.0
37001,2010,0.0,0.0
37001,2011,0.0,0.0
37001,2012,0.0,0.0
37001,2013,0.0,0.0
37001,2014,0.0,0.0
37001,2015,0.0,0.0
37001,2016,0.0,0.0
37001,2017,0.0,0.0
37001,2018,0.0,0.0
37001,2019,0.0,0.0
37001,2020,71.637,6365.874
37001,2021,158.58,12278.049
37001,2022,105.312,17363.645
37001,2023,14.695,2005.829
37001,2024,0.0,0.0
37027,2010,0.0,0.0
37027,2011,0.0,0.0
37027,2012,0.0,0.0
37027,2013,0.0,0.0
37027,2014,0.0,0.0
37027,2015,0.0,0.0
37027,2016,0.0,0.0
37027,2017,0.0,0.0
37027,2018,0.0,0.0
37027,2019,0.0,0.0
37027,2020,34.195,7134.483
37027,2021,247.912,11196.327
37027,2022,172.195,16588.1
37027,2023,15.876,2295.931
37027,2024,0.0,0.0
37031,2010,0.0,0.0
37031,2011,0.0,0.0
37031,2012,0.0,0.0
37031,2013,0.0,0.0
37031,2014,0.0,0.0
37031,2015,0.0,0.0
37031,2016,0.0,0.0
37031,2017,0.0,0.0
37031,2018,0.0,0.0
37031,2019,0.0,0.0
37031,2020,24.613,3942.377
37031,2021,95.555,9457.073
37031,2022,110.033,12300.565
37031,2023,8.687,1174.171
37031,2024,0.0,0.0
37035,2010,0.0,0.0
37035,2011,0.0,0.0
37035,2012,0.0,0.0
37035,2013,0.0,0.0
37035,2014,0.0,0.0
37035,2015,0.0,0.0
37035,2016,0.0,0.0
37035,2017,0.0,0.0
37035,2018,0.0,0.0
37035,2019,0.0,0.0
37035,2020,100.246,7043.201
37035,2021,193.512,13120.745
37035,2022,124.355,16770.19
37035,2023,13.958,1657.224
37035,2024,0.0,0.0
37057,2010,0.0,0.0
37057,2011,0.0,0.0
37057,2012,0.0,0.0
37057,2013,0.0,0.0
37057,2014,0.0,0.0
37057,2015,0.0,0.0
37057,2016,0.0,0.0
37057,2017,0.0,0.0
37057,2018,0.0,0.0
37057,2019,0.0,0.0
37057,2020,51.396,5260.58
37057,2021,153.585,12508.087
37057,2022,155.399,14455.711
37057,2023,10.884,1880.506
37057,2024,0.0,0.0
37069,2010,0.0,0.0
37069,2011,0.0,0.0
37069,2012,0.0,0.0
37069,2013,0.0,0.0
37069,2014,0.0,0.0
37069,2015,0.0,0.0
37069,2016,0.0,0.0
37069,2017,0.0,0.0
37069,2018,0.0,0.0
37069,2019,0.0,0.0
37069,2020,55.755,4800.94
37069,2021,40.686,12511.678
37069,2022,119.044,21012.025
37069,2023,6.028,1662.096
37069,2024,0.0,0.0
37135,2010,0.0,0.0
37135,2011,0.0,0.0
37135,2012,0.0,0.0
37135,2013,0.0,0.0
37135,2014,0.0,0.0
37135,2015,0.0,0.0
37135,2016,0.0,0.0
37135,2017,0.0,0.0
37135,2018,0.0,0.0
37135,2019,0.0,0.0
37135,2020,44.878,3483.94
37135,2021,32.45,6125.549
37135,2022,27.617,16257.698
37135,2023,4.143,1454.749
37135,2024,0.0,0.0
37151,2010,0.0,0.0
37151,2011,0.0,0.0
37151,2012,0.0,0.0
37151,2013,0.0,0.0
37151,2014,0.0,0.0
37151,2015,0.0,0.0
37151,2016,0.0,0.0
37151,2017,0.0,0.0
37151,2018,0.0,0.0
37151,2019,0.0,0.0
37151,2020,85.943,5623.332
37151,2021,153.719,11633.058
37151,2022,146.033,12485.501
37151,2023,10.481,1551.866
37151,2024,0.0,0.0
37161,2010,0.0,0.0
37161,2011,0.0,0.0
37161,2012,0.0,0.0
37161,2013,0.0,0.0
37161,2014,0.0,0.0
37161,2015,0.0,0.0
37161,2016,0.0,0.0
37161,2017,0.0,0.0
37161,2018,0.0,0.0
37161,2019,0.0,0.0
37161,2020,177.18,6512.11
37161,2021,343.849,11907.086
37161,2022,118.62,12758.45
37161,2023,13.514,1424.946
37161,2024,0.0,0.0
37163,2010,0.0,0.0
37163,2011,0.0,0.0
37163,2012,0.0,0.0
37163,2013,0.0,0.0
37163,2014,0.0,0.0
37163,2015,0.0,0.0
37163,2016,0.0,0.0
37163,2017,0.0,0.0
37163,2018,0.0,0.0
37163,2019,0.0,0.0
37163,2020,96.237,7749.468
37163,2021,132.523,11527.964
37163,2022,121.48,16260.945
37163,2023,17.354,1741.737
37163,2024,0.0,0.0
37193,2010,0.0,0.0
37193,2011,0.0,0.0
37193,2012,0.0,0.0
37193,2013,0.0,0.0
37193,2014,0.0,0.0
37193,2015,0.0,0.0
37193,2016,0.0,0.0
37193,2017,0.0,0.0
37193,2018,0.0,0.0
37193,2019,0.0,0.0
37193,2020,105.157,5662.417
37193,2021,194.248,12011.275
37193,2022,143.13,14352.481
37193,2023,16.066,1751.157
37193,2024,0.0,0.0
39045,2010,0.0,0.0
39045,2011,0.0,0.0
39045,2012,0.0,0.0
39045,2013,0.0,0.0
39045,2014,0.0,0.0
39045,2015,0.0,0.0
39045,2016,0.0,0.0
39045,2017,0.0,0.0
39045,2018,0.0,0.0
39045,2019,0.0,0.0
39045,2020,45.967,6494.364
39045,2021,158.62,11634.306
39045,2022,95.82,11910.758
39045,2023,8.417,767.204
39045,2024,0.0,0.0
39049,2010,0.0,0.0
39049,2011,0.0,0.0
39049,2012,0.0,0.0
39049,2013,0.0,0.0
39049,2014,0.0,0.0
39049,2015,0.0,0.0
39049,2016,0.0,0.0
39049,2017,0.0,0.0
39049,2018,0.0,0.0
39049,2019,0.0,0.0
39049,2020,54.093,6513.686
39049,2021,97.415,9658.467
39049,2022,63.083,11551.273
39049,2023,5.347,805.899
39049,2024,0.0,0.0
39057,2010,0.0,0.0
39057,2011,0.0,0.0
39057,2012,0.0,0.0
39057,2013,0.0,0.0
39057,2014,0.0,0.0
39057,2015,0.0,0.0
39057,2016,0.0,0.0
39057,2017,0.0,0.0
39057,2018,0.0,0.0
39057,2019,0.0,0.0
39057,2020,72.672,5816.747
39057,2021,170.569,10310.387
39057,2022,80.48,12121.776
39057,2023,7.207,990.979
39057,2024,0.0,0.0
39061,2010,0.0,0.0
39061,2011,0.0,0.0
39061,2012,0.0,0.0
39061,2013,0.0,0.0
39061,2014,0.0,0.0
39061,2015,0.0,0.0
39061,2016,0.0,0.0
39061,2017,0.0,0.0
39061,2018,0.0,0.0
39061,2019,0.0,0.0
39061,2020,51.254,6369.432
39061,2021,151.428,9841.456
39061,2022,66.373,12295.643
39061,2023,6.883,866.039
39061,2024,0.0,0.0
39077,2010,0.0,0.0
39077,2011,0.0,0.0
39077,2012,0.0,0.0
39077,2013,0.0,0.0
39077,2014,0.0,0.0
39077,2015,0.0,0.0
39077,2016,0.0,0.0
39077,2017,0.0,0.0
39077,2018,0.0,0.0
39077,2019,0.0,0.0
39077,2020,63.422,5809.15
39077,2021,234.834,13618.677
39077,2022,101.133,10858.945
39077,2023,3.428,658.222
39077,2024,0.0,0.0
39089,2010,0.0,0.0
39089,2011,0.0,0.0
39089,2012,0.0,0.0
39089,2013,0.0,0.0
39089,2014,0.0,0.0
39089,2015,0.0,0.0
39089,2016,0.0,0.0
39089,2017,0.0,0.0
39089,2018,0.0,0.0
39089,2019,0.0,0.0
39089,2020,69.065,6059.281
39089,2021,145.036,11796.835
39089,2022,76.547,11798.561
39089,2023,12.662,922.59
39089,2024,0.0,0.0
39095,2010,0.0,0.0
39095,2011,0.0,0.0
39095,2012,0.0,0.0
39095,2013,0.0,0.0
39095,2014,0.0,0.0
39095,2015,0.0,0.0
39095,2016,0.0,0.0
39095,2017,0.0,0.0
39095,2018,0.0,0.0
39095,2019,0.0,0.0
39095,2020,125.492,5985.822
39095,2021,126.652,10705.587
39095,2022,93.945,11886.05
39095,2023,8.815,839.94
39095,2024,0.0,0.0
39103,2010,0.0,0.0
39103,2011,0.0,0.0
39103,2012,0.0,0.0
39103,2013,0.0,0.0
39103,2014,0.0,0.0
39103,2015,0.0,0.0
39103,2016,0.0,0.0
39103,2017,0.0,0.0
39103,2018,0.0,0.0
39103,2019,0.0,0.0
39103,2020,64.052,5232.049
39103,2021,157.321,12745.252
39103,2022,78.661,9817.957
39103,2023,5.057,961.344
39103,2024,0.0,0.0
39113,2010,0.0,0.0
39113,2011,0.0,0.0
39113,2012,0.0,0.0
39113,2013,0.0,0.0
39113,2014,0.0,0.0
39113,2015,0.0,0.0
39113,2016,0.0,0.0
39113,2017,0.0,0.0
39113,2018,0.0,0.0
39113,2019,0.0,0.0
39113,2020,67.523,6698.704
39113,2021,216.864,10199.372
39113,2022,123.949,12724.434
39113,2023,9.969,1079.617
39113,2024,0.0,0.0
39129,2010,0.0,0.0
39129,2011,0.0,0.0
39129,2012,0.0,0.0
39129,2013,0.0,0.0
39129,2014,0.0,0.0
39129,2015,0.0,0.0
39129,2016,0.0,0.0
39129,2017,0.0,0.0
39129,2018,0.0,0.0
39129,2019,0.0,0.0
39129,2020,86.562,10624.632
39129,2021,204.287,12605.173
39129,2022,128.112,12823.309
39129,2023,8.656,898.515
39129,2024,0.0,0.0
39133,2010,0.0,0.0
39133,2011,0.0,0.0
39133,2012,0.0,0.0
39133,2013,0.0,0.0
39133,2014,0.0,0.0
39133,2015,0.0,0.0
39133,2016,0.0,0.0
39133,2017,0.0,0.0
39133,2018,0.0,0.0
39133,2019,0.0,0.0
39133,2020,59.688,4490.158
39133,2021,145.836,12190.559
39133,2022,88.609,9691.652
39133,2023,6.769,1064.543
39133,2024,0.0,0.0
39143,2010,0.0,0.0
39143,2011,0.0,0.0
39143,2012,0.0,0.0
39143,2013,0.0,0.0
39143,2014,0.0,0.0
39143,2015,0.0,0.0
39143,2016,0.0,0.0
39143,2017,0.0,0.0
39143,2018,0.0,0.0
39143,2019,0.0,0.0
39143,2020,94.869,6019.075
39143,2021,230.395,11975.47
39143,2022,110.115,10930.221
39143,2023,15.247,1119.789
39143,2024,0.0,0.0
39147,2010,0.0,0.0
39147,2011,0.0,0.0
39147,2012,0.0,0.0
39147,2013,0.0,0.0
39147,2014,0.0,0.0
39147,2015,0.0,0.0
39147,2016,0.0,0.0
39147,2017,0.0,0.0
39147,2018,0.0,0.0
39147,2019,0.0,0.0
39147,2020,74.073,6288.956
39147,2021,265.578,11660.133
39147,2022,99.366,9862.514
39147,2023,16.26,796.734
39147,2024,0.0,0.0
39153,2010,0.0,0.0
39153,2011,0.0,0.0
39153,2012,0.0,0.0
39153,2013,0.0,0.0
39153,2014,0.0,0.0
39153,2015,0.0,0.0
39153,2016,0.0,0.0
39153,2017,0.0,0.0
39153,2018,0.0,0.0
39153,2019,0.0,0.0
39153,2020,108.805,5179.797
39153,2021,132.266,11595.983
39153,2022,95.135,8934.041
39153,2023,8.682,895.935
39153,2024,0.0,0.0
39159,2010,0.0,0.0
39159,2011,0.0,0.0
39159,2012,0.0,0.0
39159,2013,0.0,0.0
39159,2014,0.0,0.0
39159,2015,0.0,0.0
39159,2016,0.0,0.0
39159,2017,0.0,0.0
39159,2018,0.0,0.0
39159,2019,0.0,0.0
39159,2020,33.506,6343.132
39159,2021,109.334,12814.996
39159,2022,56.43,15116.3
39159,2023,7.054,1049.253
39159,2024,0.0,0.0
40041,2010,0.0,0.0
40041,2011,0.0,0.0
40041,2012,0.0,0.0
40041,2013,0.0,0.0
40041,2014,0.0,0.0
40041,2015,0.0,0.0
40041,2016,0.0,0.0
40041,2017,0.0,0.0
40041,2018,0.0,0.0
40041,2019,0.0,0.0
40041,2020,103.693,6869.653
40041,2021,292.225,11809.205
40041,2022,193.246,12622.252
40041,2023,11.783,1025.146
40041,2024,0.0,0.0
40087,2010,0.0,0.0
40087,2011,0.0,0.0
40087,2012,0.0,0.0
40087,2013,0.0,0.0
40087,2014,0.0,0.0
40087,2015,0.0,0.0
40087,2016,0.0,0.0
40087,2017,0.0,0.0
40087,2018,0.0,0.0
40087,2019,0.0,0.0
40087,2020,71.343,9073.305
40087,2021,201.289,11595.791
40087,2022,94.275,15501.822
40087,2023,5.096,0.0
40087,2024,0.0,0.0
40097,2010,0.0,0.0
40097,2011,0.0,0.0
40097,2012,0.0,0.0
40097,2013,0.0,0.0
40097,2014,0.0,0.0
40097,2015,0.0,0.0
40097,2016,0.0,0.0
40097,2017,0.0,0.0
40097,2018,0.0,0.0
40097,2019,0.0,0.0
40097,2020,58.474,6249.391
40097,2021,265.569,11487.672
40097,2022,104.766,13100.575
40097,2023,12.182,0.0
40097,2024,0.0,0.0
40111,2010,0.0,0.0
40111,2011,0.0,0.0
40111,2012,0.0,0.0
40111,2013,0.0,0.0
40111,2014,0.0,0.0
40111,2015,0.0,0.0
40111,2016,0.0,0.0
40111,2017,0.0,0.0
40111,2018,0.0,0.0
40111,2019,0.0,0.0
40111,2020,69.679,6709.851
40111,2021,325.17,10338.331
40111,2022,144.52,12359.029
40111,2023,10.323,1096.802
40111,2024,0.0,0.0
40135,2010,0.0,0.0
40135,2011,0.0,0.0
40135,2012,0.0,0.0
40135,2013,0.0,0.0
40135,2014,0.0,0.0
40135,2015,0.0,0.0
40135,2016,0.0,0.0
40135,2017,0.0,0.0
40135,2018,0.0,0.0
40135,2019,0.0,0.0
40135,2020,38.361,5943.561
40135,2021,187.01,11151.071
40135,2022,234.961,13246.542
40135,2023,9.59,860.726
40135,2024,0.0,0.0
41003,2010,0.0,0.0
41003,2011,0.0,0.0
41003,2012,0.0,0.0
41003,2013,0.0,0.0
41003,2014,0.0,0.0
41003,2015,0.0,0.0
41003,2016,0.0,0.0
41003,2017,0.0,0.0
41003,2018,0.0,0.0
41003,2019,0.0,0.0
41003,2020,12.074,1478.481
41003,2021,35.124,5949.049
41003,2022,50.49,16124.996
41003,2023,5.488,940.652
41003,2024,0.0,0.0
41007,2010,0.0,0.0
41007,2011,0.0,0.0
41007,2012,0.0,0.0
41007,2013,0.0,0.0
41007,2014,0.0,0.0
41007,2015,0.0,0.0
41007,2016,0.0,0.0
41007,2017,0.0,0.0
41007,2018,0.0,0.0
41007,2019,0.0,0.0
41007,2020,7.672,1414.25
41007,2021,84.395,5823.232
41007,2022,63.935,8365.301
41007,2023,7.672,764.667
41007,2024,0.0,0.0
41009,2010,0.0,0.0
41009,2011,0.0,0.0
41009,2012,0.0,0.0
41009,2013,0.0,0.0
41009,2014,0.0,0.0
41009,2015,0.0,0.0
41009,2016,0.0,0.0
41009,2017,0.0,0.0
41009,2018,0.0,0.0
41009,2019,0.0,0.0
41009,2020,27.251,1629.197
41009,2021,91.484,7626.277
41009,2022,103.163,10170.316
41009,2023,17.518,416.545
41009,2024,0.0,0.0
41011,2010,0.0,0.0
41011,2011,0.0,0.0
41011,2012,0.0,0.0
41011,2013,0.0,0.0
41011,2014,0.0,0.0
41011,2015,0.0,0.0
41011,2016,0.0,0.0
41011,2017,0.0,0.0
41011,2018,0.0,0.0
41011,2019,0.0,0.0
41011,2020,14.132,1187.074
41011,2021,177.433,8855.95
41011,2022,102.063,12828.565
41011,2023,17.272,664.196
41011,2024,0.0,0.0
41013,2010,0.0,0.0
41013,2011,0.0,0.0
41013,2012,0.0,0.0
41013,2013,0.0,0.0
41013,2014,0.0,0.0
41013,2015,0.0,0.0
41013,2016,0.0,0.0
41013,2017,0.0,0.0
41013,2018,0.0,0.0
41013,2019,0.0,0.0
41013,2020,30.42,1946.895
41013,2021,230.325,13915.084
41013,2022,152.101,17800.183
41013,2023,13.037,990.83
41013,2024,0.0,0.0
41033,2010,0.0,0.0
41033,2011,0.0,0.0
41033,2012,0.0,0.0
41033,2013,0.0,0.0
41033,2014,0.0,0.0
41033,2015,0.0,0.0
41033,2016,0.0,0.0
41033,2017,0.0,0.0
41033,2018,0.0,0.0
41033,2019,0.0,0.0
41033,2020,25.507,1383.172
41033,2021,282.895,11366.825
41033,2022,144.926,10991.177
41033,2023,25.507,662.021
41033,2024,0.0,0.0
41035,2010,0.0,0.0
41035,2011,0.0,0.0
41035,2012,0.0,0.0
41035,2013,0.0,0.0
41035,2014,0.0,0.0
41035,2015,0.0,0.0
41035,2016,0.0,0.0
41035,2017,0.0,0.0
41035,2018,0.0,0.0
41035,2019,0.0,0.0
41035,2020,26.897,2854.112
41035,2021,225.639,11186.324
41035,2022,124.027,12132.216
41035,2023,4.483,760.598
41035,2024,0.0,0.0
41041,2010,0.0,0.0
41041,2011,0.0,0.0
41041,2012,0.0,0.0
41041,2013,0.0,0.0
41041,2014,0.0,0.0
41041,2015,0.0,0.0
41041,2016,0.0,0.0
41041,2017,0.0,0.0
41041,2018,0.0,0.0
41041,2019,0.0,0.0
41041,2020,35.018,1812.676
41041,2021,84.454,6251.674
41041,2022,105.053,10488.805
41041,2023,8.239,776.567
41041,2024,0.0,0.0
41045,2010,0.0,0.0
41045,2011,0.0,0.0
41045,2012,0.0,0.0
41045,2013,0.0,0.0
41045,2014,0.0,0.0
41045,2015,0.0,0.0
41045,2016,0.0,0.0
41045,2017,0.0,0.0
41045,2018,0.0,0.0
41045,2019,0.0,0.0
41045,2020,164.409,9581.744
41045,2021,144.68,10278.837
41045,2022,98.645,11262.002
41045,2023,6.576,999.605
41045,2024,0.0,0.0
41049,2010,0.0,0.0
41049,2011,0.0,0.0
41049,2012,0.0,0.0
41049,2013,0.0,0.0
41049,2014,0.0,0.0
41049,2015,0.0,0.0
41049,2016,0.0,0.0
41049,2017,0.0,0.0
41049,2018,0.0,0.0
41049,2019,0.0,0.0
41049,2020,70.778,7210.475
41049,2021,150.403,10917.456
41049,2022,106.167,11227.108
41049,2023,0.0,831.638
41049,2024,0.0,0.0
41053,2010,0.0,0.0
41053,2011,0.0,0.0
41053,2012,0.0,0.0
41053,2013,0.0,0.0
41053,2014,0.0,0.0
41053,2015,0.0,0.0
41053,2016,0.0,0.0
41053,2017,0.0,0.0
41053,2018,0.0,0.0
41053,2019,0.0,0.0
41053,2020,36.128,2380.866
41053,2021,97.547,8285.463
41053,2022,59.01,13378.373
41053,2023,10.839,827.342
41053,2024,0.0,0.0
41057,2010,0.0,0.0
41057,2011,0.0,0.0
41057,2012,0.0,0.0
41057,2013,0.0,0.0
41057,2014,0.0,0.0
41057,2015,0.0,0.0
41057,2016,0.0,0.0
41057,2017,0.0,0.0
41057,2018,0.0,0.0
41057,2019,0.0,0.0
41057,2020,0.0,1167.153
41057,2021,185.683,7859.335
41057,2022,98.526,9534.276
41057,2023,15.158,541.892
41057,2024,0.0,0.0
41059,2010,0.0,0.0
41059,2011,0.0,0.0
41059,2012,0.0,0.0
41059,2013,0.0,0.0
41059,2014,0.0,0.0
41059,2015,0.0,0.0
41059,2016,0.0,0.0
41059,2017,0.0,0.0
41059,2018,0.0,0.0
41059,2019,0.0,0.0
41059,2020,73.902,7312.425
41059,2021,168.549,12996.409
41059,2022,79.088,13264.79
41059,2023,6.483,933.501
41059,2024,0.0,0.0
41061,2010,0.0,0.0
41061,2011,0.0,0.0
41061,2012,0.0,0.0
41061,2013,0.0,0.0
41061,2014,0.0,0.0
41061,2015,0.0,0.0
41061,2016,0.0,0.0
41061,2017,0.0,0.0
41061,2018,0.0,0.0
41061,2019,0.0,0.0
41061,2020,53.157,3721.001
41061,2021,189.847,9674.602
41061,2022,113.908,8478.566
41061,2023,7.594,372.1
41061,2024,0.0,0.0
41065,2010,0.0,0.0
41065,2011,0.0,0.0
41065,2012,0.0,0.0
41065,2013,0.0,0.0
41065,2014,0.0,0.0
41065,2015,0.0,0.0
41065,2016,0.0,0.0
41065,2017,0.0,0.0
41065,2018,0.0,0.0
41065,2019,0.0,0.0
41065,2020,84.194,3463.452
41065,2021,99.502,9249.904
41065,2022,110.984,12479.908
41065,2023,11.481,524.302
41065,2024,0.0,0.0
41071,2010,0.0,0.0
41071,2011,0.0,0.0
41071,2012,0.0,0.0
41071,2013,0.0,0.0
41071,2014,0.0,0.0
41071,2015,0.0,0.0
41071,2016,0.0,0.0
41071,2017,0.0,0.0
41071,2018,0.0,0.0
41071,2019,0.0,0.0
41071,2020,33.387,2519.293
41071,2021,116.378,7503.506
41071,2022,88.714,11176.083
41071,2023,37.203,720.207
41071,2024,0.0,0.0
45007,2010,0.0,0.0
45007,2011,0.0,0.0
45007,2012,0.0,0.0
45007,2013,0.0,0.0
45007,2014,0.0,0.0
45007,2015,0.0,0.0
45007,2016,0.0,0.0
45007,2017,0.0,0.0
45007,2018,0.0,0.0
45007,2019,0.0,0.0
45007,2020,141.368,6085.912
45007,2021,272.134,14149.972
45007,2022,124.707,13924.287
45007,2023,26.759,1352.593
45007,2024,0.0,0.0
45013,2010,0.0,0.0
45013,2011,0.0,0.0
45013,2012,0.0,0.0
45013,2013,0.0,0.0
45013,2014,0.0,0.0
45013,2015,0.0,0.0
45013,2016,0.0,0.0
45013,2017,0.0,0.0
45013,2018,0.0,0.0
45013,2019,0.0,0.0
45013,2020,56.423,5151.132
45013,2021,118.219,10411.349
45013,2022,42.989,12483.409
45013,2023,18.808,1161.235
45013,2024,0.0,0.0
45015,2010,0.0,0.0
45015,2011,0.0,0.0
45015,2012,0.0,0.0
45015,2013,0.0,0.0
45015,2014,0.0,0.0
45015,2015,0.0,0.0
45015,2016,0.0,0.0
45015,2017,0.0,0.0
45015,2018,0.0,0.0
45015,2019,0.0,0.0
45015,2020,51.617,4256.338
45015,2021,118.115,11251.186
45015,2022,70.218,14316.605
45015,2023,6.975,1111.4
45015,2024,0.0,0.0
47009,2010,0.0,0.0
47009,2011,0.0,0.0
47009,2012,0.0,0.0
47009,2013,0.0,0.0
47009,2014,0.0,0.0
47009,2015,0.0,0.0
47009,2016,0.0,0.0
47009,2017,0.0,0.0
47009,2018,0.0,0.0
47009,2019,0.0,0.0
47009,2020,75.427,7678.158
47009,2021,174.713,12219.169
47009,2022,140.079,16535.439
47009,2023,21.551,1731.742
47009,2024,0.0,0.0
47125,2010,0.0,0.0
47125,2011,0.0,0.0
47125,2012,0.0,0.0
47125,2013,0.0,0.0
47125,2014,0.0,0.0
47125,2015,0.0,0.0
47125,2016,0.0,0.0
47125,2017,0.0,0.0
47125,2018,0.0,0.0
47125,2019,0.0,0.0
47125,2020,62.943,5750.325
47125,2021,172.345,12238.485
47125,2022,76.931,12690.578
47125,2023,7.493,1262.863
47125,2024,0.0,0.0
47163,2010,0.0,0.0
47163,2011,0.0,0.0
47163,2012,0.0,0.0
47163,2013,0.0,0.0
47163,2014,0.0,0.0
47163,2015,0.0,0.0
47163,2016,0.0,0.0
47163,2017,0.0,0.0
47163,2018,0.0,0.0
47163,2019,0.0,0.0
47163,2020,113.34,6916.269
47163,2021,233.684,12787.647
47163,2022,157.275,17020.057
47163,2023,18.465,1831.901
47163,2024,0.0,0.0
47165,2010,0.0,0.0
47165,2011,0.0,0.0
47165,2012,0.0,0.0
47165,2013,0.0,0.0
47165,2014,0.0,0.0
47165,2015,0.0,0.0
47165,2016,0.0,0.0
47165,2017,0.0,0.0
47165,2018,0.0,0.0
47165,2019,0.0,0.0
47165,2020,112.3,8607.315
47165,2021,206.065,12126.234
47165,2022,114.481,13888.692
47165,2023,10.358,1229.85
47165,2024,0.0,0.0
47187,2010,0.0,0.0
47187,2011,0.0,0.0
47187,2012,0.0,0.0
47187,2013,0.0,0.0
47187,2014,0.0,0.0
47187,2015,0.0,0.0
47187,2016,0.0,0.0
47187,2017,0.0,0.0
47187,2018,0.0,0.0
47187,2019,0.0,0.0
47187,2020,53.685,7943.156
47187,2021,89.179,11871.032
47187,2022,51.467,13072.954
47187,2023,4.88,1014.246
47187,2024,0.0,0.0
47189,2010,0.0,0.0
47189,2011,0.0,0.0
47189,2012,0.0,0.0
47189,2013,0.0,0.0
47189,2014,0.0,0.0
47189,2015,0.0,0.0
47189,2016,0.0,0.0
47189,2017,0.0,0.0
47189,2018,0.0,0.0
47189,2019,0.0,0.0
47189,2020,93.659,9128.825
47189,2021,201.952,12779.331
47189,2022,87.805,14731.535
47189,2023,8.049,1227.811
47189,2024,0.0,0.0
48029,2010,0.0,0.0
48029,2011,0.0,0.0
48029,2012,0.0,0.0
48029,2013,0.0,0.0
48029,2014,0.0,0.0
48029,2015,0.0,0.0
48029,2016,0.0,0.0
48029,2017,0.0,0.0
48029,2018,0.0,0.0
48029,2019,0.0,0.0
48029,2020,88.384,5924.542
48029,2021,185.115,11480.8
48029,2022,54.126,17478.671
48029,2023,6.452,1143.768
48029,2024,0.0,0.0
48135,2010,0.0,0.0
48135,2011,0.0,0.0
48135,2012,0.0,0.0
48135,2013,0.0,0.0
48135,2014,0.0,0.0
48135,2015,0.0,0.0
48135,2016,0.0,0.0
48135,2017,0.0,0.0
48135,2018,0.0,0.0
48135,2019,0.0,0.0
48135,2020,138.872,7188.362
48135,2021,216.716,10319.531
48135,2022,95.903,9140.049
48135,2023,6.227,2033.267
48135,2024,0.0,0.0
48139,2010,0.0,0.0
48139,2011,0.0,0.0
48139,2012,0.0,0.0
48139,2013,0.0,0.0
48139,2014,0.0,0.0
48139,2015,0.0,0.0
48139,2016,0.0,0.0
48139,2017,0.0,0.0
48139,2018,0.0,0.0
48139,2019,0.0,0.0
48139,2020,100.131,7605.368
48139,2021,182.423,12850.171
48139,2022,66.179,12095.735
48139,2023,6.906,653.155
48139,2024,0.0,0.0
48141,2010,0.0,0.0
48141,2011,0.0,0.0
48141,2012,0.0,0.0
48141,2013,0.0,0.0
48141,2014,0.0,0.0
48141,2015,0.0,0.0
48141,2016,0.0,0.0
48141,2017,0.0,0.0
48141,2018,0.0,0.0
48141,2019,0.0,0.0
48141,2020,199.268,11786.207
48141,2021,175.824,8231.806
48141,2022,85.52,9931.56
48141,2023,5.98,0.0
48141,2024,0.0,0.0
48157,2010,0.0,0.0
48157,2011,0.0,0.0
48157,2012,0.0,0.0
48157,2013,0.0,0.0
48157,2014,0.0,0.0
48157,2015,0.0,0.0
48157,2016,0.0,0.0
48157,2017,0.0,0.0
48157,2018,0.0,0.0
48157,2019,0.0,0.0
48157,2020,50.954,4745.791
48157,2021,87.667,10248.578
48157,2022,34.361,16263.258
48157,2023,3.528,1976.106
48157,2024,0.0,0.0
48187,2010,0.0,0.0
48187,2011,0.0,0.0
48187,2012,0.0,0.0
48187,2013,0.0,0.0
48187,2014,0.0,0.0
48187,2015,0.0,0.0
48187,2016,0.0,0.0
48187,2017,0.0,0.0
48187,2018,0.0,0.0
48187,2019,0.0,0.0
48187,2020,66.681,4363.826
48187,2021,152.234,11891.851
48187,2022,56.616,11900.658
48187,2023,6.92,39.631
48187,2024,0.0,0.0
48215,2010,0.0,0.0
48215,2011,0.0,0.0
48215,2012,0.0,0.0
48215,2013,0.0,0.0
48215,2014,0.0,0.0
48215,2015,0.0,0.0
48215,2016,0.0,0.0
48215,2017,0.0,0.0
48215,2018,0.0,0.0
48215,2019,0.0,0.0
48215,2020,257.374,5943.104
48215,2021,155.173,8168.026
48215,2022,58.935,16121.944
48215,2023,0.0,924.254
48215,2024,0.0,0.0
48251,2010,0.0,0.0
48251,2011,0.0,0.0
48251,2012,0.0,0.0
48251,2013,0.0,0.0
48251,2014,0.0,0.0
48251,2015,0.0,0.0
48251,2016,0.0,0.0
48251,2017,0.0,0.0
48251,2018,0.0,0.0
48251,2019,0.0,0.0
48251,2020,94.491,6633.495
48251,2021,259.551,11668.421
48251,2022,106.452,12139.081
48251,2023,9.569,1041.193
48251,2024,0.0,0.0
48329,2010,0.0,0.0
48329,2011,0.0,0.0
48329,2012,0.0,0.0
48329,2013,0.0,0.0
48329,2014,0.0,0.0
48329,2015,0.0,0.0
48329,2016,0.0,0.0
48329,2017,0.0,0.0
48329,2018,0.0,0.0
48329,2019,0.0,0.0
48329,2020,110.01,6842.008
48329,2021,134.39,11174.606
48329,2022,64.222,9853.895
48329,2023,4.163,844.399
48329,2024,0.0,0.0
48339,2010,0.0,0.0
48339,2011,0.0,0.0
48339,2012,0.0,0.0
48339,2013,0.0,0.0
48339,2014,0.0,0.0
48339,2015,0.0,0.0
48339,2016,0.0,0.0
48339,2017,0.0,0.0
48339,2018,0.0,0.0
48339,2019,0.0,0.0
48339,2020,45.459,4659.506
48339,2021,152.986,11999.322
48339,2022,37.94,12698.335
48339,2023,6.119,701.811
48339,2024,0.0,0.0
48439,2010,0.0,0.0
48439,2011,0.0,0.0
48439,2012,0.0,0.0
48439,2013,0.0,0.0
48439,2014,0.0,0.0
48439,2015,0.0,0.0
48439,2016,0.0,0.0
48439,2017,0.0,0.0
48439,2018,0.0,0.0
48439,2019,0.0,0.0
48439,2020,72.886,7318.089
48439,2021,172.166,11607.01
48439,2022,58.007,13733.98
48439,2023,9.611,986.55
48439,2024,0.0,0.0
49003,2010,0.0,0.0
49003,2011,0.0,0.0
49003,2012,0.0,0.0
49003,2013,0.0,0.0
49003,2014,0.0,0.0
49003,2015,0.0,0.0
49003,2016,0.0,0.0
49003,2017,0.0,0.0
49003,2018,0.0,0.0
49003,2019,0.0,0.0
49003,2020,48.196,6619.583
49003,2021,135.321,12645.979
49003,2022,61.172,10154.599
49003,2023,3.707,426.352
49003,2024,0.0,0.0
49005,2010,0.0,0.0
49005,2011,0.0,0.0
49005,2012,0.0,0.0
49005,2013,0.0,0.0
49005,2014,0.0,0.0
49005,2015,0.0,0.0
49005,2016,0.0,0.0
49005,2017,0.0,0.0
49005,2018,0.0,0.0
49005,2019,0.0,0.0
49005,2020,16.108,8993.678
49005,2021,51.544,11289.816
49005,2022,30.604,12952.12
49005,2023,7.248,417.187
49005,2024,0.0,0.0
49011,2010,0.0,0.0
49011,2011,0.0,0.0
49011,2012,0.0,0.0
49011,2013,0.0,0.0
49011,2014,0.0,0.0
49011,2015,0.0,0.0
49011,2016,0.0,0.0
49011,2017,0.0,0.0
49011,2018,0.0,0.0
49011,2019,0.0,0.0
49011,2020,24.872,7236.954
49011,2021,65.073,11722.634
49011,2022,39.044,15153.268
49011,2023,2.314,688.614
49011,2024,0.0,0.0
49021,2010,0.0,0.0
49021,2011,0.0,0.0
49021,2012,0.0,0.0
49021,2013,0.0,0.0
49021,2014,0.0,0.0
49021,2015,0.0,0.0
49021,2016,0.0,0.0
49021,2017,0.0,0.0
49021,2018,0.0,0.0
49021,2019,0.0,0.0
49021,2020,29.289,6264.035
49021,2021,113.252,14230.762
49021,2022,46.863,11627.907
49021,2023,3.905,392.478
49021,2024,0.0,0.0
49045,2010,0.0,0.0
49045,2011,0.0,0.0
49045,2012,0.0,0.0
49045,2013,0.0,0.0
49045,2014,0.0,0.0
49045,2015,0.0,0.0
49045,2016,0.0,0.0
49045,2017,0.0,0.0
49045,2018,0.0,0.0
49045,2019,0.0,0.0
49045,2020,19.289,6739.172
49045,2021,103.862,14433.877
49045,2022,44.512,15585.263
49045,2023,2.967,505.957
49045,2024,0.0,0.0
49049,2010,0.0,0.0
49049,2011,0.0,0.0
49049,2012,0.0,0.0
49049,2013,0.0,0.0
49049,2014,0.0,0.0
49049,2015,0.0,0.0
49049,2016,0.0,0.0
49049,2017,0.0,0.0
49049,2018,0.0,0.0
49049,2019,0.0,0.0
49049,2020,35.508,11106.707
49049,2021,72.834,12758.592
49049,2022,35.013,13136.468
49049,2023,2.312,417.183
49049,2024,0.0,0.0
49053,2010,0.0,0.0
49053,2011,0.0,0.0
49053,2012,0.0,0.0
49053,2013,0.0,0.0
49053,2014,0.0,0.0
49053,2015,0.0,0.0
49053,2016,0.0,0.0
49053,2017,0.0,0.0
49053,2018,0.0,0.0
49053,2019,0.0,0.0
49053,2020,66.944,8904.717
49053,2021,144.14,10929.914
49053,2022,90.464,10680.232
49053,2023,2.412,357.636
49053,2024,0.0,0.0
49057,2010,0.0,0.0
49057,2011,0.0,0.0
49057,2012,0.0,0.0
49057,2013,0.0,0.0
49057,2014,0.0,0.0
49057,2015,0.0,0.0
49057,2016,0.0,0.0
49057,2017,0.0,0.0
49057,2018,0.0,0.0
49057,2019,0.0,0.0
49057,2020,38.171,7760.3
49057,2021,101.79,11925.343
49057,2022,44.533,13856.969
49057,2023,0.0,875.951
49057,2024,0.0,0.0
51013,2010,0.0,0.0
51013,2011,0.0,0.0
51013,2012,0.0,0.0
51013,2013,0.0,0.0
51013,2014,0.0,0.0
51013,2015,0.0,0.0
51013,2016,0.0,0.0
51013,2017,0.0,0.0
51013,2018,0.0,0.0
51013,2019,0.0,0.0
51013,2020,77.1,3800.158
51013,2021,44.118,7409.279
51013,2022,33.838,16451.359
51013,2023,2.998,986.448
51013,2024,0.0,0.0
51015,2010,0.0,0.0
51015,2011,0.0,0.0
51015,2012,0.0,0.0
51015,2013,0.0,0.0
51015,2014,0.0,0.0
51015,2015,0.0,0.0
51015,2016,0.0,0.0
51015,2017,0.0,0.0
51015,2018,0.0,0.0
51015,2019,0.0,0.0
51015,2020,38.626,4404.694
51015,2021,149.176,11669.042
51015,2022,122.538,15414.43
51015,2023,7.992,1262.67
51015,2024,0.0,0.0
51019,2010,0.0,0.0
51019,2011,0.0,0.0
51019,2012,0.0,0.0
51019,2013,0.0,0.0
51019,2014,0.0,0.0
51019,2015,0.0,0.0
51019,2016,0.0,0.0
51019,2017,0.0,0.0
51019,2018,0.0,0.0
51019,2019,0.0,0.0
51019,2020,39.553,3964.224
51019,2021,185.006,10641.013
51019,2022,125.038,12551.036
51019,2023,15.311,1244.003
51019,2024,0.0,0.0
51033,2010,0.0,0.0
51033,2011,0.0,0.0
51033,2012,0.0,0.0
51033,2013,0.0,0.0
51033,2014,0.0,0.0
51033,2015,0.0,0.0
51033,2016,0.0,0.0
51033,2017,0.0,0.0
51033,2018,0.0,0.0
51033,2019,0.0,0.0
51033,2020,29.624,3406.734
51033,2021,161.285,12547.316
51033,2022,121.787,12807.347
51033,2023,0.0,1066.456
51033,2024,0.0,0.0
51035,2010,0.0,0.0
51035,2011,0.0,0.0
51035,2012,0.0,0.0
51035,2013,0.0,0.0
51035,2014,0.0,0.0
51035,2015,0.0,0.0
51035,2016,0.0,0.0
51035,2017,0.0,0.0
51035,2018,0.0,0.0
51035,2019,0.0,0.0
51035,2020,120.801,5016.61
51035,2021,258.381,10905.674
51035,2022,164.424,14969.296
51035,2023,50.334,2036.844
51035,2024,0.0,0.0
51041,2010,0.0,0.0
51041,2011,0.0,0.0
51041,2012,0.0,0.0
51041,2013,0.0,0.0
51041,2014,0.0,0.0
51041,2015,0.0,0.0
51041,2016,0.0,0.0
51041,2017,0.0,0.0
51041,2018,0.0,0.0
51041,2019,0.0,0.0
51041,2020,50.065,3801.182
51041,2021,126.619,10178.984
51041,2022,73.643,13915.838
51041,2023,4.366,1309.558
51041,2024,0.0,0.0
51059,2010,0.0,0.0
51059,2011,0.0,0.0
51059,2012,0.0,0.0
51059,2013,0.0,0.0
51059,2014,0.0,0.0
51059,2015,0.0,0.0
51059,2016,0.0,0.0
51059,2017,0.0,0.0
51059,2018,0.0,0.0
51059,2019,0.0,0.0
51059,2020,59.257,3837.897
51059,2021,46.341,6351.114
51059,2022,38.835,11742.95
51059,2023,5.673,941.649
51059,2024,0.0,0.0
51087,2010,0.0,0.0
51087,2011,0.0,0.0
51087,2012,0.0,0.0
51087,2013,0.0,0.0
51087,2014,0.0,0.0
51087,2015,0.0,0.0
51087,2016,0.0,0.0
51087,2017,0.0,0.0
51087,2018,0.0,0.0
51087,2019,0.0,0.0
51087,2020,89.456,3766.62
51087,2021,139.222,9249.088
51087,2022,90.372,13184.545
51087,2023,11.297,1872.777
51087,2024,0.0,0.0
51095,2010,0.0,0.0
51095,2011,0.0,0.0
51095,2012,0.0,0.0
51095,2013,0.0,0.0
51095,2014,0.0,0.0
51095,2015,0.0,0.0
51095,2016,0.0,0.0
51095,2017,0.0,0.0
51095,2018,0.0,0.0
51095,2019,0.0,0.0
51095,2020,37.375,2533.504
51095,2021,96.108,8923.327
51095,2022,54.728,15916.493
51095,2023,18.688,1111.912
51095,2024,0.0,0.0
51107,2010,0.0,0.0
51107,2011,0.0,0.0
51107,2012,0.0,0.0
51107,2013,0.0,0.0
51107,2014,0.0,0.0
51107,2015,0.0,0.0
51107,2016,0.0,0.0
51107,2017,0.0,0.0
51107,2018,0.0,0.0
51107,2019,0.0,0.0
51107,2020,40.24,3585.872
51107,2021,39.227,7703.21
51107,2022,28.851,12511.452
51107,2023,4.555,1033.32
51107,2024,0.0,0.0
51117,2010,0.0,0.0
51117,2011,0.0,0.0
51117,2012,0.0,0.0
51117,2013,0.0,0.0
51117,2014,0.0,0.0
51117,2015,0.0,0.0
51117,2016,0.0,0.0
51117,2017,0.0,0.0
51117,2018,0.0,0.0
51117,2019,0.0,0.0
51117,2020,126.92,4243.687
51117,2021,192.007,8210.752
51117,2022,143.192,12229.888
51117,2023,19.526,1103.228
51117,2024,0.0,0.0
51153,2010,0.0,0.0
51153,2011,0.0,0.0
51153,2012,0.0,0.0
51153,2013,0.0,0.0
51153,2014,0.0,0.0
51153,2015,0.0,0.0
51153,2016,0.0,0.0
51153,2017,0.0,0.0
51153,2018,0.0,0.0
51153,2019,0.0,0.0
51153,2020,56.347,5530.5
51153,2021,77.153,9179.863
51153,2022,40.744,11900.144
51153,2023,7.369,1204.318
51153,2024,0.0,0.0
51173,2010,0.0,0.0
51173,2011,0.0,0.0
51173,2012,0.0,0.0
51173,2013,0.0,0.0
51173,2014,0.0,0.0
51173,2015,0.0,0.0
51173,2016,0.0,0.0
51173,2017,0.0,0.0
51173,2018,0.0,0.0
51173,2019,0.0,0.0
51173,2020,178.763,5905.678
51173,2021,273.02,12484.155
51173,2022,182.013,19452.66
51173,2023,26.002,1693.373
51173,2024,0.0,0.0
51510,2010,0.0,0.0
51510,2011,0.0,0.0
51510,2012,0.0,0.0
51510,2013,0.0,0.0
51510,2014,0.0,0.0
51510,2015,0.0,0.0
51510,2016,0.0,0.0
51510,2017,0.0,0.0
51510,2018,0.0,0.0
51510,2019,0.0,0.0
51510,2020,55.198,4630.329
51510,2021,46.95,7094.592
51510,2022,36.799,16215.667
51510,2023,8.248,1032.275
51510,2024,0.0,0.0
51550,2010,0.0,0.0
51550,2011,0.0,0.0
51550,2012,0.0,0.0
51550,2013,0.0,0.0
51550,2014,0.0,0.0
51550,2015,0.0,0.0
51550,2016,0.0,0.0
51550,2017,0.0,0.0
51550,2018,0.0,0.0
51550,2019,0.0,0.0
51550,2020,42.086,3885.291
51550,2021,116.675,10024.085
51550,2022,69.589,11955.063
51550,2023,7.501,1019.66
51550,2024,0.0,0.0
51680,2010,0.0,0.0
51680,2011,0.0,0.0
51680,2012,0.0,0.0
51680,2013,0.0,0.0
51680,2014,0.0,0.0
51680,2015,0.0,0.0
51680,2016,0.0,0.0
51680,2017,0.0,0.0
51680,2018,0.0,0.0
51680,2019,0.0,0.0
51680,2020,65.782,5281.188
51680,2021,202.311,11108.491
51680,2022,107.982,12578.039
51680,2023,28.547,1424.866
51680,2024,0.0,0.0
51700,2010,0.0,0.0
51700,2011,0.0,0.0
51700,2012,0.0,0.0
51700,2013,0.0,0.0
51700,2014,0.0,0.0
51700,2015,0.0,0.0
51700,2016,0.0,0.0
51700,2017,0.0,0.0
51700,2018,0.0,0.0
51700,2019,0.0,0.0
51700,2020,38.403,3324.373
51700,2021,139.698,9851.23
51700,2022,68.458,13256.305
51700,2023,8.905,1393.643
51700,2024,0.0,0.0
51710,2010,0.0,0.0
51710,2011,0.0,0.0
51710,2012,0.0,0.0
51710,2013,0.0,0.0
51710,2014,0.0,0.0
51710,2015,0.0,0.0
51710,2016,0.0,0.0
51710,2017,0.0,0.0
51710,2018,0.0,0.0
51710,2019,0.0,0.0
51710,2020,43.745,3617.728
51710,2021,107.522,7810.271
51710,2022,60.098,9928.005
51710,2023,13.083,789.04
51710,2024,0.0,0.0
51730,2010,0.0,0.0
51730,2011,0.0,0.0
51730,2012,0.0,0.0
51730,2013,0.0,0.0
51730,2014,0.0,0.0
51730,2015,0.0,0.0
51730,2016,0.0,0.0
51730,2017,0.0,0.0
51730,2018,0.0,0.0
51730,2019,0.0,0.0
51730,2020,105.223,4604.298
51730,2021,242.331,13688.54
51730,2022,130.731,13044.449
51730,2023,9.566,1418.915
51730,2024,0.0,0.0
51760,2010,0.0,0.0
51760,2011,0.0,0.0
51760,2012,0.0,0.0
51760,2013,0.0,0.0
51760,2014,0.0,0.0
51760,2015,0.0,0.0
51760,2016,0.0,0.0
51760,2017,0.0,0.0
51760,2018,0.0,0.0
51760,2019,0.0,0.0
51760,2020,41.479,4041.09
51760,2021,130.614,9061.786
51760,2022,71.485,13574.587
51760,2023,0.441,401.991
51760,2024,0.0,0.0
51810,2010,0.0,0.0
51810,2011,0.0,0.0
51810,2012,0.0,0.0
51810,2013,0.0,0.0
51810,2014,0.0,0.0
51810,2015,0.0,0.0
51810,2016,0.0,0.0
51810,2017,0.0,0.0
51810,2018,0.0,0.0
51810,2019,0.0,0.0
51810,2020,33.318,3693.683
51810,2021,100.622,9325.168
51810,2022,69.747,11766.966
51810,2023,6.886,994.445
51810,2024,0.0,0.0
53015,2010,0.0,0.0
53015,2011,0.0,0.0
53015,2012,0.0,0.0
53015,2013,0.0,0.0
53015,2014,0.0,0.0
53015,2015,0.0,0.0
53015,2016,0.0,0.0
53015,2017,0.0,0.0
53015,2018,0.0,0.0
53015,2019,0.0,0.0
53015,2020,27.159,2261.702
53015,2021,236.94,11969.694
53015,2022,105.827,10991.028
53015,2023,34.651,480.436
53015,2024,0.0,0.0
53021,2010,0.0,0.0
53021,2011,0.0,0.0
53021,2012,0.0,0.0
53021,2013,0.0,0.0
53021,2014,0.0,0.0
53021,2015,0.0,0.0
53021,2016,0.0,0.0
53021,2017,0.0,0.0
53021,2018,0.0,0.0
53021,2019,0.0,0.0
53021,2020,90.209,9533.85
53021,2021,109.772,13495.419
53021,2022,46.735,16565.771
53021,2023,1.087,561.902
53021,2024,0.0,0.0
53025,2010,0.0,0.0
53025,2011,0.0,0.0
53025,2012,0.0,0.0
53025,2013,0.0,0.0
53025,2014,0.0,0.0
53025,2015,0.0,0.0
53025,2016,0.0,0.0
53025,2017,0.0,0.0
53025,2018,0.0,0.0
53025,2019,0.0,0.0
53025,2020,85.862,7249.063
53025,2021,135.076,12493.979
53025,2022,58.638,13721.179
53025,2023,4.188,1101.548
53025,2024,0.0,0.0
56005,2010,0.0,0.0
56005,2011,0.0,0.0
56005,2012,0.0,0.0
56005,2013,0.0,0.0
56005,2014,0.0,0.0
56005,2015,0.0,0.0
56005,2016,0.0,0.0
56005,2017,0.0,0.0
56005,2018,0.0,0.0
56005,2019,0.0,0.0
56005,2020,65.388,8827.438
56005,2021,208.821,11390.242
56005,2022,54.842,8608.07
56005,2023,10.547,628.573
56005,2024,0.0,0.0
56013,2010,0.0,0.0
56013,2011,0.0,0.0
56013,2012,0.0,0.0
56013,2013,0.0,0.0
56013,2014,0.0,0.0
56013,2015,0.0,0.0
56013,2016,0.0,0.0
56013,2017,0.0,0.0
56013,2018,0.0,0.0
56013,2019,0.0,0.0
56013,2020,160.756,9966.844
56013,2021,238.622,14445.393
56013,2022,110.519,17366.623
56013,2023,5.024,728.424
56013,2024,0.0,0.0
56021,2010,0.0,0.0
56021,2011,0.0,0.0
56021,2012,0.0,0.0
56021,2013,0.0,0.0
56021,2014,0.0,0.0
56021,2015,0.0,0.0
56021,2016,0.0,0.0
56021,2017,0.0,0.0
56021,2018,0.0,0.0
56021,2019,0.0,0.0
56021,2020,63.059,7165.378
56021,2021,171.888,11801.261
56021,2022,88.487,12716.64
56021,2023,4.068,560.415
56021,2024,0.0,0.0
56025,2010,0.0,0.0
56025,2011,0.0,0.0
56025,2012,0.0,0.0
56025,2013,0.0,0.0
56025,2014,0.0,0.0
56025,2015,0.0,0.0
56025,2016,0.0,0.0
56025,2017,0.0,0.0
56025,2018,0.0,0.0
56025,2019,0.0,0.0
56025,2020,114.523,8065.179
56025,2021,178.009,12829.099
56025,2022,78.424,10902.12
56025,2023,16.183,421.993
56025,2024,0.0,0.0
56037,2010,0.0,0.0
56037,2011,0.0,0.0
56037,2012,0.0,0.0
56037,2013,0.0,0.0
56037,2014,0.0,0.0
56037,2015,0.0,0.0
56037,2016,0.0,0.0
56037,2017,0.0,0.0
56037,2018,0.0,0.0
56037,2019,0.0,0.0
56037,2020,36.764,6815.101
56037,2021,209.094,12302.107
56037,2022,66.634,9397.762
56037,2023,6.893,250.454
56037,2024,0.0,0.0
