fips,year,elec_rate_cents_kwh,res_sales_mwh,res_customers
01001,2010,11.239873880734418,,
01001,2011,11.559098686410593,,
01001,2012,11.829990407731142,,
01001,2013,11.672159518642163,,
01001,2014,11.888653904168663,,
01001,2015,12.261904727533446,,
01001,2016,12.681787441472054,,
01001,2017,13.394050981126327,,
01001,2018,12.844980476182021,,
01001,2019,13.432350098549191,,
01001,2020,13.505080069553177,,
01001,2021,14.028458993444906,,
01001,2022,15.467595121150126,,
01001,2023,,,
01001,2024,16.767773491638206,,
01003,2010,11.17121980877209,,
01003,2011,11.468995324455932,,
01003,2012,11.736313983687035,,
01003,2013,11.599465174120095,,
01003,2014,11.792718984337606,,
01003,2015,12.143035448964735,,
01003,2016,12.56720994800317,,
01003,2017,13.249457822322874,,
01003,2018,12.71482989779699,,
01003,2019,13.23919109676734,,
01003,2020,13.328128719303502,,
01003,2021,13.815367357204513,,
01003,2022,15.210186905012769,,
01003,2023,,,
01003,2024,16.45724169054672,,
01031,2010,11.254791252870207,,
01031,2011,11.564569941772215,,
01031,2012,11.83516660333763,,
01031,2013,11.690581030091586,,
01031,2014,11.881530473958236,,
01031,2015,12.262596377741705,,
01031,2016,12.681980212174908,,
01031,2017,13.377513436479012,,
01031,2018,12.829407260986143,,
01031,2019,13.39747214658742,,
01031,2020,13.498451462041595,,
01031,2021,14.00685474096293,,
01031,2022,15.448602431878435,,
01031,2023,,,
01031,2024,16.733167646984644,,
01033,2010,9.604149749841879,,
01033,2011,10.265552303913555,,
01033,2012,10.357512612073105,,
01033,2013,10.315908754133114,,
01033,2014,10.619014232085249,,
01033,2015,10.576815491067695,,
01033,2016,10.75703683515337,,
01033,2017,10.96887789946578,,
01033,2018,10.888882380379837,,
01033,2019,11.108767776163022,,
01033,2020,11.048279561266682,,
01033,2021,11.3463602807493,,
01033,2022,12.517113295228754,,
01033,2023,,,
01033,2024,12.506622540121809,,
01045,2010,11.196784377174287,,
01045,2011,11.513832046798735,,
01045,2012,11.793770120577342,,
01045,2013,11.649649882573753,,
01045,2014,11.839181001944528,,
01045,2015,12.210935917188156,,
01045,2016,12.626639369594896,,
01045,2017,13.31979727619462,,
01045,2018,12.777909948645119,,
01045,2019,13.323308699550077,,
01045,2020,13.425026255518123,,
01045,2021,13.930622882714383,,
01045,2022,15.36931452383384,,
01045,2023,,,
01045,2024,16.621263057749506,,
01071,2010,9.376035542561148,,
01071,2011,10.347638103069576,,
01071,2012,10.57195605613133,,
01071,2013,10.36596411421182,,
01071,2014,10.665051182530448,,
01071,2015,10.72059350834265,,
01071,2016,11.013667009262962,,
01071,2017,11.336134009807514,,
01071,2018,11.186515608523274,,
01071,2019,11.469779701396648,,
01071,2020,11.390957960177005,,
01071,2021,11.66724921432527,,
01071,2022,12.705679302917167,,
01071,2023,,,
01071,2024,12.678636347176331,,
01089,2010,8.389311221330377,,
01089,2011,9.145075652876868,,
01089,2012,9.458864502844182,,
01089,2013,9.329451797204213,,
01089,2014,9.640353532887348,,
01089,2015,9.579577283410064,,
01089,2016,9.672807289893575,,
01089,2017,10.071989025968364,,
01089,2018,10.121445402478038,,
01089,2019,10.242511991647707,,
01089,2020,10.118289575313057,,
01089,2021,10.540046685457511,,
01089,2022,11.737726907182118,,
01089,2023,,,
01089,2024,11.451686360114168,,
01097,2010,11.183780637921556,,
01097,2011,11.494291091354267,,
01097,2012,11.744594375177888,,
01097,2013,11.599011052229384,,
01097,2014,11.795529969507264,,
01097,2015,12.203440964938602,,
01097,2016,12.657752929218507,,
01097,2017,13.371678774346734,,
01097,2018,12.809313617421154,,
01097,2019,13.406453152964863,,
01097,2020,13.505099851415297,,
01097,2021,14.035572748462421,,
01097,2022,15.495259144575293,,
01097,2023,,,
01097,2024,16.771127232152296,,
01101,2010,11.201911496640992,,
01101,2011,11.51902279049654,,
01101,2012,11.767103179895297,,
01101,2013,11.63442997922998,,
01101,2014,11.818099981806762,,
01101,2015,12.210233813229175,,
01101,2016,12.648729615469835,,
01101,2017,13.3517500118829,,
01101,2018,12.795292246356597,,
01101,2019,13.382047246542989,,
01101,2020,13.484883470672397,,
01101,2021,14.00610404514345,,
01101,2022,15.45002021100841,,
01101,2023,,,
01101,2024,16.72792412688589,,
01117,2010,11.205835995976972,,
01117,2011,11.512431151777207,,
01117,2012,11.758319662027057,,
01117,2013,11.616190106570864,,
01117,2014,11.810450795451183,,
01117,2015,12.213622303540538,,
01117,2016,12.655188340893337,,
01117,2017,13.371094200673728,,
01117,2018,12.811406515476195,,
01117,2019,13.402842310168708,,
01117,2020,13.503065653824807,,
01117,2021,14.030327395035279,,
01117,2022,15.482910288679783,,
01117,2023,,,
01117,2024,16.759724758351176,,
04013,2010,11.103552103559277,,
04013,2011,11.208245502863704,,
04013,2012,11.453271423263168,,
04013,2013,11.929549585500112,,
04013,2014,12.092745290193122,,
04013,2015,12.307431880382104,,
04013,2016,12.401989342485857,,
04013,2017,12.644348469087866,,
04013,2018,12.99186007545069,,
04013,2019,12.642494119893794,,
04013,2020,12.407366331711744,,
04013,2021,12.549648842742258,,
04013,2022,12.957998524567689,,
04013,2023,,,
04013,2024,15.118028666526598,,
04015,2010,11.396233305498882,,
04015,2011,11.470939056626078,,
04015,2012,11.756357117284331,,
04015,2013,12.348806111356678,,
04015,2014,12.512619882196166,,
04015,2015,12.669022660006556,,
04015,2016,12.866654322722091,,
04015,2017,13.224290811975196,,
04015,2018,13.780563681507111,,
04015,2019,13.209453956285893,,
04015,2020,12.921085248251753,,
04015,2021,13.138363216487877,,
04015,2022,13.679579400955044,,
04015,2023,,,
04015,2024,16.247910365485446,,
04019,2010,11.230915693141965,,
04019,2011,11.321181384748584,,
04019,2012,11.5960592539824,,
04019,2013,12.07922524048146,,
04019,2014,12.378799134907533,,
04019,2015,12.591449295080098,,
04019,2016,12.650792625967801,,
04019,2017,13.235888935624734,,
04019,2018,13.79269737139988,,
04019,2019,13.292271717860725,,
04019,2020,13.054270541429958,,
04019,2021,13.474877349899844,,
04019,2022,13.89341320373464,,
04019,2023,,,
04019,2024,16.134190437785016,,
04021,2010,11.22571843854979,,
04021,2011,11.30217821896757,,
04021,2012,11.515922086924713,,
04021,2013,11.993446030694955,,
04021,2014,12.163088893541063,,
04021,2015,12.355473727153438,,
04021,2016,12.456311165611174,,
04021,2017,12.695419444996823,,
04021,2018,13.04013763901514,,
04021,2019,12.70224914219157,,
04021,2020,12.465369953897692,,
04021,2021,12.602031497661766,,
04021,2022,13.00514900024756,,
04021,2023,,,
04021,2024,15.065827787787516,,
04025,2010,11.524347482449986,,
04025,2011,11.60841015057988,,
04025,2012,11.96643899640412,,
04025,2013,12.575362232126851,,
04025,2014,12.69757097269688,,
04025,2015,12.860447947000457,,
04025,2016,13.038774070620955,,
04025,2017,13.491795423389565,,
04025,2018,14.07886112263893,,
04025,2019,13.514333584314418,,
04025,2020,13.150013437091497,,
04025,2021,13.345452972232994,,
04025,2022,13.817983528570643,,
04025,2023,,,
04025,2024,16.284206869306477,,
04027,2010,11.53380813257249,,
04027,2011,11.606604595717275,,
04027,2012,11.956928486315498,,
04027,2013,12.583090009122314,,
04027,2014,12.769139171074384,,
04027,2015,12.928373665674442,,
04027,2016,13.105412863293498,,
04027,2017,13.566252442541604,,
04027,2018,14.149837620941044,,
04027,2019,13.593321514127915,,
04027,2020,13.24378032470574,,
04027,2021,13.451652666452517,,
04027,2022,13.865546577245281,,
04027,2023,,,
04027,2024,16.45035592806813,,
06001,2010,15.727788357416248,,
06001,2011,15.302895286475081,,
06001,2012,15.600610014484198,,
06001,2013,17.003542653057767,,
06001,2014,16.717276340376646,,
06001,2015,18.012591257711126,,
06001,2016,19.916350227173787,,
06001,2017,21.15739148714661,,
06001,2018,22.18968191341521,,
06001,2019,22.316966295688367,,
06001,2020,23.590741064527112,,
06001,2021,25.773670396092033,,
06001,2022,30.802386844657505,,
06001,2023,,,
06001,2024,39.32580605522698,,
06013,2010,15.747973870699305,,
06013,2011,15.31920739367865,,
06013,2012,15.616536634238974,,
06013,2013,17.02488574800114,,
06013,2014,16.728848864120632,,
06013,2015,18.031265379514576,,
06013,2016,19.941262474803622,,
06013,2017,21.181207657210525,,
06013,2018,22.216149340730738,,
06013,2019,22.349103734200586,,
06013,2020,23.64544563837168,,
06013,2021,25.864447053974015,,
06013,2022,30.980032476568226,,
06013,2023,,,
06013,2024,39.61787219372227,,
06019,2010,14.988995317192142,,
06019,2011,14.882462547056054,,
06019,2012,15.799687603422399,,
06019,2013,16.79261436066104,,
06019,2014,16.58125091021024,,
06019,2015,17.278579916821844,,
06019,2016,17.892783688890365,,
06019,2017,18.790299508216894,,
06019,2018,18.89770942192223,,
06019,2019,18.590993136257076,,
06019,2020,20.29044248796432,,
06019,2021,22.998063064303278,,
06019,2022,26.8708205166416,,
06019,2023,,,
06019,2024,35.05796487680451,,
06085,2010,15.674452574510653,,
06085,2011,15.257295093679954,,
06085,2012,15.549720823981442,,
06085,2013,16.937056487031228,,
06085,2014,16.64978338376149,,
06085,2015,17.932720435446686,,
06085,2016,19.817855232134427,,
06085,2017,21.035251841692467,,
06085,2018,22.032423506164534,,
06085,2019,22.07708605609984,,
06085,2020,23.305984050756102,,
06085,2021,25.435903661834207,,
06085,2022,30.34027689937131,,
06085,2023,,,
06085,2024,38.76162231694307,,
13015,2010,10.282070885038202,,
13015,2011,11.75136532279742,,
13015,2012,11.514442421652955,,
13015,2013,11.841417605598885,,
13015,2014,12.161961223056743,,
13015,2015,11.941413269451903,,
13015,2016,11.87256531195675,,
13015,2017,12.196983292287824,,
13015,2018,11.522920342281326,,
13015,2019,11.917047617941746,,
13015,2020,12.212552880291158,,
13015,2021,12.939048308422953,,
13015,2022,14.679638560202012,,
13015,2023,,,
13015,2024,14.929209266893679,,
13097,2010,10.251717030423212,,
13097,2011,11.806691594057504,,
13097,2012,11.528018084755814,,
13097,2013,11.917220165579554,,
13097,2014,12.273599380048717,,
13097,2015,12.065976171230599,,
13097,2016,11.989431763830154,,
13097,2017,12.251923624234582,,
13097,2018,11.569743279701727,,
13097,2019,11.991991371353492,,
13097,2020,12.284494448849337,,
13097,2021,13.073900431121984,,
13097,2022,14.955948092007706,,
13097,2023,,,
13097,2024,15.315312046752753,,
13113,2010,10.236452771663997,,
13113,2011,11.72053550277872,,
13113,2012,11.444622647134716,,
13113,2013,11.819653255971586,,
13113,2014,12.150076381628699,,
13113,2015,11.952838836371745,,
13113,2016,11.881418557345867,,
13113,2017,12.159708730422235,,
13113,2018,11.515584050866044,,
13113,2019,11.93051219728271,,
13113,2020,12.210609741688263,,
13113,2021,12.970752768526028,,
13113,2022,14.808752300914032,,
13113,2023,,,
13113,2024,15.17036765563648,,
13115,2010,10.23781877855941,,
13115,2011,11.799263092704356,,
13115,2012,11.549421178822529,,
13115,2013,11.924733863521196,,
13115,2014,12.292603234365526,,
13115,2015,12.08751131943752,,
13115,2016,12.038662523127002,,
13115,2017,12.311947867984292,,
13115,2018,11.606657624990723,,
13115,2019,12.051337991904209,,
13115,2020,12.319717588541645,,
13115,2021,13.113952065564153,,
13115,2022,15.020253793716083,,
13115,2023,,,
13115,2024,15.332529298668023,,
13185,2010,10.25178211359554,,
13185,2011,11.837261669430376,,
13185,2012,11.577609995843511,,
13185,2013,11.97626653998377,,
13185,2014,12.335085773912757,,
13185,2015,12.119850142727168,,
13185,2016,12.063786501423953,,
13185,2017,12.329492174305006,,
13185,2018,11.61317643573397,,
13185,2019,12.06219574775348,,
13185,2020,12.334894450164775,,
13185,2021,13.165701513270342,,
13185,2022,15.125153878429622,,
13185,2023,,,
13185,2024,15.431091817379869,,
13217,2010,10.163023516961038,,
13217,2011,11.619003644248705,,
13217,2012,11.395345105990298,,
13217,2013,11.758775062141485,,
13217,2014,12.091665345062145,,
13217,2015,11.91569974534099,,
13217,2016,11.890907787255436,,
13217,2017,12.16871224053489,,
13217,2018,11.520576572115205,,
13217,2019,11.946998250230044,,
13217,2020,12.213350186726506,,
13217,2021,12.999493616962985,,
13217,2022,14.841334544269017,,
13217,2023,,,
13217,2024,15.176313612480145,,
17031,2010,12.16577242250548,,
17031,2011,12.623084885509927,,
17031,2012,12.359500784963851,,
17031,2013,11.276035727820554,,
17031,2014,12.235780018267597,,
17031,2015,13.167612090906177,,
17031,2016,12.237045484217559,,
17031,2017,12.89897817730321,,
17031,2018,13.035037677726987,,
17031,2019,13.300645533306389,,
17031,2020,13.234649245271974,,
17031,2021,13.486943878493296,,
17031,2022,16.478981020557736,,
17031,2023,,,
17031,2024,15.21590689896539,,
17037,2010,12.166071534861292,,
17037,2011,12.62375375187387,,
17037,2012,12.360022275538915,,
17037,2013,11.273700566992371,,
17037,2014,12.237328798946697,,
17037,2015,13.17212211804401,,
17037,2016,12.237901278085399,,
17037,2017,12.901005785979297,,
17037,2018,13.036622064927316,,
17037,2019,13.302939015542444,,
17037,2020,13.234649245271974,,
17037,2021,13.486943878493296,,
17037,2022,16.478981020557736,,
17037,2023,,,
17037,2024,15.21590689896539,,
17097,2010,12.166071534861292,,
17097,2011,12.62375375187387,,
17097,2012,12.360022275538915,,
17097,2013,11.273700566992371,,
17097,2014,12.237328798946697,,
17097,2015,13.17212211804401,,
17097,2016,12.237901278085399,,
17097,2017,12.901005785979297,,
17097,2018,13.036622064927316,,
17097,2019,13.302939015542444,,
17097,2020,13.234649245271974,,
17097,2021,13.486943878493296,,
17097,2022,16.478981020557736,,
17097,2023,,,
17097,2024,15.21590689896539,,
17115,2010,10.410801679849856,,
17115,2011,10.275228169168738,,
17115,2012,10.242929393451726,,
17115,2013,9.578683709126992,,
17115,2014,10.503503344068005,,
17115,2015,10.745241073529959,,
17115,2016,10.821972283750608,,
17115,2017,10.846454879397635,,
17115,2018,10.269945220046418,,
17115,2019,9.957192347650448,,
17115,2020,10.214695242302586,,
17115,2021,11.521080208657104,,
17115,2022,15.329545306069278,,
17115,2023,,,
17115,2024,15.38923673796129,,
18003,2010,8.623138412053324,,
18003,2011,8.621424441524386,,
18003,2012,8.82325060018887,,
18003,2013,9.930909460270522,,
18003,2014,10.38570154660508,,
18003,2015,11.10007614308248,,
18003,2016,11.391088953277867,,
18003,2017,11.766130471978084,,
18003,2018,12.628456729106926,,
18003,2019,13.60115335287749,,
18003,2020,14.092435606238356,,
18003,2021,14.528781842579408,,
18003,2022,15.525119636703264,,
18003,2023,,,
18003,2024,16.08153335865093,,
18039,2010,9.67880341993669,,
18039,2011,9.843369049820202,,
18039,2012,10.1649450641627,,
18039,2013,11.11634770669209,,
18039,2014,11.6142273243319,,
18039,2015,11.982184777827573,,
18039,2016,12.20254751785582,,
18039,2017,13.076653361593108,,
18039,2018,13.312537016865186,,
18039,2019,13.984983894620836,,
18039,2020,14.673037605580502,,
18039,2021,15.315368859357314,,
18039,2022,16.348652219212475,,
18039,2023,,,
18039,2024,17.658836675380524,,
18057,2010,8.567047563265625,,
18057,2011,9.051250182364946,,
18057,2012,9.507613681013405,,
18057,2013,10.084150778229816,,
18057,2014,10.630806648688084,,
18057,2015,10.610257444913328,,
18057,2016,10.952429206041106,,
18057,2017,11.475504379102118,,
18057,2018,11.688560167126235,,
18057,2019,12.118300828373334,,
18057,2020,12.252909031848766,,
18057,2021,13.00817472625441,,
18057,2022,14.686667981768368,,
18057,2023,,,
18057,2024,13.953020932798026,,
18141,2010,8.358555540527888,,
18141,2011,8.347393769840584,,
18141,2012,,,
18141,2013,,,
18141,2014,,,
18141,2015,,,
18141,2016,,,
18141,2017,,,
18141,2018,,,
18141,2019,,,
18141,2020,,,
18141,2021,,,
18141,2022,,,
18141,2023,,,
18141,2024,,,
19013,2010,10.449613608223554,,
19013,2011,10.352205375423674,,
19013,2012,10.589546826012738,,
19013,2013,10.936336130729686,,
19013,2014,11.049133508360773,,
19013,2015,11.602091879952658,,
19013,2016,12.051491500968265,,
19013,2017,12.429449816748848,,
19013,2018,12.49794622582824,,
19013,2019,12.809766790478266,,
19013,2020,12.796930264837796,,
19013,2021,13.13857609178667,,
19013,2022,13.65297628639266,,
19013,2023,,,
19013,2024,13.692782289769813,,
19049,2010,10.48348330890964,,
19049,2011,10.37865514884319,,
19049,2012,10.623811851015654,,
19049,2013,10.965406479757087,,
19049,2014,11.069383670812133,,
19049,2015,11.637632267675137,,
19049,2016,12.099792865782852,,
19049,2017,12.48083598300347,,
19049,2018,12.545186762259092,,
19049,2019,12.864521683957,,
19049,2020,12.858024854360323,,
19049,2021,13.181984779590456,,
19049,2022,13.690961116390222,,
19049,2023,,,
19049,2024,13.749400528504012,,
19103,2010,10.527163803946326,,
19103,2011,10.444340144761357,,
19103,2012,10.70023625811498,,
19103,2013,11.021978564216024,,
19103,2014,11.115768483301073,,
19103,2015,11.673968990282585,,
19103,2016,12.103545698065481,,
19103,2017,12.47696574636349,,
19103,2018,12.509645841377349,,
19103,2019,12.81625851014706,,
19103,2020,12.819145337893682,,
19103,2021,13.139973307696796,,
19103,2022,13.654891239903474,,
19103,2023,,,
19103,2024,13.757421314022208,,
19113,2010,13.06178017675201,,
19113,2011,12.851433667606834,,
19113,2012,12.902072799328986,,
19113,2013,13.50731702087783,,
19113,2014,13.38537880282654,,
19113,2015,13.978548348250747,,
19113,2016,14.409289664327426,,
19113,2017,14.871287634675001,,
19113,2018,15.285224057879566,,
19113,2019,16.00845647540724,,
19113,2020,15.961864561859603,,
19113,2021,16.170111718632484,,
19113,2022,17.0390525065041,,
19113,2023,,,
19113,2024,17.32515712018344,,
19153,2010,10.501473307724456,,
19153,2011,10.395867556633378,,
19153,2012,10.644822217484412,,
19153,2013,10.986979320736399,,
19153,2014,11.090694789539773,,
19153,2015,11.65647283048069,,
19153,2016,12.120923977210328,,
19153,2017,12.500137491152492,,
19153,2018,12.565768119371958,,
19153,2019,12.88355135853779,,
19153,2020,12.867176778924826,,
19153,2021,13.188375549046622,,
19153,2022,13.696707346036318,,
19153,2023,,,
19153,2024,13.75752669723827,,
19155,2010,11.151115197383145,,
19155,2011,11.772310140007212,,
19155,2012,8.904133162217223,,
19155,2013,8.982390076688644,,
19155,2014,9.265431020377095,,
19155,2015,9.805217012867018,,
19155,2016,10.283838074106075,,
19155,2017,10.608456147049388,,
19155,2018,10.359515647261478,,
19155,2019,10.332466510933592,,
19155,2020,10.33572437315588,,
19155,2021,10.751816997085454,,
19155,2022,11.005038877401619,,
19155,2023,,,
19155,2024,11.012150770235772,,
19163,2010,10.482630300315577,,
19163,2011,10.394984169729382,,
19163,2012,10.640394047818383,,
19163,2013,10.975959522580297,,
19163,2014,11.078288591350816,,
19163,2015,11.642454973465044,,
19163,2016,12.094834481200202,,
19163,2017,12.480603347120836,,
19163,2018,12.538549046277424,,
19163,2019,12.856735524216525,,
19163,2020,12.857011579938277,,
19163,2021,13.178850687026806,,
19163,2022,13.696751234400146,,
19163,2023,,,
19163,2024,13.747321068529244,,
29047,2010,8.767075855041739,,
29047,2011,10.443787330393855,,
29047,2012,10.086152247316228,,
29047,2013,10.749606821351634,,
29047,2014,10.775307310206392,,
29047,2015,11.503388302362653,,
29047,2016,11.316356710608257,,
29047,2017,11.73854949317418,,
29047,2018,11.382287831339973,,
29047,2019,10.942298241024586,,
29047,2020,11.018462170077308,,
29047,2021,11.298753902579874,,
29047,2022,11.675857579810685,,
29047,2023,,,
29047,2024,12.745819331709034,,
29077,2010,9.080212882072473,,
29077,2011,9.905333006134736,,
29077,2012,10.272137892168582,,
29077,2013,10.399672703470305,,
29077,2014,10.718150057432394,,
29077,2015,11.10311876698217,,
29077,2016,11.386941934570212,,
29077,2017,11.98016687501044,,
29077,2018,11.88028173009379,,
29077,2019,11.611346634234543,,
29077,2020,11.680575789761711,,
29077,2021,11.560425134010785,,
29077,2022,12.508670501207805,,
29077,2023,,,
29077,2024,13.180859649355757,,
29099,2010,8.173386057614112,,
29099,2011,9.253787053370111,,
29099,2012,9.77401735343595,,
29099,2013,10.574158016490468,,
29099,2014,10.434915113269371,,
29099,2015,11.37375056804137,,
29099,2016,10.793217213339638,,
29099,2017,11.242812404787962,,
29099,2018,10.965045581796996,,
29099,2019,10.469051502635855,,
29099,2020,10.447696574410838,,
29099,2021,10.886902365308721,,
29099,2022,11.408472350773659,,
29099,2023,,,
29099,2024,12.6268336614759,,
31053,2010,9.122561734038689,,
31053,2011,9.29975592264479,,
31053,2012,10.045314002935799,,
31053,2013,10.593398249091132,,
31053,2014,10.611548971953635,,
31053,2015,11.016088449385904,,
31053,2016,11.410062542367632,,
31053,2017,11.434596331560988,,
31053,2018,11.1786994168681,,
31053,2019,11.277874921334305,,
31053,2020,11.373511207717295,,
31053,2021,11.362080861457423,,
31053,2022,11.668070148225832,,
31053,2023,,,
31053,2024,12.343237843229906,,
31079,2010,8.478881757697351,,
31079,2011,8.685388044471937,,
31079,2012,9.525203308237536,,
31079,2013,9.47122375510643,,
31079,2014,11.220239110701721,,
31079,2015,10.428249384024127,,
31079,2016,10.505006638336225,,
31079,2017,10.557266858236769,,
31079,2018,10.056508527974968,,
31079,2019,10.041585456718783,,
31079,2020,10.10142500462657,,
31079,2021,10.102383600125282,,
31079,2022,10.01073983907567,,
31079,2023,,,
31079,2024,10.49897540848533,,
31109,2010,8.95401484680679,,
31109,2011,9.149115366879379,,
31109,2012,9.789759368159748,,
31109,2013,10.217063237242934,,
31109,2014,10.539530404840407,,
31109,2015,10.616592450553187,,
31109,2016,10.887425775489858,,
31109,2017,10.96288043410519,,
31109,2018,10.68422675245858,,
31109,2019,10.776736931940235,,
31109,2020,10.827684788099852,,
31109,2021,10.808137870221824,,
31109,2022,10.960016212835054,,
31109,2023,,,
31109,2024,11.713395074570883,,
31153,2010,9.2189530121869,,
31153,2011,9.367903124798028,,
31153,2012,10.115205338113888,,
31153,2013,10.683968495675966,,
31153,2014,10.67598623852567,,
31153,2015,11.072028139739388,,
31153,2016,11.470143958923085,,
31153,2017,11.487896362383655,,
31153,2018,11.208931638540664,,
31153,2019,11.30044625701496,,
31153,2020,11.396312504844525,,
31153,2021,11.384587862037744,,
31153,2022,11.679793386583283,,
31153,2023,,,
31153,2024,12.357861593590647,,
31157,2010,11.749609368075538,,
31157,2011,11.528598813702196,,
31157,2012,12.279908424855497,,
31157,2013,12.473289915812448,,
31157,2014,12.443983494014784,,
31157,2015,11.063108264565571,,
31157,2016,11.068424301276888,,
31157,2017,11.122015683375496,,
31157,2018,10.814866955052413,,
31157,2019,10.949891855291819,,
31157,2020,10.362184555282871,,
31157,2021,10.396164673612281,,
31157,2022,10.272466555458914,,
31157,2023,,,
31157,2024,10.629993460692974,,
32003,2010,12.454720574758804,,
32003,2011,11.81004571153351,,
32003,2012,12.09196161801746,,
32003,2013,12.149177919036651,,
32003,2014,13.247870497884982,,
32003,2015,13.078436140850211,,
32003,2016,11.738191855166365,,
32003,2017,12.4205212961778,,
32003,2018,12.062267625553625,,
32003,2019,12.296735611293478,,
32003,2020,11.638659096856834,,
32003,2021,11.628106009562282,,
32003,2022,14.043185902471269,,
32003,2023,,,
32003,2024,15.252477129595396,,
32005,2010,12.382475581196093,,
32005,2011,11.118113116045084,,
32005,2012,11.048473030796805,,
32005,2013,11.210656174557903,,
32005,2014,12.043230708527771,,
32005,2015,11.807323307140617,,
32005,2016,10.263925421239993,,
32005,2017,10.531880828005082,,
32005,2018,11.132058603940166,,
32005,2019,11.062517338270817,,
32005,2020,10.17856888913505,,
32005,2021,10.926335843957567,,
32005,2022,13.303942548739041,,
32005,2023,,,
32005,2024,14.518023521747695,,
32007,2010,12.228080817499727,,
32007,2011,11.000705655810135,,
32007,2012,10.933212346462769,,
32007,2013,11.095249422560961,,
32007,2014,11.91271652702337,,
32007,2015,11.688959595447166,,
32007,2016,10.203312043902349,,
32007,2017,10.461645138162758,,
32007,2018,11.05174606326679,,
32007,2019,10.985256050236792,,
32007,2020,10.132011988296878,,
32007,2021,10.85755188355154,,
32007,2022,13.161094867396882,,
32007,2023,,,
32007,2024,14.347327187648919,,
32019,2010,12.382475581196093,,
32019,2011,11.118113116045084,,
32019,2012,11.048473030796805,,
32019,2013,11.210656174557903,,
32019,2014,12.043230708527771,,
32019,2015,11.807323307140617,,
32019,2016,10.263925421239993,,
32019,2017,10.531880828005082,,
32019,2018,11.132058603940166,,
32019,2019,11.062517338270817,,
32019,2020,10.17856888913505,,
32019,2021,10.926335843957567,,
32019,2022,13.303942548739041,,
32019,2023,,,
32019,2024,14.518023521747695,,
32023,2010,12.463006875984433,,
32023,2011,11.642635573886565,,
32023,2012,11.832931831420002,,
32023,2013,11.915836747471367,,
32023,2014,12.961417171550602,,
32023,2015,12.773674119801573,,
32023,2016,11.362055225983053,,
32023,2017,11.975271554861752,,
32023,2018,11.824787018337807,,
32023,2019,11.997416084214072,,
32023,2020,11.262566772734111,,
32023,2021,11.456279269218358,,
32023,2022,13.891060677267403,,
32023,2023,,,
32023,2024,15.117402682839105,,
32029,2010,12.382475581196093,,
32029,2011,11.118113116045084,,
32029,2012,11.048473030796805,,
32029,2013,11.210656174557903,,
32029,2014,12.043230708527771,,
32029,2015,11.807323307140617,,
32029,2016,10.263925421239993,,
32029,2017,10.531880828005082,,
32029,2018,11.132058603940166,,
32029,2019,11.062517338270817,,
32029,2020,10.17856888913505,,
32029,2021,10.926335843957567,,
32029,2022,13.303942548739041,,
32029,2023,,,
32029,2024,14.518023521747695,,
32031,2010,12.388428147836304,,
32031,2011,11.125830833188102,,
32031,2012,11.056592318872962,,
32031,2013,11.218457106295482,,
32031,2014,12.050347483838996,,
32031,2015,11.815601803933907,,
32031,2016,10.273759954260075,,
32031,2017,10.540740871931959,,
32031,2018,11.140719161150058,,
32031,2019,11.071713091310045,,
32031,2020,10.178569585790765,,
32031,2021,10.926327003534091,,
32031,2022,13.303903767073768,,
32031,2023,,,
32031,2024,14.518010831846544,,
32510,2010,12.382475581196093,,
32510,2011,11.118113116045084,,
32510,2012,11.048473030796805,,
32510,2013,11.210656174557903,,
32510,2014,12.043230708527771,,
32510,2015,11.807323307140617,,
32510,2016,10.263925421239993,,
32510,2017,10.531880828005082,,
32510,2018,11.132058603940166,,
32510,2019,11.062517338270817,,
32510,2020,10.17856888913505,,
32510,2021,10.926335843957567,,
32510,2022,13.303942548739041,,
32510,2023,,,
32510,2024,14.518023521747695,,
35001,2010,10.795942904477918,,
35001,2011,11.580532195180268,,
35001,2012,12.358921783751757,,
35001,2013,12.567396888409478,,
35001,2014,13.047826241830144,,
35001,2015,13.46692331212552,,
35001,2016,12.515707908319532,,
35001,2017,13.462055499197476,,
35001,2018,13.480048324156892,,
35001,2019,13.435309932810895,,
35001,2020,14.134909291789684,,
35001,2021,14.588488775093648,,
35001,2022,14.464183941048098,,
35001,2023,,,
35001,2024,15.644972201021593,,
35005,2010,9.642844210701643,,
35005,2011,9.799620129888373,,
35005,2012,9.350436514768889,,
35005,2013,10.112879560322297,,
35005,2014,11.044533959844395,,
35005,2015,10.89282543704556,,
35005,2016,11.194153287264427,,
35005,2017,12.006047800581621,,
35005,2018,11.610794022910424,,
35005,2019,11.366252942300276,,
35005,2020,11.551704409271931,,
35005,2021,12.237735523753427,,
35005,2022,13.613055285342789,,
35005,2023,,,
35005,2024,13.021976684671184,,
35013,2010,10.809801036498653,,
35013,2011,11.568584226084143,,
35013,2012,12.257636384010983,,
35013,2013,12.44999839073195,,
35013,2014,12.984992611463438,,
35013,2015,13.233155072898395,,
35013,2016,12.309902207513032,,
35013,2017,13.21980614578044,,
35013,2018,13.037314459535423,,
35013,2019,12.840033814702624,,
35013,2020,13.506140138691809,,
35013,2021,14.086093073960303,,
35013,2022,14.058320637180254,,
35013,2023,,,
35013,2024,14.698423970561697,,
35025,2010,7.850801270982143,,
35025,2011,8.012804726596347,,
35025,2012,7.660035425076407,,
35025,2013,8.340910171984032,,
35025,2014,9.442538705584585,,
35025,2015,9.270890627939647,,
35025,2016,9.440811788789777,,
35025,2017,10.40256693474592,,
35025,2018,9.951758634320184,,
35025,2019,9.508803896695191,,
35025,2020,9.681774202882,,
35025,2021,10.641069873759816,,
35025,2022,12.577782150985946,,
35025,2023,,,
35025,2024,11.691078615893547,,
35031,2010,10.67842857654291,,
35031,2011,11.395933121527426,,
35031,2012,12.23952283970535,,
35031,2013,12.387473138477763,,
35031,2014,12.906679249420476,,
35031,2015,13.315936272183446,,
35031,2016,12.405707064430217,,
35031,2017,13.336836900366494,,
35031,2018,13.349997046117743,,
35031,2019,13.304820336569607,,
35031,2020,14.008061434358446,,
35031,2021,14.470025262113282,,
35031,2022,14.371742132128277,,
35031,2023,,,
35031,2024,15.593626289475997,,
35035,2010,10.89510375078721,,
35035,2011,11.633595276700976,,
35035,2012,12.299838962466495,,
35035,2013,12.49162843707218,,
35035,2014,13.039310901177531,,
35035,2015,13.268604786909352,,
35035,2016,12.410308699314163,,
35035,2017,13.304148108355337,,
35035,2018,13.09502998516463,,
35035,2019,12.925585007942036,,
35035,2020,13.6040875155725,,
35035,2021,14.160725326343703,,
35035,2022,14.146362705496811,,
35035,2023,,,
35035,2024,14.721038822758064,,
35049,2010,10.901146040984166,,
35049,2011,11.651648345369235,,
35049,2012,12.45230352113768,,
35049,2013,12.66939218856934,,
35049,2014,13.176691705509093,,
35049,2015,13.581918372121745,,
35049,2016,12.657961920941661,,
35049,2017,13.580638149201345,,
35049,2018,13.567992022126978,,
35049,2019,13.491834918253192,,
35049,2020,14.131897478790513,,
35049,2021,14.582107414622481,,
35049,2022,14.412775861916959,,
35049,2023,,,
35049,2024,15.616029109084122,,
35061,2010,10.866578288985432,,
35061,2011,11.68114542960649,,
35061,2012,12.430750894923223,,
35061,2013,12.633088469397553,,
35061,2014,13.102462434892956,,
35061,2015,13.514035705575,,
35061,2016,12.576377021637995,,
35061,2017,13.517648581205501,,
35061,2018,13.528490915011254,,
35061,2019,13.478970491528553,,
35061,2020,14.134909291789684,,
35061,2021,14.588488775093648,,
35061,2022,14.464183941048098,,
35061,2023,,,
35061,2024,15.644972201021593,,
37001,2010,9.585343132117938,,
37001,2011,9.609650034564917,,
37001,2012,10.369180123368233,,
37001,2013,10.402331325815952,,
37001,2014,10.60467952451146,,
37001,2015,10.824882815750616,,
37001,2016,10.608691698331885,,
37001,2017,10.311590166703088,,
37001,2018,10.596387551579305,,
37001,2019,11.010266399512465,,
37001,2020,10.895740757087223,,
37001,2021,10.858480566767332,,
37001,2022,11.209686696702292,,
37001,2023,,,
37001,2024,14.623937459531708,,
37027,2010,9.133495037292917,,
37027,2011,9.353599973013575,,
37027,2012,10.339063549054877,,
37027,2013,10.298479723292497,,
37027,2014,10.63087323299741,,
37027,2015,10.721903636541276,,
37027,2016,10.505177756805129,,
37027,2017,10.358434179068357,,
37027,2018,10.299651550144441,,
37027,2019,10.484438306228332,,
37027,2020,10.543729426438771,,
37027,2021,10.418287395163627,,
37027,2022,10.599234583654784,,
37027,2023,,,
37027,2024,13.799985055580656,,
37031,2010,10.361964351993766,,
37031,2011,10.130378325210936,,
37031,2012,10.46271738408635,,
37031,2013,10.630758506585567,,
37031,2014,10.563486962595535,,
37031,2015,11.01841981611266,,
37031,2016,10.791779979434782,,
37031,2017,10.400333760129381,,
37031,2018,11.140585619847002,,
37031,2019,11.832425535676299,,
37031,2020,11.534002080150323,,
37031,2021,11.60192258283952,,
37031,2022,12.153503202519989,,
37031,2023,,,
37031,2024,15.447658019320324,,
37035,2010,9.037994630476339,,
37035,2011,9.254796969736763,,
37035,2012,10.258349403063209,,
37035,2013,10.201419262962833,,
37035,2014,10.577184446920135,,
37035,2015,10.660394828703009,,
37035,2016,10.486779009393695,,
37035,2017,10.275876007795002,,
37035,2018,10.219048625107382,,
37035,2019,10.437547032952011,,
37035,2020,10.462296779493395,,
37035,2021,10.341666491224323,,
37035,2022,10.513080306440928,,
37035,2023,,,
37035,2024,13.77317033694625,,
37057,2010,9.058462119941542,,
37057,2011,9.25557731614001,,
37057,2012,10.275678923355402,,
37057,2013,10.219588759351845,,
37057,2014,10.63257987230334,,
37057,2015,10.72024100528186,,
37057,2016,10.53294548714065,,
37057,2017,10.315246046419174,,
37057,2018,10.273540761586357,,
37057,2019,10.484126106341021,,
37057,2020,10.49307493938871,,
37057,2021,10.372030725214064,,
37057,2022,10.503951375053912,,
37057,2023,,,
37057,2024,13.738604175876217,,
37069,2010,10.395490905259166,,
37069,2011,10.177935192979389,,
37069,2012,10.47619875975033,,
37069,2013,10.673356524282063,,
37069,2014,10.59136582540341,,
37069,2015,11.060386301954871,,
37069,2016,10.8305477799111,,
37069,2017,10.44063242109938,,
37069,2018,11.171591260276792,,
37069,2019,11.847399067661948,,
37069,2020,11.557695021606621,,
37069,2021,11.632594037116505,,
37069,2022,12.19974616404322,,
37069,2023,,,
37069,2024,15.462222922282075,,
37135,2010,9.560287648269096,,
37135,2011,9.579822320908162,,
37135,2012,10.34155633588004,,
37135,2013,10.374833690302617,,
37135,2014,10.578277948678823,,
37135,2015,10.800692925125531,,
37135,2016,10.587384553716062,,
37135,2017,10.283040979894741,,
37135,2018,10.567419106339528,,
37135,2019,10.983131351327149,,
37135,2020,10.87110919010447,,
37135,2021,10.836335052409737,,
37135,2022,11.179785989669586,,
37135,2023,,,
37135,2024,14.611866957291525,,
37151,2010,9.579205574313892,,
37151,2011,9.615270750280217,,
37151,2012,10.35834657310091,,
37151,2013,10.391156833390836,,
37151,2014,10.609728906412117,,
37151,2015,10.844386520950685,,
37151,2016,10.641073233554408,,
37151,2017,10.362373186784536,,
37151,2018,10.6335971900364,,
37151,2019,11.038697837166843,,
37151,2020,10.926493305491288,,
37151,2021,10.880554181974249,,
37151,2022,11.197405954700839,,
37151,2023,,,
37151,2024,14.473092105340806,,
37161,2010,9.535332483734184,,
37161,2011,9.577639057617885,,
37161,2012,10.326176527090768,,
37161,2013,10.361148730123146,,
37161,2014,10.559350381075781,,
37161,2015,10.783995348313871,,
37161,2016,10.581102555254265,,
37161,2017,10.282798908495655,,
37161,2018,10.554293966693477,,
37161,2019,10.965379831511108,,
37161,2020,10.854846014153818,,
37161,2021,10.819387733938584,,
37161,2022,11.173038394225799,,
37161,2023,,,
37161,2024,14.571719675192417,,
37163,2010,10.368545885858156,,
37163,2011,10.223302940419748,,
37163,2012,10.549169332968594,,
37163,2013,10.72321781917637,,
37163,2014,10.65397190631987,,
37163,2015,11.099984581819363,,
37163,2016,10.88273845130405,,
37163,2017,10.494730957763537,,
37163,2018,11.163594370118481,,
37163,2019,11.855023603374978,,
37163,2020,11.605986200304933,,
37163,2021,11.665851237545768,,
37163,2022,12.196010733329606,,
37163,2023,,,
37163,2024,15.395577716581188,,
37193,2010,9.137879237792019,,
37193,2011,9.333234865295855,,
37193,2012,10.343182509821432,,
37193,2013,10.304256960943018,,
37193,2014,10.6570406700772,,
37193,2015,10.750485986078123,,
37193,2016,10.527459666565422,,
37193,2017,10.372499488565506,,
37193,2018,10.348925413899293,,
37193,2019,10.532854423818508,,
37193,2020,10.578052764461201,,
37193,2021,10.456180884333794,,
37193,2022,10.612083199153306,,
37193,2023,,,
37193,2024,13.851808832612686,,
39045,2010,10.521773965874843,,
39045,2011,11.144707857213445,,
39045,2012,12.269565840747177,,
39045,2013,13.202190110344896,,
39045,2014,14.011914861286908,,
39045,2015,13.47843516542269,,
39045,2016,13.112699422702912,,
39045,2017,12.483543174875635,,
39045,2018,12.148952835908291,,
39045,2019,11.917631433119459,,
39045,2020,12.288453425442336,,
39045,2021,12.58930042163956,,
39045,2022,14.317629578716414,,
39045,2023,,,
39045,2024,17.461985556979453,,
39049,2010,10.63580498244645,,
39049,2011,11.12591599299708,,
39049,2012,12.095117875503673,,
39049,2013,12.80810459690086,,
39049,2014,13.474353844966402,,
39049,2015,13.23138944349935,,
39049,2016,12.766287436318457,,
39049,2017,12.46197351546612,,
39049,2018,12.207625799249145,,
39049,2019,11.98811017078144,,
39049,2020,12.189781266722418,,
39049,2021,12.607619572685772,,
39049,2022,13.948427058709655,,
39049,2023,,,
39049,2024,17.055027786934772,,
39057,2010,11.644476116292477,,
39057,2011,12.236802828797138,,
39057,2012,12.613591789253839,,
39057,2013,12.406527059112218,,
39057,2014,12.598841495264482,,
39057,2015,12.736821592191772,,
39057,2016,11.9671078579634,,
39057,2017,11.753568264355211,,
39057,2018,11.463368332617868,,
39057,2019,11.333803643486016,,
39057,2020,10.80806957799814,,
39057,2021,10.994049612890457,,
39057,2022,12.352606913762678,,
39057,2023,,,
39057,2024,15.49966163328046,,
39061,2010,12.948171329363552,,
39061,2011,12.18661324888121,,
39061,2012,10.740702731610694,,
39061,2013,11.22713103778966,,
39061,2014,11.448350463296629,,
39061,2015,11.443164491816978,,
39061,2016,11.813670598568663,,
39061,2017,11.760680880745989,,
39061,2018,11.317928346746191,,
39061,2019,11.240821703535598,,
39061,2020,11.25661560478815,,
39061,2021,11.43892021209147,,
39061,2022,11.991457833532545,,
39061,2023,,,
39061,2024,15.119521140029171,,
39077,2010,10.242686750845223,,
39077,2011,11.146956873400375,,
39077,2012,12.130560066716837,,
39077,2013,12.903308739883762,,
39077,2014,13.635646331450923,,
39077,2015,13.37665478498757,,
39077,2016,12.855260332747509,,
39077,2017,12.672377318043042,,
39077,2018,12.458901106987224,,
39077,2019,12.193856426342503,,
39077,2020,12.370758796853222,,
39077,2021,12.860968585533598,,
39077,2022,14.587189227735925,,
39077,2023,,,
39077,2024,18.307200683607533,,
39089,2010,10.571434828007039,,
39089,2011,11.18543572503294,,
39089,2012,12.306301170642252,,
39089,2013,13.20487504896711,,
39089,2014,13.97139073967937,,
39089,2015,13.466621447924854,,
39089,2016,13.128885127763382,,
39089,2017,12.552699307346478,,
39089,2018,12.216966193879031,,
39089,2019,12.016720721880302,,
39089,2020,12.374779230764275,,
39089,2021,12.711995009979868,,
39089,2022,14.382050144049561,,
39089,2023,,,
39089,2024,17.432847608815763,,
39095,2010,11.474566150115477,,
39095,2011,11.738539238436797,,
39095,2012,11.673028694107623,,
39095,2013,11.852534664417389,,
39095,2014,12.185403938610659,,
39095,2015,13.00093707201038,,
39095,2016,12.241057133656561,,
39095,2017,12.819639072867675,,
39095,2018,13.028127980689993,,
39095,2019,12.683103776577001,,
39095,2020,12.298869940763709,,
39095,2021,13.003216643456522,,
39095,2022,13.128919926636614,,
39095,2023,,,
39095,2024,16.639362377112874,,
39103,2010,11.309999935776053,,
39103,2011,11.18487676151148,,
39103,2012,11.491020541257567,,
39103,2013,11.466614212689198,,
39103,2014,11.700266237518791,,
39103,2015,12.613656109707065,,
39103,2016,11.870641892152554,,
39103,2017,12.458293458384079,,
39103,2018,12.595639331305573,,
39103,2019,12.249699693200238,,
39103,2020,11.706887676964705,,
39103,2021,12.541449970793412,,
39103,2022,12.929442064317485,,
39103,2023,,,
39103,2024,16.278275230124564,,
39113,2010,12.721712069250742,,
39113,2011,12.696182864220527,,
39113,2012,12.158484209367446,,
39113,2013,12.287872123755907,,
39113,2014,12.442699595729334,,
39113,2015,12.131672247923603,,
39113,2016,12.037757127007445,,
39113,2017,11.627858749255081,,
39113,2018,11.154742354398977,,
39113,2019,11.08758660088305,,
39113,2020,10.598227052396597,,
39113,2021,10.486135663047543,,
39113,2022,12.339303148927234,,
39113,2023,,,
39113,2024,15.216457249448089,,
39129,2010,11.653197541248526,,
39129,2011,11.650090509468349,,
39129,2012,12.594995498849912,,
39129,2013,13.243867723572146,,
39129,2014,13.935934466588307,,
39129,2015,13.37495736259637,,
39129,2016,12.934857141157531,,
39129,2017,12.289348665706765,,
39129,2018,11.917187008535953,,
39129,2019,11.719629873501997,,
39129,2020,11.83115777868088,,
39129,2021,11.961117069751722,,
39129,2022,14.002547280211708,,
39129,2023,,,
39129,2024,15.050389019628188,,
39133,2010,11.29688278488132,,
39133,2011,11.16628883890335,,
39133,2012,11.438146853773857,,
39133,2013,11.434819540546282,,
39133,2014,11.66909799539401,,
39133,2015,12.636042145532862,,
39133,2016,11.842341127527884,,
39133,2017,12.433508494831253,,
39133,2018,12.586887992125293,,
39133,2019,12.209513895971924,,
39133,2020,11.681403869548811,,
39133,2021,12.541881803103637,,
39133,2022,12.877178045625264,,
39133,2023,,,
39133,2024,16.375549759116705,,
39143,2010,10.366851668064973,,
39143,2011,11.186600559493138,,
39143,2012,12.106670786897967,,
39143,2013,12.848909701860368,,
39143,2014,13.560242549178286,,
39143,2015,13.358367928481284,,
39143,2016,12.814147410798524,,
39143,2017,12.683115027195376,,
39143,2018,12.503881673249447,,
39143,2019,12.226044682016008,,
39143,2020,12.369902886952014,,
39143,2021,12.873698064454581,,
39143,2022,14.463335687840747,,
39143,2023,,,
39143,2024,18.144213736283508,,
39147,2010,10.364978612937975,,
39147,2011,11.187022912334992,,
39147,2012,12.10981113668515,,
39147,2013,12.854270575756436,,
39147,2014,13.566633861522773,,
39147,2015,13.363791980092207,,
39147,2016,12.817555946197551,,
39147,2017,12.68864616331193,,
39147,2018,12.50780324488651,,
39147,2019,12.231358264861386,,
39147,2020,12.36898199259699,,
39147,2021,12.876930980914524,,
39147,2022,14.469210105080343,,
39147,2023,,,
39147,2024,18.16282478368518,,
39153,2010,10.568056578334781,,
39153,2011,11.156556655927874,,
39153,2012,12.043153155517995,,
39153,2013,12.702525557744405,,
39153,2014,13.395630657321815,,
39153,2015,13.257828859829846,,
39153,2016,12.71539555222095,,
39153,2017,12.661524800350003,,
39153,2018,12.50917912024595,,
39153,2019,12.225739133718953,,
39153,2020,12.290048464818609,,
39153,2021,12.817744040125662,,
39153,2022,14.247729310869513,,
39153,2023,,,
39153,2024,17.912566513313262,,
39159,2010,11.506718496319925,,
39159,2011,11.597788750379953,,
39159,2012,12.449056640462976,,
39159,2013,13.00207451367027,,
39159,2014,13.637628643128894,,
39159,2015,13.310397053852096,,
39159,2016,12.765977972638298,,
39159,2017,12.460717247383807,,
39159,2018,12.192630978598226,,
39159,2019,11.967381886971362,,
39159,2020,11.922723319103964,,
39159,2021,12.206060667131233,,
39159,2022,14.214423396885051,,
39159,2023,,,
39159,2024,17.825076081789266,,
40041,2010,8.101485348761766,,
40041,2011,8.682202978398754,,
40041,2012,8.2996265834702,,
40041,2013,8.652102530860141,,
40041,2014,9.04644872431719,,
40041,2015,9.264945100761834,,
40041,2016,8.888056909547597,,
40041,2017,10.284086593908881,,
40041,2018,10.501494839755463,,
40041,2019,10.3098805482895,,
40041,2020,9.72857622965882,,
40041,2021,10.51838556335843,,
40041,2022,12.172587544951986,,
40041,2023,,,
40041,2024,12.747352024133999,,
40087,2010,8.930482017165279,,
40087,2011,9.251425257611992,,
40087,2012,9.136956479857986,,
40087,2013,9.315359341074652,,
40087,2014,9.676034653863425,,
40087,2015,9.721550482119369,,
40087,2016,9.760181453580593,,
40087,2017,10.200835077147195,,
40087,2018,9.845688916727706,,
40087,2019,9.705798478733794,,
40087,2020,9.489287999659439,,
40087,2021,10.705667831639863,,
40087,2022,12.539519982759307,,
40087,2023,,,
40087,2024,12.17493510239577,,
40097,2010,8.097452294901897,,
40097,2011,8.671771689422316,,
40097,2012,8.289188751797871,,
40097,2013,8.638270823302667,,
40097,2014,9.03647283551192,,
40097,2015,9.23655768760861,,
40097,2016,8.836540821664501,,
40097,2017,10.257706637223482,,
40097,2018,10.479654091809751,,
40097,2019,10.268770526659825,,
40097,2020,9.67934671119397,,
40097,2021,10.490788808640696,,
40097,2022,12.178972549334103,,
40097,2023,,,
40097,2024,12.704193286988284,,
40111,2010,8.878155563555625,,
40111,2011,9.185948193276957,,
40111,2012,9.057344137898484,,
40111,2013,9.205560827209235,,
40111,2014,9.564999183508265,,
40111,2015,9.630672044105012,,
40111,2016,9.724602891657316,,
40111,2017,10.159973900142663,,
40111,2018,9.809204292270747,,
40111,2019,9.664056857238444,,
40111,2020,9.41941936495232,,
40111,2021,10.634933086832566,,
40111,2022,12.462037547463282,,
40111,2023,,,
40111,2024,12.162988632830315,,
40135,2010,9.525213269696946,,
40135,2011,9.659269193226129,,
40135,2012,9.758564210901659,,
40135,2013,9.718468039507368,,
40135,2014,10.011683861403945,,
40135,2015,9.994559183822116,,
40135,2016,10.452251389151563,,
40135,2017,10.180686029494572,,
40135,2018,9.441637859950307,,
40135,2019,9.345481946140218,,
40135,2020,9.383658746349894,,
40135,2021,10.815197245817508,,
40135,2022,12.614932562959027,,
40135,2023,,,
40135,2024,11.88544318967873,,
41003,2010,8.536172837994044,,
41003,2011,9.634657587063675,,
41003,2012,10.256581141739895,,
41003,2013,10.674979670191874,,
41003,2014,10.951175561275706,,
41003,2015,11.031232594416762,,
41003,2016,10.964772960257212,,
41003,2017,11.062802194084432,,
41003,2018,11.069808060936502,,
41003,2019,10.781934827617391,,
41003,2020,10.752485369313089,,
41003,2021,10.439724431738588,,
41003,2022,9.967685108636084,,
41003,2023,,,
41003,2024,13.886085214706545,,
41007,2010,8.52914576312429,,
41007,2011,9.64737959593504,,
41007,2012,10.261082012488373,,
41007,2013,10.689842367986863,,
41007,2014,10.960719262071056,,
41007,2015,11.04985165683687,,
41007,2016,10.968643350347874,,
41007,2017,11.046908197858624,,
41007,2018,11.048289317137538,,
41007,2019,10.794357818365587,,
41007,2020,10.714923938170351,,
41007,2021,10.400083411058416,,
41007,2022,9.917496828215798,,
41007,2023,,,
41007,2024,13.899829230756712,,
41009,2010,10.008764896674673,,
41009,2011,10.688795255809769,,
41009,2012,10.60658645811516,,
41009,2013,10.354029023813807,,
41009,2014,11.245903319993575,,
41009,2015,11.428608533264883,,
41009,2016,11.298255293889115,,
41009,2017,11.316243823076858,,
41009,2018,11.901090163365936,,
41009,2019,12.210338636187483,,
41009,2020,12.402246222872531,,
41009,2021,13.12029218460512,,
41009,2022,13.514118048337302,,
41009,2023,,,
41009,2024,17.97088766934934,,
41011,2010,8.516380315240484,,
41011,2011,9.562098962187175,,
41011,2012,10.171373975716236,,
41011,2013,10.571655751375506,,
41011,2014,10.86168027072923,,
41011,2015,10.979254992975946,,
41011,2016,10.954405723450432,,
41011,2017,11.018391883100435,,
41011,2018,11.055540166867804,,
41011,2019,10.761826133502309,,
41011,2020,10.761961055035455,,
41011,2021,10.453400730539043,,
41011,2022,9.997783109366868,,
41011,2023,,,
41011,2024,13.815999757994783,,
41013,2010,8.527962141995593,,
41013,2011,9.631053018512455,,
41013,2012,10.251792823658285,,
41013,2013,10.659395774328972,,
41013,2014,10.938838555389983,,
41013,2015,11.019377623671227,,
41013,2016,10.931799682244293,,
41013,2017,11.011359574782999,,
41013,2018,10.996878114921735,,
41013,2019,10.668336893943684,,
41013,2020,10.674007918265263,,
41013,2021,10.351880992670473,,
41013,2022,9.865326471347062,,
41013,2023,,,
41013,2024,13.765977136869024,,
41033,2010,8.55157507464548,,
41033,2011,9.729982454640973,,
41033,2012,10.38091400788482,,
41033,2013,10.8146884132268,,
41033,2014,11.085967157598136,,
41033,2015,11.152553845851994,,
41033,2016,11.060061447603085,,
41033,2017,11.155491075135771,,
41033,2018,11.136253685956504,,
41033,2019,10.7934011078427,,
41033,2020,10.76665337347103,,
41033,2021,10.423456161524207,,
41033,2022,9.911462121490407,,
41033,2023,,,
41033,2024,14.019639996087252,,
41035,2010,8.519934926476406,,
41035,2011,9.660434614418666,,
41035,2012,10.293402511964134,,
41035,2013,10.720444341667104,,
41035,2014,10.999080222440005,,
41035,2015,11.072207115533415,,
41035,2016,10.988535053839966,,
41035,2017,11.078552215445713,,
41035,2018,11.068366785953936,,
41035,2019,10.73563084453152,,
41035,2020,10.71130338369474,,
41035,2021,10.374090594116547,,
41035,2022,9.884074744699092,,
41035,2023,,,
41035,2024,13.904785830309029,,
41041,2010,8.496980778859069,,
41041,2011,9.569032817420183,,
41041,2012,10.167601607303691,,
41041,2013,10.565236873853703,,
41041,2014,10.846631176494453,,
41041,2015,10.944775647287841,,
41041,2016,10.900844538996427,,
41041,2017,10.993348348635564,,
41041,2018,11.0152727890196,,
41041,2019,10.735516745284187,,
41041,2020,10.717429030052415,,
41041,2021,10.413156732180187,,
41041,2022,9.968896405356722,,
41041,2023,,,
41041,2024,13.804154904822965,,
41045,2010,7.676840086054708,,
41045,2011,8.12710977908961,,
41045,2012,8.717059226095627,,
41045,2013,9.621086513424338,,
41045,2014,9.915993174735094,,
41045,2015,9.913648540560278,,
41045,2016,9.955584368686198,,
41045,2017,9.875221150556301,,
41045,2018,10.034414768311986,,
41045,2019,9.406069280894288,,
41045,2020,9.185019244812686,,
41045,2021,9.426600859192614,,
41045,2022,10.235339084853116,,
41045,2023,,,
41045,2024,11.29059939074098,,
41049,2010,8.533583760781093,,
41049,2011,9.677405415717965,,
41049,2012,10.31411623159777,,
41049,2013,10.740035027046316,,
41049,2014,11.020886549755602,,
41049,2015,11.087618165204574,,
41049,2016,11.002869493602276,,
41049,2017,11.092736188941219,,
41049,2018,11.071693074832224,,
41049,2019,10.738336312949567,,
41049,2020,10.724622974790579,,
41049,2021,10.388050702687712,,
41049,2022,9.892767940579631,,
41049,2023,,,
41049,2024,13.92551560479221,,
41053,2010,9.44399256814984,,
41053,2011,10.307516829754432,,
41053,2012,10.523743924317396,,
41053,2013,10.536146814818862,,
41053,2014,11.183264694318579,,
41053,2015,11.315102833481525,,
41053,2016,11.208234889571527,,
41053,2017,11.254785999933697,,
41053,2018,11.597244776928584,,
41053,2019,11.63925273853303,,
41053,2020,11.771168946034274,,
41053,2021,12.070948138762054,,
41053,2022,12.118777267863043,,
41053,2023,,,
41053,2024,16.413117756547216,,
41057,2010,8.562109802497046,,
41057,2011,9.689394281132975,,
41057,2012,10.305568290272213,,
41057,2013,10.734900950534639,,
41057,2014,11.00743290429566,,
41057,2015,11.091088197823774,,
41057,2016,11.008516256521773,,
41057,2017,11.0859782597462,,
41057,2018,11.076607721657696,,
41057,2019,10.819281202410155,,
41057,2020,10.740155373936236,,
41057,2021,10.422758260919842,,
41057,2022,9.93609385296907,,
41057,2023,,,
41057,2024,13.941652764200073,,
41059,2010,8.500244123937138,,
41059,2011,9.62356661380046,,
41059,2012,10.25111457574875,,
41059,2013,10.669678288361522,,
41059,2014,10.950967107762684,,
41059,2015,11.025676286670397,,
41059,2016,10.950117360336643,,
41059,2017,11.040812665299137,,
41059,2018,11.023792102758016,,
41059,2019,10.69924101513,,
41059,2020,10.72473904508956,,
41059,2021,10.388182624941697,,
41059,2022,9.892951833720216,,
41059,2023,,,
41059,2024,13.925438461715489,,
41061,2010,7.815486112864357,,
41061,2011,7.973920141275198,,
41061,2012,8.46554044198375,,
41061,2013,8.524839149473653,,
41061,2014,8.96864899137171,,
41061,2015,9.055345894389603,,
41061,2016,9.35149054050528,,
41061,2017,9.066894898388707,,
41061,2018,9.368689010942543,,
41061,2019,9.461914572053365,,
41061,2020,9.725797683974973,,
41061,2021,9.872765814999266,,
41061,2022,9.739972681549938,,
41061,2023,,,
41061,2024,9.999566781398649,,
41065,2010,8.483657822590708,,
41065,2011,9.562573401584967,,
41065,2012,10.17336559383418,,
41065,2013,10.576177019136733,,
41065,2014,10.855679323319066,,
41065,2015,10.942125560772897,,
41065,2016,10.862429527031116,,
41065,2017,10.941624247903407,,
41065,2018,10.941624996932832,,
41065,2019,10.620166843017262,,
41065,2020,10.613009566997455,,
41065,2021,10.3008255589912,,
41065,2022,9.822439697339856,,
41065,2023,,,
41065,2024,13.66584441724961,,
41071,2010,9.964570544379422,,
41071,2011,10.636470423248854,,
41071,2012,10.57452701258508,,
41071,2013,10.331382405544991,,
41071,2014,11.220254369340967,,
41071,2015,11.40198326660886,,
41071,2016,11.270892624323157,,
41071,2017,11.28251752224468,,
41071,2018,11.859968607344324,,
41071,2019,12.16821025556694,,
41071,2020,12.360501215921413,,
41071,2021,13.06340552135707,,
41071,2022,13.450546661040278,,
41071,2023,,,
41071,2024,17.83090176335301,,
45007,2010,9.260059053530036,,
45007,2011,9.73735154687223,,
45007,2012,10.438247049663739,,
45007,2013,10.436483788477535,,
45007,2014,11.155674622231134,,
45007,2015,11.622997685124492,,
45007,2016,11.556994742060057,,
45007,2017,11.38604871484154,,
45007,2018,11.549580053707297,,
45007,2019,12.02981951178208,,
45007,2020,12.043945962371792,,
45007,2021,11.729229288869954,,
45007,2022,12.271438142028359,,
45007,2023,,,
45007,2024,14.524812501940236,,
45013,2010,11.385952572664905,,
45013,2011,12.370099853147687,,
45013,2012,13.403962444941262,,
45013,2013,13.960451079641834,,
45013,2014,14.239737993743994,,
45013,2015,14.175184433823636,,
45013,2016,14.295407177054543,,
45013,2017,14.848647031688689,,
45013,2018,12.893255948011298,,
45013,2019,14.073069815615062,,
45013,2020,13.297968446284603,,
45013,2021,14.369747175143425,,
45013,2022,15.83184853412205,,
45013,2023,,,
45013,2024,14.427787509761538,,
45015,2010,11.17636863090025,,
45015,2011,11.937245668401578,,
45015,2012,12.867407854273075,,
45015,2013,13.371418829377982,,
45015,2014,13.705515975343651,,
45015,2015,13.666033026990137,,
45015,2016,13.909819769259522,,
45015,2017,14.378781859788976,,
45015,2018,12.842115308354755,,
45015,2019,13.732110374326577,,
45015,2020,13.123922776482146,,
45015,2021,13.949738409322734,,
45015,2022,15.036466585640133,,
45015,2023,,,
45015,2024,14.067976833942657,,
47009,2010,8.939925303749604,,
47009,2011,9.687689308162609,,
47009,2012,9.911082404145308,,
47009,2013,9.916329227331653,,
47009,2014,9.997707847436024,,
47009,2015,10.047350168612631,,
47009,2016,10.189462511501041,,
47009,2017,10.567293220823027,,
47009,2018,10.479037351897201,,
47009,2019,10.638685845028853,,
47009,2020,10.529005118609602,,
47009,2021,10.779301692345262,,
47009,2022,12.058181982295784,,
47009,2023,,,
47009,2024,12.24577240921252,,
47125,2010,9.6053843478455,,
47125,2011,10.345598917419045,,
47125,2012,10.59828957715147,,
47125,2013,10.424276683807614,,
47125,2014,10.725953496819656,,
47125,2015,10.738006369116551,,
47125,2016,10.894695171492552,,
47125,2017,11.203568044145687,,
47125,2018,11.056846529765652,,
47125,2019,11.228479099657637,,
47125,2020,11.111747924936221,,
47125,2021,11.385442724135114,,
47125,2022,12.467443257475919,,
47125,2023,,,
47125,2024,12.713320596581402,,
47163,2010,8.60747879997788,,
47163,2011,9.348545397880569,,
47163,2012,9.545603205439035,,
47163,2013,9.442541666825852,,
47163,2014,9.666891791034105,,
47163,2015,9.597503552367245,,
47163,2016,9.866125118772663,,
47163,2017,10.39287688188472,,
47163,2018,10.342207897598643,,
47163,2019,10.46255358128125,,
47163,2020,10.46642546688939,,
47163,2021,10.729449468022441,,
47163,2022,11.782925975567801,,
47163,2023,,,
47163,2024,12.156998807695592,,
47165,2010,9.581844662988255,,
47165,2011,10.304164708194564,,
47165,2012,10.392227227251917,,
47165,2013,10.333302834655719,,
47165,2014,10.94703648971366,,
47165,2015,10.92953138316843,,
47165,2016,11.053763909635506,,
47165,2017,11.396214890061277,,
47165,2018,11.623796787936493,,
47165,2019,11.728472062471509,,
47165,2020,11.573318520921516,,
47165,2021,11.809252859137798,,
47165,2022,12.971092495631261,,
47165,2023,,,
47165,2024,13.266938294308645,,
47187,2010,9.426347365115754,,
47187,2011,10.153131945387232,,
47187,2012,10.23011701952923,,
47187,2013,10.122588782588739,,
47187,2014,10.645331359173323,,
47187,2015,10.592352715131218,,
47187,2016,10.693620716335719,,
47187,2017,10.996172599808151,,
47187,2018,11.154522079389709,,
47187,2019,11.234976399270892,,
47187,2020,11.039326073017916,,
47187,2021,11.255622184598941,,
47187,2022,12.394163732148654,,
47187,2023,,,
47187,2024,12.697624713514157,,
47189,2010,9.447033925172855,,
47189,2011,10.139695643233264,,
47189,2012,10.192606783069015,,
47189,2013,10.09963784450391,,
47189,2014,10.667757285168646,,
47189,2015,10.613292547287521,,
47189,2016,10.707685333065418,,
47189,2017,11.002020044199824,,
47189,2018,11.190022700097327,,
47189,2019,11.262045207621911,,
47189,2020,11.05642236358731,,
47189,2021,11.268752934387866,,
47189,2022,12.412463896097965,,
47189,2023,,,
47189,2024,12.747076288743552,,
48029,2010,9.748733425569785,,
48029,2011,9.801737094185563,,
48029,2012,9.91162844832626,,
48029,2013,10.337594909852253,,
48029,2014,10.642955381235932,,
48029,2015,10.632742578081064,,
48029,2016,10.581200931338083,,
48029,2017,10.84552840276224,,
48029,2018,10.802096616331418,,
48029,2019,10.57245245190017,,
48029,2020,10.57751546987602,,
48029,2021,10.916951140779759,,
48029,2022,11.932247834492784,,
48029,2023,,,
48029,2024,12.350288617003036,,
48135,2010,8.551256245338216,,
48135,2011,9.273064458854975,,
48135,2012,9.373296175026551,,
48135,2013,9.904889327818456,,
48135,2014,10.54955551142718,,
48135,2015,10.329873075920293,,
48135,2016,10.030431962825968,,
48135,2017,11.108980354258392,,
48135,2018,10.431254720375653,,
48135,2019,10.23079211343687,,
48135,2020,10.025935421775529,,
48135,2021,11.910667359674918,,
48135,2022,13.441620153725825,,
48135,2023,,,
48135,2024,13.352364853480413,,
48139,2010,10.4805484760607,,
48139,2011,10.07243484953126,,
48139,2012,9.268547055143404,,
48139,2013,9.318444519774971,,
48139,2014,10.322759601935104,,
48139,2015,9.240150542955176,,
48139,2016,9.245874475558507,,
48139,2017,9.84045625795351,,
48139,2018,9.620669373561052,,
48139,2019,9.57303515410598,,
48139,2020,9.417448482453418,,
48139,2021,10.505943736839072,,
48139,2022,14.113927493835556,,
48139,2023,,,
48139,2024,13.555861029690625,,
48141,2010,11.509993359864973,,
48141,2011,12.005481027843063,,
48141,2012,11.26409770977303,,
48141,2013,11.483573736914611,,
48141,2014,11.836662754127424,,
48141,2015,11.411680162346233,,
48141,2016,12.505535788595393,,
48141,2017,13.014536402063348,,
48141,2018,12.300710639292571,,
48141,2019,12.114482691505422,,
48141,2020,12.178823462497776,,
48141,2021,13.112317680768875,,
48141,2022,15.405139346589472,,
48141,2023,,,
48141,2024,13.608653578559052,,
48157,2010,,,
48157,2011,,,
48157,2012,,,
48157,2013,,,
48157,2014,,,
48157,2015,,,
48157,2016,,,
48157,2017,,,
48157,2018,,,
48157,2019,,,
48157,2020,,,
48157,2021,,,
48157,2022,,,
48157,2023,,,
48157,2024,,,
48187,2010,9.774041717210592,,
48187,2011,9.828925019817289,,
48187,2012,9.932341349552654,,
48187,2013,10.315161392686223,,
48187,2014,10.639200096103831,,
48187,2015,10.625186632113301,,
48187,2016,10.566229551096344,,
48187,2017,10.807449010787462,,
48187,2018,10.76918238718602,,
48187,2019,10.507232743905824,,
48187,2020,10.546052703616848,,
48187,2021,10.935060549839028,,
48187,2022,11.95175057564501,,
48187,2023,,,
48187,2024,12.32188387505939,,
48215,2010,10.318131003719325,,
48215,2011,9.905926757911255,,
48215,2012,9.245210325319766,,
48215,2013,9.792167346497616,,
48215,2014,10.424298398812509,,
48215,2015,9.187091845453297,,
48215,2016,9.013116922182933,,
48215,2017,9.170082873556536,,
48215,2018,9.442734019979264,,
48215,2019,9.382656232529452,,
48215,2020,9.461101378451893,,
48215,2021,10.024637335873166,,
48215,2022,11.376388909321323,,
48215,2023,,,
48215,2024,10.201386399556808,,
48251,2010,10.361496555966585,,
48251,2011,9.893809256428126,,
48251,2012,9.147450940896997,,
48251,2013,9.143144500737952,,
48251,2014,10.162059247610499,,
48251,2015,9.083390158347617,,
48251,2016,9.147972945867151,,
48251,2017,9.647730644619234,,
48251,2018,9.48752555549305,,
48251,2019,9.42609637258282,,
48251,2020,9.31178521333289,,
48251,2021,10.175271186787725,,
48251,2022,14.005861914351572,,
48251,2023,,,
48251,2024,13.444161968540413,,
48329,2010,8.548390209775198,,
48329,2011,9.269343286025737,,
48329,2012,9.373296175026551,,
48329,2013,9.904889327818456,,
48329,2014,10.54955551142718,,
48329,2015,10.329873075920293,,
48329,2016,10.030431962825968,,
48329,2017,11.108980354258392,,
48329,2018,10.431254720375653,,
48329,2019,10.229295167399403,,
48329,2020,10.025935421775529,,
48329,2021,11.910667359674918,,
48329,2022,13.441620153725825,,
48329,2023,,,
48329,2024,13.352364853480413,,
48339,2010,8.997820829246738,,
48339,2011,10.04561748948285,,
48339,2012,9.440394519930422,,
48339,2013,9.96612140097433,,
48339,2014,10.806220214228954,,
48339,2015,10.372079493589151,,
48339,2016,10.16724303918529,,
48339,2017,10.896962371792048,,
48339,2018,10.692713174436028,,
48339,2019,10.494521180249988,,
48339,2020,10.362617631524126,,
48339,2021,12.013533717906224,,
48339,2022,13.806243157526668,,
48339,2023,,,
48339,2024,13.568467931841246,,
48439,2010,10.732617083672276,,
48439,2011,9.983693663539663,,
48439,2012,9.240407626255884,,
48439,2013,9.374774564757702,,
48439,2014,10.449989891429407,,
48439,2015,9.734237581578743,,
48439,2016,9.120773723595885,,
48439,2017,9.429200238611424,,
48439,2018,9.510542217045513,,
48439,2019,9.810364854930333,,
48439,2020,9.488961248086984,,
48439,2021,10.289688484523595,,
48439,2022,13.845430531146395,,
48439,2023,,,
48439,2024,13.376277397874222,,
49003,2010,8.808986928470263,,
49003,2011,9.070127604373136,,
49003,2012,10.29820050123015,,
49003,2013,10.855519832461807,,
49003,2014,11.200977579849338,,
49003,2015,11.473295322278176,,
49003,2016,11.580944450121546,,
49003,2017,11.457370290451626,,
49003,2018,10.7223443508435,,
49003,2019,10.663113034228061,,
49003,2020,10.710567480938325,,
49003,2021,10.654012978358036,,
49003,2022,11.129168817965384,,
49003,2023,,,
49003,2024,12.519642581459681,,
49005,2010,8.82455248160907,,
49005,2011,9.091016926858943,,
49005,2012,10.307556021170724,,
49005,2013,10.855394727187017,,
49005,2014,11.195806208748374,,
49005,2015,11.45770100158103,,
49005,2016,11.560090784610598,,
49005,2017,11.433301697210235,,
49005,2018,10.714568706631422,,
49005,2019,10.65461313562102,,
49005,2020,10.705778781805801,,
49005,2021,10.668518545013358,,
49005,2022,11.131386661524388,,
49005,2023,,,
49005,2024,12.526667789842746,,
49011,2010,8.81778867500607,,
49011,2011,9.07913018532007,,
49011,2012,10.280551187441311,,
49011,2013,10.832886390389193,,
49011,2014,11.174621388914524,,
49011,2015,11.430852828636535,,
49011,2016,11.534431179358098,,
49011,2017,11.4143948794478,,
49011,2018,10.708668044655841,,
49011,2019,10.650397071593341,,
49011,2020,10.708861803758438,,
49011,2021,10.654574606767124,,
49011,2022,11.124494682531216,,
49011,2023,,,
49011,2024,12.52793827372267,,
49021,2010,8.756136578677832,,
49021,2011,9.00560931605497,,
49021,2012,10.223311998811074,,
49021,2013,10.776382573500424,,
49021,2014,11.116545331632526,,
49021,2015,11.380882079267828,,
49021,2016,11.493624491381416,,
49021,2017,11.373243073441373,,
49021,2018,10.661615270159377,,
49021,2019,10.59954844154476,,
49021,2020,10.637673480486965,,
49021,2021,10.57959462955637,,
49021,2022,11.035529553245434,,
49021,2023,,,
49021,2024,12.409754666890349,,
49045,2010,8.802821536454829,,
49045,2011,9.062626925811816,,
49045,2012,10.304779467150619,,
49045,2013,10.867869094906437,,
49045,2014,11.216955918985928,,
49045,2015,11.485557037122577,,
49045,2016,11.590066648052032,,
49045,2017,11.459746369067995,,
49045,2018,10.724216015265677,,
49045,2019,10.663351913234175,,
49045,2020,10.710353464633927,,
49045,2021,10.653878104247461,,
49045,2022,11.129024366387975,,
49045,2023,,,
49045,2024,12.51893299434741,,
49049,2010,8.81582549806242,,
49049,2011,9.088226613239351,,
49049,2012,10.260369451983639,,
49049,2013,10.782232971193086,,
49049,2014,11.099898690023368,,
49049,2015,11.35263102235025,,
49049,2016,11.451523519059306,,
49049,2017,11.340211679807844,,
49049,2018,10.673911754982631,,
49049,2019,10.630852833534552,,
49049,2020,10.673079716133175,,
49049,2021,10.610956703356846,,
49049,2022,11.05752504686916,,
49049,2023,,,
49049,2024,12.419397554364968,,
49053,2010,8.73314906772555,,
49053,2011,8.98118366249366,,
49053,2012,10.149003784847784,,
49053,2013,10.685803899447887,,
49053,2014,11.029664009246602,,
49053,2015,11.284502616378289,,
49053,2016,11.405358962424097,,
49053,2017,11.289974131501536,,
49053,2018,10.598943564868433,,
49053,2019,10.547923266865086,,
49053,2020,10.603785546976885,,
49053,2021,10.558428373561945,,
49053,2022,11.00918786740489,,
49053,2023,,,
49053,2024,12.381397414775387,,
49057,2010,8.802685661908136,,
49057,2011,9.062823370842473,,
49057,2012,10.306282794721408,,
49057,2013,10.86975927787663,,
49057,2014,11.218626890365215,,
49057,2015,11.487305083892732,,
49057,2016,11.591683249117247,,
49057,2017,11.461302996355144,,
49057,2018,10.72475377618375,,
49057,2019,10.66390366875336,,
49057,2020,10.710939120876976,,
49057,2021,10.654368846341908,,
49057,2022,11.129837723197085,,
49057,2023,,,
49057,2024,12.520635937836488,,
51013,2010,10.220767619434053,,
51013,2011,10.642320779623974,,
51013,2012,11.044668644654392,,
51013,2013,10.720880331415161,,
51013,2014,10.845198937440564,,
51013,2015,11.055026234667995,,
51013,2016,11.185673295112666,,
51013,2017,11.524501496229675,,
51013,2018,11.66164086138545,,
51013,2019,12.056458043354928,,
51013,2020,12.179610359243737,,
51013,2021,12.13029958147936,,
51013,2022,13.40972176536102,,
51013,2023,,,
51013,2024,14.09433152924228,,
51015,2010,10.216254791684735,,
51015,2011,10.638245452544183,,
51015,2012,11.059000161083098,,
51015,2013,10.754216700515995,,
51015,2014,10.883488137502205,,
51015,2015,11.100698435959636,,
51015,2016,11.220234424692487,,
51015,2017,11.545483702400126,,
51015,2018,11.69953436437784,,
51015,2019,12.106785075557198,,
51015,2020,12.204783919511337,,
51015,2021,12.151519169939082,,
51015,2022,13.417727711214381,,
51015,2023,,,
51015,2024,14.113170545460433,,
51019,2010,,,
51019,2011,,,
51019,2012,,,
51019,2013,,,
51019,2014,,,
51019,2015,,,
51019,2016,,,
51019,2017,,,
51019,2018,,,
51019,2019,,,
51019,2020,,,
51019,2021,,,
51019,2022,,,
51019,2023,,,
51019,2024,,,
51033,2010,10.279275729618599,,
51033,2011,10.698735024291643,,
51033,2012,11.078563954272488,,
51033,2013,10.746684803862737,,
51033,2014,10.883366139617726,,
51033,2015,11.136121027576754,,
51033,2016,11.229389453977756,,
51033,2017,11.491582934592548,,
51033,2018,11.713609260073799,,
51033,2019,12.129617939764282,,
51033,2020,12.197910826297328,,
51033,2021,12.105754590834383,,
51033,2022,13.405271630284828,,
51033,2023,,,
51033,2024,14.14699462761918,,
51035,2010,10.36436838569141,,
51035,2011,9.356993665749382,,
51035,2012,10.714058865721642,,
51035,2013,10.958068789328275,,
51035,2014,11.297868876207362,,
51035,2015,11.232867607133507,,
51035,2016,11.353329131743251,,
51035,2017,11.440578146643995,,
51035,2018,11.58046464210832,,
51035,2019,11.87440146429953,,
51035,2020,11.951627745559977,,
51035,2021,11.966648477436427,,
51035,2022,13.3464479880855,,
51035,2023,,,
51035,2024,14.571606048056067,,
51041,2010,10.282210032054651,,
51041,2011,10.691799061995594,,
51041,2012,11.0931723907492,,
51041,2013,10.759466460712119,,
51041,2014,10.912454565193537,,
51041,2015,11.129695357893219,,
51041,2016,11.2417094507521,,
51041,2017,11.55578940355895,,
51041,2018,11.692904121985697,,
51041,2019,12.099282954018317,,
51041,2020,12.234671176288956,,
51041,2021,12.151613242956484,,
51041,2022,13.444412732541378,,
51041,2023,,,
51041,2024,14.12655770112416,,
51059,2010,,,
51059,2011,,,
51059,2012,,,
51059,2013,,,
51059,2014,,,
51059,2015,,,
51059,2016,,,
51059,2017,,,
51059,2018,,,
51059,2019,,,
51059,2020,,,
51059,2021,,,
51059,2022,,,
51059,2023,,,
51059,2024,,,
51087,2010,10.220767619434053,,
51087,2011,10.642320779623974,,
51087,2012,11.044668644654392,,
51087,2013,10.720880331415161,,
51087,2014,10.845198937440564,,
51087,2015,11.055026234667995,,
51087,2016,11.185673295112666,,
51087,2017,11.524501496229675,,
51087,2018,11.66164086138545,,
51087,2019,12.056458043354928,,
51087,2020,12.179610359243737,,
51087,2021,12.13029958147936,,
51087,2022,13.40972176536102,,
51087,2023,,,
51087,2024,14.09433152924228,,
51095,2010,,,
51095,2011,,,
51095,2012,,,
51095,2013,,,
51095,2014,,,
51095,2015,,,
51095,2016,,,
51095,2017,,,
51095,2018,,,
51095,2019,,,
51095,2020,,,
51095,2021,,,
51095,2022,,,
51095,2023,,,
51095,2024,,,
51107,2010,10.396778436772943,,
51107,2011,10.787651085934693,,
51107,2012,11.081613158335445,,
51107,2013,10.761632737579985,,
51107,2014,10.911945152764593,,
51107,2015,11.158442734248766,,
51107,2016,11.20234212289527,,
51107,2017,11.549467533073601,,
51107,2018,11.6829487955784,,
51107,2019,12.087904553223487,,
51107,2020,12.136061767285193,,
51107,2021,12.125539148901693,,
51107,2022,13.401222941730317,,
51107,2023,,,
51107,2024,13.92881653412297,,
51117,2010,10.316525377894727,,
51117,2011,10.723900927979933,,
51117,2012,11.121508136732556,,
51117,2013,10.786805283985798,,
51117,2014,10.939802416710576,,
51117,2015,11.157159908730716,,
51117,2016,11.25930633755677,,
51117,2017,11.571047822630142,,
51117,2018,11.7170034468442,,
51117,2019,12.120719793656779,,
51117,2020,12.2486114343247,,
51117,2021,12.158764258234665,,
51117,2022,13.457168788489794,,
51117,2023,,,
51117,2024,14.131145449944048,,
51153,2010,13.096104482108833,,
51153,2011,12.995017804560048,,
51153,2012,11.081613158335445,,
51153,2013,10.761632737579985,,
51153,2014,10.911945152764593,,
51153,2015,11.158442734248766,,
51153,2016,11.20234212289527,,
51153,2017,11.549467533073601,,
51153,2018,11.6829487955784,,
51153,2019,12.087904553223487,,
51153,2020,12.136061767285193,,
51153,2021,12.125539148901693,,
51153,2022,13.401222941730317,,
51153,2023,,,
51153,2024,13.92881653412297,,
51173,2010,10.36436838569141,,
51173,2011,9.356993665749382,,
51173,2012,10.714058865721642,,
51173,2013,10.958068789328275,,
51173,2014,11.297868876207362,,
51173,2015,11.232867607133507,,
51173,2016,11.353329131743251,,
51173,2017,11.440578146643995,,
51173,2018,11.18195564905387,,
51173,2019,10.972725394088512,,
51173,2020,10.814283664139614,,
51173,2021,11.145614291553938,,
51173,2022,13.02587405093559,,
51173,2023,,,
51173,2024,17.016584103926505,,
51510,2010,,,
51510,2011,,,
51510,2012,11.044668644654392,,
51510,2013,10.720880331415161,,
51510,2014,10.845198937440564,,
51510,2015,11.055026234667995,,
51510,2016,11.185673295112666,,
51510,2017,11.524501496229675,,
51510,2018,11.66164086138545,,
51510,2019,12.056458043354928,,
51510,2020,12.179610359243737,,
51510,2021,12.13029958147936,,
51510,2022,13.40972176536102,,
51510,2023,,,
51510,2024,14.09433152924228,,
51550,2010,,,
51550,2011,,,
51550,2012,11.044668644654392,,
51550,2013,10.720880331415161,,
51550,2014,10.845198937440564,,
51550,2015,11.055026234667995,,
51550,2016,11.185673295112666,,
51550,2017,11.524501496229675,,
51550,2018,11.66164086138545,,
51550,2019,12.056458043354928,,
51550,2020,12.179610359243737,,
51550,2021,12.13029958147936,,
51550,2022,13.40972176536102,,
51550,2023,,,
51550,2024,14.09433152924228,,
51680,2010,,,
51680,2011,,,
51680,2012,,,
51680,2013,,,
51680,2014,,,
51680,2015,11.232867607133507,,
51680,2016,11.353329131743251,,
51680,2017,11.440578146643995,,
51680,2018,11.18195564905387,,
51680,2019,10.972725394088512,,
51680,2020,10.814283664139614,,
51680,2021,11.145614291553938,,
51680,2022,13.02587405093559,,
51680,2023,,,
51680,2024,17.016584103926505,,
51700,2010,10.220767619434053,,
51700,2011,10.642320779623974,,
51700,2012,11.044668644654392,,
51700,2013,10.720880331415161,,
51700,2014,10.845198937440564,,
51700,2015,11.055026234667995,,
51700,2016,11.185673295112666,,
51700,2017,11.524501496229675,,
51700,2018,11.66164086138545,,
51700,2019,12.056458043354928,,
51700,2020,12.179610359243737,,
51700,2021,12.13029958147936,,
51700,2022,13.40972176536102,,
51700,2023,,,
51700,2024,14.09433152924228,,
51710,2010,10.220767619434053,,
51710,2011,10.642320779623974,,
51710,2012,11.044668644654392,,
51710,2013,10.720880331415161,,
51710,2014,10.845198937440564,,
51710,2015,11.055026234667995,,
51710,2016,11.185673295112666,,
51710,2017,11.524501496229675,,
51710,2018,11.66164086138545,,
51710,2019,12.056458043354928,,
51710,2020,12.179610359243737,,
51710,2021,12.13029958147936,,
51710,2022,13.40972176536102,,
51710,2023,,,
51710,2024,14.09433152924228,,
51730,2010,,,
51730,2011,,,
51730,2012,11.044668644654392,,
51730,2013,10.720880331415161,,
51730,2014,10.845198937440564,,
51730,2015,11.055026234667995,,
51730,2016,11.185673295112666,,
51730,2017,11.524501496229675,,
51730,2018,11.66164086138545,,
51730,2019,12.056458043354928,,
51730,2020,12.179610359243737,,
51730,2021,12.13029958147936,,
51730,2022,13.40972176536102,,
51730,2023,,,
51730,2024,14.09433152924228,,
51760,2010,10.241096733592041,,
51760,2011,10.661661940071044,,
51760,2012,11.059851188451322,,
51760,2013,10.728778638680266,,
51760,2014,10.853698444022267,,
51760,2015,11.066442654426922,,
51760,2016,11.194861465164715,,
51760,2017,11.529785856034756,,
51760,2018,11.67009889756758,,
51760,2019,12.064830891442936,,
51760,2020,12.187572169414784,,
51760,2021,12.135914655461114,,
51760,2022,13.413037297790764,,
51760,2023,,,
51760,2024,14.101965305452081,,
51810,2010,,,
51810,2011,,,
51810,2012,11.044668644654392,,
51810,2013,10.720880331415161,,
51810,2014,10.845198937440564,,
51810,2015,11.055026234667995,,
51810,2016,11.185673295112666,,
51810,2017,11.524501496229675,,
51810,2018,11.66164086138545,,
51810,2019,12.056458043354928,,
51810,2020,12.179610359243737,,
51810,2021,12.13029958147936,,
51810,2022,13.40972176536102,,
51810,2023,,,
51810,2024,14.09433152924228,,
53015,2010,6.601084022330117,,
53015,2011,6.929202965560501,,
53015,2012,7.714533765445965,,
53015,2013,7.785941241425212,,
53015,2014,7.969730364952474,,
53015,2015,8.456622334208625,,
53015,2016,8.572584352826567,,
53015,2017,8.722953923752396,,
53015,2018,8.707933965528978,,
53015,2019,8.726732327266868,,
53015,2020,8.451783081722878,,
53015,2021,8.916202357762772,,
53015,2022,9.193819423424069,,
53015,2023,,,
53015,2024,10.262366159344493,,
53021,2010,6.698262184491755,,
53021,2011,7.233419192813912,,
53021,2012,7.599711761649016,,
53021,2013,7.720523852278374,,
53021,2014,7.96976449210443,,
53021,2015,8.253865198845032,,
53021,2016,8.322323289187866,,
53021,2017,8.369067779820034,,
53021,2018,8.7085054881442,,
53021,2019,8.829160782754803,,
53021,2020,8.879108422177948,,
53021,2021,7.988019756480845,,
53021,2022,8.835851529728249,,
53021,2023,,,
53021,2024,9.24499390413739,,
53025,2010,7.469669489805394,,
53025,2011,7.943000820679665,,
53025,2012,8.10675474804268,,
53025,2013,8.29861687046086,,
53025,2014,8.56098425373271,,
53025,2015,8.711033875241725,,
53025,2016,9.102720513760076,,
53025,2017,9.276657087348028,,
53025,2018,9.470719680901574,,
53025,2019,9.208118779490787,,
53025,2020,9.256150870878027,,
53025,2021,9.350522997437876,,
53025,2022,9.368809778644781,,
53025,2023,,,
53025,2024,10.96656961205834,,
56005,2010,8.06600158370827,,
56005,2011,8.242076711873738,,
56005,2012,8.709849873681796,,
56005,2013,8.778520279749765,,
56005,2014,9.153587586885092,,
56005,2015,9.76565861036718,,
56005,2016,10.370146966713984,,
56005,2017,11.259087814029415,,
56005,2018,11.299085756518478,,
56005,2019,11.156274808381202,,
56005,2020,11.468933065101442,,
56005,2021,11.302997404549862,,
56005,2022,11.65579231493477,,
56005,2023,,,
56005,2024,12.214189974427851,,
56013,2010,8.6251044742546,,
56013,2011,9.272130702337222,,
56013,2012,10.263360469307633,,
56013,2013,10.69152580920478,,
56013,2014,11.004444841999495,,
56013,2015,11.34997225417245,,
56013,2016,11.55166610003376,,
56013,2017,11.542932971864742,,
56013,2018,11.320552943276951,,
56013,2019,11.129783927068946,,
56013,2020,11.075545916700117,,
56013,2021,11.051362485975313,,
56013,2022,11.109802624963613,,
56013,2023,,,
56013,2024,13.469715617459965,,
56021,2010,11.38407478685975,,
56021,2011,11.34184775502313,,
56021,2012,11.775963708301573,,
56021,2013,12.761633157870286,,
56021,2014,13.63375201421096,,
56021,2015,15.118798761454654,,
56021,2016,15.133991202828433,,
56021,2017,15.40205087146029,,
56021,2018,14.996956986766453,,
56021,2019,15.500291755749325,,
56021,2020,14.945840587233295,,
56021,2021,15.147697987162385,,
56021,2022,14.441732862836055,,
56021,2023,,,
56021,2024,16.64639826591762,,
56025,2010,8.625315687489993,,
56025,2011,9.27233886331861,,
56025,2012,10.263360469307633,,
56025,2013,10.69152580920478,,
56025,2014,11.004444841999495,,
56025,2015,11.34997225417245,,
56025,2016,11.55166610003376,,
56025,2017,11.542932971864742,,
56025,2018,11.320552943276951,,
56025,2019,11.130083493393332,,
56025,2020,11.075545916700117,,
56025,2021,11.051362485975313,,
56025,2022,11.109802624963613,,
56025,2023,,,
56025,2024,13.469715617459965,,
56037,2010,8.394170156682842,,
56037,2011,9.084448483440466,,
56037,2012,10.125447236040948,,
56037,2013,10.543840113785384,,
56037,2014,10.83926868174905,,
56037,2015,11.230801254913207,,
56037,2016,11.422812433291934,,
56037,2017,11.331321644091075,,
56037,2018,11.049009406577472,,
56037,2019,10.83672255881818,,
56037,2020,10.789236519794935,,
56037,2021,10.734895922678648,,
56037,2022,10.838459283911165,,
56037,2023,,,
56037,2024,13.443739077066397,,
