fips,state,per_capita_income,total_employment,avg_annual_wage,elec_rate_cents_kwh,poverty_rate,unemployment_rate,pop_density,median_age,pct_bachelors
48453,TX,49430.666666666664,584617.0,53039.333333333336,10.572782310255825,17.4,6.3,1013.2987543588387,31.8,43.9
48147,TX,30052.333333333332,6646.333333333333,33653.0,11.035477312081515,16.1,7.8999999999999995,37.97373625119504,40.26666666666667,14.866666666666667
48475,TX,38296.333333333336,3903.0,49466.333333333336,,22.7,6.666666666666667,12.683854254552301,36.4,10.933333333333332
48341,TX,32277.666666666668,10321.0,36627.0,9.210857234143226,15.0,4.8999999999999995,23.80280197725607,30.766666666666666,13.566666666666668
48049,TX,30865.333333333332,15040.666666666666,31609.333333333332,11.014466720678813,17.1,7.766666666666667,40.359559476465364,39.26666666666667,15.4
48247,TX,27764.333333333332,2049.3333333333335,35379.0,11.38567195898265,12.0,8.566666666666668,4.60581267113371,34.53333333333333,10.366666666666667
48335,TX,26969.333333333332,2367.6666666666665,37108.0,11.729459163383975,14.2,7.333333333333333,10.273774636241571,35.43333333333333,8.333333333333334
48353,TX,33592.666666666664,6068.666666666667,34305.333333333336,11.729459163383975,19.3,6.8999999999999995,16.517598193853708,38.46666666666667,15.266666666666666
48179,TX,41900.333333333336,8610.0,44058.0,8.670977081706704,14.9,7.133333333333333,24.426891755780037,38.43333333333334,13.0
48483,TX,48410.333333333336,2283.6666666666665,36137.333333333336,8.693308743265455,13.0,5.166666666666667,5.818999059264857,40.666666666666664,16.566666666666666
48111,TX,50100.0,3776.0,38076.0,9.212320764069498,12.6,4.533333333333334,4.393049534793573,32.43333333333333,9.233333333333333
48413,TX,35296.666666666664,893.6666666666666,38743.333333333336,11.62925688483675,22.6,5.866666666666667,2.5364159956214842,34.6,17.466666666666665
48007,TX,41821.0,5614.333333333333,31340.0,12.768683405228035,18.0,8.366666666666667,92.40988247926823,47.53333333333333,23.333333333333332
48309,TX,33018.0,100644.0,38848.0,9.818301916788274,21.8,7.233333333333333,223.99255297085338,32.699999999999996,21.333333333333332
48387,TX,32094.0,2611.6666666666665,28729.0,8.568627612891499,16.8,11.566666666666668,12.345099511828765,44.4,10.200000000000001
48201,TX,49482.333333333336,2045423.3333333333,62009.0,9.183397187490339,17.9,7.666666666666667,2358.60471183536,32.1,27.900000000000002
48427,TX,22522.0,14267.666666666666,26651.0,9.395221242556843,39.9,16.166666666666668,49.432939359924696,28.833333333333332,9.299999999999999
48393,TX,40954.666666666664,241.33333333333334,30422.333333333332,9.323583586534998,7.6,5.1000000000000005,0.9934441344590924,43.9,35.9
48225,TX,30207.666666666668,6540.0,39071.666666666664,9.149881164965729,19.5,7.566666666666666,19.166515705511205,43.6,13.833333333333334
48063,TX,33474.333333333336,4224.666666666667,31323.666666666668,8.565485509092092,21.6,8.833333333333334,63.0253888664791,38.1,15.766666666666666
48477,TX,45599.0,14648.0,34464.666666666664,9.360170469778822,15.0,6.533333333333334,55.080542563039906,40.86666666666667,25.2
48425,TX,39116.666666666664,3870.3333333333335,56216.333333333336,8.895049369238828,10.3,7.566666666666666,44.647855332650124,39.36666666666667,29.53333333333333
48061,TX,24297.333333333332,126797.66666666667,29851.0,8.771573462267328,34.9,11.066666666666668,448.47054161853816,30.400000000000002,14.666666666666666
48213,TX,32944.0,15891.666666666666,31030.666666666668,10.355516565221828,18.0,8.4,89.74445541846298,42.53333333333333,14.299999999999999
48031,TX,43206.666666666664,2655.6666666666665,36582.333333333336,11.545013464937004,9.3,5.666666666666667,14.464534467297943,45.56666666666666,26.633333333333336
48113,TX,45839.333333333336,1438026.0,57924.666666666664,10.66529002641325,18.8,8.033333333333333,2691.2890176831165,32.4,28.066666666666666
48237,TX,37226.333333333336,2808.6666666666665,44018.333333333336,9.276458018162726,18.9,6.933333333333334,9.931882282514357,39.13333333333333,11.6
48373,TX,35669.0,10772.0,33342.333333333336,9.320128855249962,19.9,9.166666666666666,43.15836443418524,43.300000000000004,11.233333333333334
48297,TX,33560.0,3568.0,39508.666666666664,11.037129699766114,15.9,6.066666666666666,11.065745242595185,42.36666666666667,13.566666666666668
48149,TX,42719.0,8619.333333333334,36243.666666666664,10.824780815087095,14.5,5.633333333333333,25.661081015453004,46.26666666666667,17.6
48443,TX,39448.0,362.6666666666667,41395.666666666664,16.321334186105446,16.2,5.933333333333334,0.39539861750435473,46.06666666666666,18.566666666666666
48285,TX,42838.0,5943.666666666667,31995.0,11.07084543329582,9.3,5.933333333333334,19.8475350165187,44.833333333333336,14.6
48087,TX,32451.333333333332,840.3333333333334,31867.666666666668,8.0749235180786,24.6,5.5,3.3008834172980808,36.46666666666667,18.933333333333334
48395,TX,35844.0,3720.6666666666665,38151.666666666664,9.06894088446626,20.6,8.933333333333334,19.402330571650754,40.5,16.0
48263,TX,34866.666666666664,294.6666666666667,28990.0,9.236150519068467,6.3,4.5,0.9085802104582014,45.76666666666667,19.766666666666666
48231,TX,31699.333333333332,27651.666666666668,42023.666666666664,10.586773510480217,19.4,8.766666666666666,101.60880643236999,37.36666666666667,17.2
48123,TX,39182.666666666664,6942.0,34197.0,10.459232790757767,15.0,6.433333333333334,22.088225285009358,42.76666666666667,12.200000000000001
48001,TX,28611.333333333332,18112.666666666668,41088.666666666664,10.8655055832961,19.1,7.3,54.73185540980429,38.666666666666664,10.966666666666667
48377,TX,29504.666666666668,2381.6666666666665,35827.333333333336,16.321334186105446,23.9,15.766666666666666,1.9979671021937522,38.733333333333334,19.633333333333336
48159,TX,32941.666666666664,2918.6666666666665,32923.666666666664,9.117182044832793,14.1,8.166666666666666,37.3910097951998,41.666666666666664,23.266666666666666
48467,TX,31429.333333333332,9685.0,30420.666666666668,9.133203628808005,17.1,7.833333333333333,62.250664236013854,42.06666666666666,12.266666666666666
48105,TX,35625.333333333336,1487.6666666666667,32724.0,14.752880873025257,16.9,6.833333333333333,1.3249865945885357,35.46666666666667,8.5
48457,TX,27867.333333333332,3901.6666666666665,30079.333333333332,9.320128855249962,19.6,11.6,23.33430694836595,41.733333333333334,11.6
48463,TX,34358.0,9499.333333333334,29523.666666666668,11.535819140925677,28.0,8.700000000000001,16.978742259861594,35.03333333333333,16.033333333333335
48287,TX,37406.333333333336,6073.333333333333,42021.666666666664,10.999170967744991,13.0,6.466666666666666,26.312582135741238,40.300000000000004,13.700000000000001
48349,TX,32099.0,15946.0,32626.666666666668,10.005308243361043,20.0,8.0,47.15681788620142,36.9,15.700000000000001
48223,TX,32350.666666666668,11657.0,34693.666666666664,8.806093424899142,18.0,7.166666666666667,45.388228170784515,39.13333333333333,16.166666666666668
48505,TX,27802.333333333332,4218.666666666667,46204.0,11.38567195898265,33.4,8.366666666666667,13.84732288207006,28.7,9.266666666666666
48273,TX,31896.666666666668,12867.333333333334,34641.0,,25.2,7.866666666666667,36.06730617212788,28.8,21.53333333333333
48043,TX,36818.0,4492.333333333333,33322.333333333336,16.321334186105446,12.7,5.433333333333334,1.468038150879974,40.5,32.73333333333333
48381,TX,41726.666666666664,28967.333333333332,32609.666666666668,9.32721024172782,9.7,4.8999999999999995,130.34246327698472,35.333333333333336,30.133333333333336
48343,TX,41451.666666666664,4444.666666666667,47988.0,8.646972462964523,19.7,11.966666666666667,51.60013598477182,43.26666666666667,15.9
48217,TX,31850.666666666668,9129.0,30388.0,10.027963546446493,16.9,7.933333333333334,36.49004976421531,40.6,14.966666666666667
48435,TX,63093.666666666664,2349.3333333333335,74436.66666666667,11.62925688483675,5.5,7.233333333333333,2.8836685729875593,37.06666666666667,12.733333333333334
48161,TX,32720.666666666668,5844.666666666667,39204.0,10.9481017828083,15.1,7.7,22.279035376442213,41.199999999999996,13.466666666666667
48469,TX,40105.0,37646.333333333336,39794.0,10.517646210679816,16.8,6.766666666666667,98.02714564160469,36.36666666666667,16.7
48053,TX,38478.333333333336,12267.333333333334,35733.0,11.61160970133128,15.6,6.566666666666666,42.81153435558031,43.5,21.900000000000002
48011,TX,39081.0,384.3333333333333,31244.666666666668,9.32721024172782,14.0,4.733333333333333,2.0924928016707676,43.9,24.900000000000002
48447,TX,46664.666666666664,482.0,27498.666666666668,9.301805173180087,10.1,6.166666666666667,1.8954171013450924,48.666666666666664,17.900000000000002
48099,TX,29798.0,14884.333333333334,34016.666666666664,9.33280153721311,13.3,7.566666666666666,71.19931169584864,29.566666666666666,15.033333333333333
48327,TX,29424.666666666668,461.3333333333333,24751.666666666668,11.475957301284305,20.5,7.066666666666666,2.4648190501319065,46.833333333333336,15.299999999999999
48059,TX,32435.666666666668,2107.3333333333335,32467.666666666668,12.47316041423548,15.2,6.8999999999999995,15.001578879484796,41.733333333333334,17.0
48173,TX,54253.666666666664,399.0,31457.666666666668,11.230735808422784,3.3,4.433333333333334,1.3889228312845703,40.4,17.966666666666665
48307,TX,32753.333333333332,3130.6666666666665,37034.0,10.898018831087315,21.4,6.166666666666667,7.739920163988835,41.5,19.333333333333332
13233,GA,26384.0,10855.0,32048.0,11.608997986496282,21.7,11.200000000000001,132.84311198185193,36.666666666666664,11.333333333333334
13273,GA,33062.333333333336,2254.6666666666665,29903.333333333332,11.603330199421915,29.3,11.666666666666666,28.333100053306968,38.766666666666666,9.466666666666667
13101,GA,21785.666666666668,837.0,22554.0,11.577609995843511,36.3,7.866666666666667,9.524896905459075,29.666666666666668,6.833333333333333
13161,GA,25962.666666666668,4043.0,28970.333333333332,11.60192805293232,25.8,12.266666666666666,44.63630072615958,36.233333333333334,11.5
13091,GA,25971.666666666668,5475.333333333333,27175.666666666668,11.60671891279949,19.2,12.266666666666666,43.355384709477654,38.53333333333333,13.799999999999999
13257,GA,29234.333333333332,9123.666666666666,32645.0,11.614125488462033,18.8,11.6,145.06925187106776,40.233333333333334,14.066666666666668
13051,GA,39608.0,130151.33333333333,40307.0,12.083597190509103,18.9,9.700000000000001,603.447705288077,34.166666666666664,29.633333333333336
13195,GA,28641.0,3153.3333333333335,28612.666666666668,11.471624418093826,19.0,9.833333333333334,98.82380999608016,38.699999999999996,12.933333333333332
13301,GA,26806.666666666668,1074.6666666666667,29635.0,11.612453535180213,28.0,16.166666666666668,20.627753278144684,43.4,5.7
13237,GA,32432.333333333332,5827.333333333333,29876.0,11.549147916817027,15.2,12.466666666666667,61.1549196070581,44.333333333333336,18.833333333333332
13029,GA,43342.333333333336,5938.0,30338.333333333332,11.59554579022993,12.1,9.066666666666666,68.18233758873028,35.76666666666667,28.666666666666668
13191,GA,24935.333333333332,1796.3333333333333,27493.666666666668,11.610940563378287,14.9,10.266666666666666,32.45671382051247,43.46666666666667,14.933333333333332
13117,GA,49322.0,55499.333333333336,43470.333333333336,11.524318539544627,6.7,7.3,759.5161563187279,36.63333333333333,43.23333333333333
13111,GA,26957.333333333332,5172.0,28268.333333333332,11.829441764191456,20.1,11.033333333333333,60.63815588363192,47.800000000000004,15.466666666666667
13225,GA,29727.666666666668,8105.0,32402.333333333332,11.552005282287496,26.6,11.633333333333333,181.35219539893356,34.199999999999996,18.066666666666666
13145,GA,38359.333333333336,3694.0,27396.666666666668,11.563875745210247,8.4,7.3999999999999995,67.61362247970757,41.93333333333333,27.766666666666666
13187,GA,28769.333333333332,6123.333333333333,31532.333333333332,11.405688976087166,16.8,9.466666666666667,104.06535097640051,35.93333333333334,20.766666666666666
13169,GA,31011.333333333332,3443.3333333333335,29851.0,11.549147916817027,14.2,9.1,72.27629109530507,38.93333333333333,17.966666666666665
13141,GA,21979.0,1206.0,26863.0,11.612223695877926,31.4,19.866666666666667,20.298598713134226,41.800000000000004,11.700000000000001
13061,GA,26449.333333333332,662.3333333333334,26967.666666666668,11.581095854088375,47.7,12.066666666666668,15.94815527488349,41.0,9.066666666666666
13103,GA,34042.666666666664,9163.666666666666,35947.333333333336,11.580964680336022,10.6,9.033333333333333,107.33964177886747,35.23333333333333,16.066666666666666
13159,GA,28690.666666666668,2017.3333333333333,28431.333333333332,11.468498443899863,20.2,10.766666666666666,37.351002245710795,37.86666666666667,14.766666666666666
13057,GA,38931.666666666664,44431.666666666664,35301.666666666664,11.513106244417784,8.4,8.0,500.78369533725026,36.06666666666667,33.93333333333334
13313,GA,27792.666666666668,52632.666666666664,37063.333333333336,11.525046495727317,19.4,11.4,348.08196617833556,33.9,14.866666666666667
13245,GA,31179.0,98149.0,40464.333333333336,11.612258376452962,24.4,10.9,614.1775091981666,33.199999999999996,19.933333333333334
13129,GA,27364.0,19669.666666666668,34790.666666666664,11.534081737182845,19.9,11.366666666666667,153.36533470989752,35.63333333333333,13.4
13123,GA,26988.333333333332,7200.333333333333,27947.666666666668,11.605913388297076,20.4,11.166666666666666,66.09840619596305,42.0,14.066666666666668
13309,GA,16073.0,1378.3333333333333,30561.666666666668,11.607153086978776,26.0,14.4,24.838968041783705,36.4,8.366666666666667
13157,GA,30693.333333333332,18046.0,33790.0,11.45381042060862,15.6,9.4,175.09082665504715,36.53333333333333,18.0
13085,GA,33570.0,7464.333333333333,25804.666666666668,11.525699292607937,13.7,9.833333333333334,104.54809924045509,40.5,21.400000000000002
13183,GA,25766.666666666668,884.3333333333334,26517.333333333332,11.615442070122217,20.8,8.566666666666668,34.43975457262503,30.066666666666666,9.933333333333334
13009,GA,27272.333333333332,15233.333333333334,30740.333333333332,11.602337325006868,28.7,13.533333333333333,179.91119632415663,34.26666666666667,18.900000000000002
13285,GA,31269.666666666668,33221.0,38472.0,11.571446874783039,22.1,10.766666666666666,160.3990895528036,35.93333333333333,19.566666666666666
13079,GA,29032.666666666668,1193.0,28660.0,11.553749975065921,21.5,10.699999999999998,39.26474903102565,40.266666666666666,12.633333333333333
13255,GA,28904.333333333332,20690.0,32146.333333333332,11.507009626763345,21.6,13.766666666666666,324.8728546886428,36.833333333333336,14.4
13125,GA,26271.333333333332,395.6666666666667,23261.0,11.612453535180213,23.7,10.466666666666667,21.183198141165665,39.36666666666667,9.9
13147,GA,28988.666666666668,5882.0,33568.0,11.605380747410145,23.5,10.966666666666667,108.18109588019495,42.53333333333333,15.266666666666666
13127,GA,37026.0,35010.333333333336,37115.333333333336,11.607579405253825,17.7,9.9,187.46087879336696,39.5,26.03333333333333
29091,MO,27814.333333333332,14935.333333333334,28988.0,9.212524545871407,20.6,9.633333333333333,43.20678072615405,39.300000000000004,15.333333333333334
29045,MO,30177.666666666668,1427.6666666666667,23674.0,9.70948108664133,16.6,10.266666666666667,14.123890718699343,42.53333333333333,12.200000000000001
29223,MO,25437.333333333332,2736.3333333333335,22882.666666666668,9.542753807202311,22.7,10.1,17.705366888571003,45.666666666666664,7.966666666666666
29510,MO,36676.333333333336,216924.0,52755.666666666664,,27.0,10.233333333333334,5160.160468230314,33.96666666666667,27.7
29105,MO,28383.333333333332,12225.666666666666,29338.0,9.145552182196116,18.5,11.1,46.36621633992912,38.833333333333336,13.233333333333334
29157,MO,32331.0,9253.333333333334,30886.666666666668,9.77000413988413,12.5,6.433333333333334,39.98552420304062,39.43333333333334,13.0
29007,MO,33020.0,9224.666666666666,30804.666666666668,9.74841505819069,16.3,8.200000000000001,37.04056819549778,38.300000000000004,13.9
29186,MO,33348.0,5486.333333333333,37388.0,,10.7,9.033333333333333,36.36159654454646,42.800000000000004,10.733333333333334
29149,MO,24558.666666666668,2290.3333333333335,21473.333333333332,9.370171094170392,26.1,9.700000000000001,13.687935001510846,45.06666666666666,9.966666666666667
29161,MO,30900.666666666668,17231.666666666668,32876.0,9.712576587100768,18.8,8.299999999999999,66.4709697170879,33.93333333333334,26.03333333333333
29229,MO,26039.666666666668,4512.666666666667,25379.666666666668,9.417084166431575,26.6,10.166666666666666,27.490496620341514,40.73333333333333,11.466666666666667
29181,MO,27956.666666666668,3038.3333333333335,22324.0,9.371464730330407,27.2,11.933333333333332,22.348915674899445,41.833333333333336,10.6
29119,MO,23158.0,6811.333333333333,27699.0,11.258479377103829,21.8,8.166666666666666,42.637031269792715,36.53333333333333,9.366666666666667
29131,MO,28387.666666666668,5820.0,28692.666666666668,9.720000793613146,19.3,11.266666666666666,41.870580002655096,40.199999999999996,12.9
29123,MO,29538.666666666668,3433.3333333333335,25999.0,9.695303642122141,18.6,10.4,24.868557496908622,40.63333333333333,10.133333333333333
29053,MO,31174.0,5326.666666666667,29006.333333333332,9.946313346203961,17.8,8.766666666666666,31.12350597609562,37.53333333333333,17.233333333333334
29127,MO,34344.333333333336,14030.0,32148.333333333332,9.735966389792653,15.5,7.633333333333333,65.53801365003365,38.86666666666667,17.733333333333334
29189,MO,56384.0,564129.0,50722.666666666664,,10.5,7.833333333333333,1967.2563787021083,39.63333333333333,39.4
29049,MO,34054.333333333336,4027.0,28766.666666666668,9.971013999484864,9.8,8.633333333333333,49.44224312152894,40.63333333333333,17.5
29203,MO,23840.333333333332,1279.0,19860.666666666668,9.732563229694925,21.4,13.166666666666666,8.380984638680241,43.03333333333333,12.766666666666666
29015,MO,29767.0,3452.0,26231.0,10.64673511832337,18.6,10.833333333333334,27.012938313971077,51.06666666666666,12.133333333333333
29067,MO,22775.0,2324.0,24956.0,9.939502864395443,24.1,10.833333333333334,16.822287472207645,43.9,10.333333333333334
29173,MO,34376.666666666664,2537.6666666666665,32856.333333333336,9.720657826938488,10.4,7.633333333333333,21.636755948263083,43.96666666666667,15.600000000000001
29097,MO,32590.333333333332,56245.0,34176.0,11.361255749319488,18.9,7.3999999999999995,181.58482457486696,35.06666666666667,19.2
29159,MO,31919.666666666668,18165.666666666668,31026.666666666668,10.088355077768805,17.2,8.299999999999999,61.30004245886156,37.13333333333333,15.700000000000001
29001,MO,28046.666666666668,9907.666666666666,27878.333333333332,9.740712630980589,24.7,8.233333333333333,44.81742355338397,28.733333333333334,26.3
29017,MO,27903.666666666668,1806.0,25171.0,9.757113468309282,19.3,8.799999999999999,20.09589407631822,42.166666666666664,10.1
29055,MO,28202.0,6262.333333333333,30169.333333333332,9.716728278506139,19.0,10.933333333333332,33.2751048180617,40.1,11.0
51105,VA,26450.333333333332,5222.333333333333,31707.666666666668,9.425297389624752,24.1,7.933333333333333,58.4679672989142,41.0,11.966666666666667
51840,VA,,25397.333333333332,42507.666666666664,10.340518759491466,20.4,7.466666666666666,2842.7426665216285,36.199999999999996,29.46666666666667
51161,VA,,34398.666666666664,35846.666666666664,,6.2,5.766666666666667,367.2456641708043,42.666666666666664,32.666666666666664
51011,VA,31239.666666666668,3129.3333333333335,27046.666666666668,11.028708981355729,16.4,8.0,44.30661273078334,42.699999999999996,13.200000000000001
51119,VA,40212.666666666664,3209.3333333333335,29051.0,11.044668644654392,8.2,6.6000000000000005,83.22719251131743,50.63333333333333,27.2
51071,VA,32351.666666666668,4763.666666666667,36457.333333333336,10.771986110155678,14.1,8.266666666666667,48.10333758836659,42.76666666666667,16.3
51081,VA,,4450.333333333333,31304.333333333332,11.074375418830929,21.2,9.0,41.21348431320081,41.13333333333333,7.133333333333333
51023,VA,41132.666666666664,9248.0,36080.333333333336,10.9960520662193,6.7,5.966666666666666,60.90361787085825,44.300000000000004,22.833333333333332
51021,VA,29086.0,1904.6666666666667,38120.0,10.714058865721642,14.2,7.7,19.172321620797927,44.56666666666666,11.366666666666667
51159,VA,28107.0,3089.0,31364.666666666668,,14.1,6.7,48.52080482701232,42.9,9.933333333333334
51036,VA,35056.0,1439.6666666666667,36761.666666666664,,11.4,8.833333333333334,39.463972312890576,46.36666666666667,12.433333333333332
51175,VA,,3708.6666666666665,31651.666666666668,11.079100795898832,17.3,7.566666666666667,30.953700180464043,43.300000000000004,12.5
51063,VA,30971.333333333332,2847.0,26225.666666666668,10.714058865721642,12.8,6.333333333333333,39.775317671375404,43.86666666666667,18.933333333333334
51017,VA,42892.0,2160.6666666666665,31905.333333333332,11.058169557646426,13.9,6.566666666666666,8.96884995395583,46.26666666666667,13.633333333333335
51181,VA,34143.333333333336,2277.0,72595.66666666667,11.050733778183218,9.0,8.4,25.157525808182374,44.5,13.6
51179,VA,48485.0,36993.333333333336,45296.0,11.124312704948002,4.9,6.2,471.8510676498084,34.333333333333336,35.6
51051,VA,28360.666666666668,3707.0,39645.333333333336,10.635398836569701,20.4,10.366666666666667,48.18263524698063,43.43333333333334,9.166666666666666
51595,VA,,3781.0,26693.333333333332,11.044668644654392,33.0,11.266666666666666,844.7759752800308,39.4,14.9
51143,VA,,11547.666666666666,29329.666666666668,11.048680962519818,15.2,9.266666666666666,65.24197207507785,43.86666666666667,13.133333333333333
51133,VA,39112.333333333336,2564.6666666666665,30952.666666666668,11.059851188451322,9.3,8.633333333333333,64.84286848593757,53.06666666666666,22.233333333333334
51540,VA,,34886.0,43847.666666666664,11.044668644654392,27.3,5.6000000000000005,4172.702131120873,27.8,47.76666666666667
51520,VA,,11959.0,31060.666666666668,,22.4,8.133333333333333,1376.9714862870017,40.96666666666667,19.8
51101,VA,37484.666666666664,3361.0,39146.666666666664,11.078563954272488,7.8,6.8999999999999995,57.315663295729735,39.23333333333333,19.433333333333334
51001,VA,34247.333333333336,12920.666666666666,31532.666666666668,11.823409252757964,20.2,8.066666666666666,75.09249223451,44.199999999999996,17.666666666666668
51193,VA,34938.666666666664,3498.6666666666665,27457.333333333332,11.059851188451322,13.3,7.633333333333333,75.71608394454474,46.1,15.066666666666668
51790,VA,,11250.333333333334,30158.666666666668,11.044668644654392,15.3,7.133333333333333,1197.2389558232928,42.76666666666667,28.733333333333334
51183,VA,26582.333333333332,3499.6666666666665,32595.0,11.126671917919056,15.3,10.6,24.756608856595392,40.56666666666667,9.866666666666667
51195,VA,,15208.333333333334,38632.666666666664,10.630320587224332,24.1,8.299999999999999,102.75133848899463,39.43333333333333,12.233333333333334
17023,IL,34850.666666666664,4266.0,31131.333333333332,10.054666482977657,11.5,10.633333333333333,32.80312474029751,42.199999999999996,17.133333333333333
17091,IL,33655.333333333336,41915.333333333336,35679.333333333336,12.360022275538915,16.1,11.699999999999998,166.62724750797005,36.6,17.2
17175,IL,36082.666666666664,1277.0,29922.666666666668,10.14632638555059,12.1,8.966666666666667,20.8833027297898,42.699999999999996,15.1
17075,IL,37098.0,7940.333333333333,29668.0,10.09525183069695,11.7,9.366666666666667,26.746137220946935,42.96666666666667,13.833333333333334
17071,IL,34747.0,1101.3333333333333,26326.666666666668,10.031360755552713,10.4,8.466666666666667,19.461816876235833,46.9,15.166666666666666
17145,IL,30670.0,4915.333333333333,32423.333333333332,10.13508774295544,17.1,10.699999999999998,50.67039578091152,39.53333333333334,14.0
17049,IL,40186.0,19864.0,33720.0,10.151002110551202,9.7,7.133333333333333,71.51604775302216,39.06666666666667,19.533333333333335
17043,IL,56010.666666666664,558042.3333333334,55858.0,12.35259446368167,6.6,8.266666666666667,2790.6460971509982,37.800000000000004,45.6
17019,IL,38917.333333333336,87392.0,40641.333333333336,10.201566660570865,22.1,7.633333333333333,200.19362101413776,28.7,41.833333333333336
17051,IL,29705.333333333332,5977.0,30561.0,10.206360544192563,18.3,9.433333333333332,30.772308644301607,39.833333333333336,13.966666666666667
17155,IL,44674.0,1713.0,38466.333333333336,10.14632638555059,13.9,10.6,37.35027306362184,44.53333333333333,14.866666666666667
17187,IL,33847.0,6186.0,30023.666666666668,10.031360755552713,15.4,7.366666666666667,32.70007964836721,39.833333333333336,19.066666666666666
17191,IL,35872.666666666664,4391.0,29622.666666666668,10.161912661602631,13.0,8.233333333333333,23.528944800115806,42.6,12.433333333333332
17045,IL,33713.333333333336,6288.666666666667,35053.666666666664,10.118097622047097,15.7,10.5,29.91862979766542,42.93333333333334,16.666666666666668
17129,IL,38267.333333333336,2042.3333333333333,28544.666666666668,10.066690966796738,9.3,7.3999999999999995,40.46023370049821,42.6,22.133333333333336
17017,IL,33790.0,5694.333333333333,31518.0,10.130597802453993,17.1,8.366666666666667,36.24445781016303,38.166666666666664,12.466666666666667
17181,IL,34871.666666666664,4885.333333333333,31579.0,10.091247066200735,19.6,11.6,43.25074401342329,43.166666666666664,18.5
17053,IL,43818.666666666664,4469.0,33908.0,11.799713828427958,9.9,8.533333333333333,28.999355432591226,42.06666666666667,17.033333333333335
17021,IL,35571.666666666664,10998.333333333334,35311.666666666664,10.125596916698697,15.9,9.733333333333333,49.16113452385986,41.5,12.633333333333333
17171,IL,34430.666666666664,976.6666666666666,32179.0,10.096311428842938,10.5,8.633333333333335,21.328601618884324,42.96666666666667,17.633333333333336
17055,IL,32214.333333333332,8945.333333333334,30591.0,10.20305118241247,18.8,11.433333333333332,96.66506897777258,41.63333333333333,12.700000000000001
17087,IL,27679.666666666668,2239.6666666666665,38591.0,10.134796181555414,11.3,11.966666666666667,36.8782152918188,41.43333333333333,13.566666666666668
17069,IL,30433.333333333332,899.3333333333334,29294.333333333332,11.948358732918846,20.8,10.766666666666666,24.56747599907548,44.56666666666666,11.299999999999999
17009,IL,26271.666666666668,3246.3333333333335,40810.0,10.133367724076342,9.5,6.3999999999999995,22.57678691555974,37.800000000000004,11.433333333333332
19107,IA,37868.0,2337.0,30045.333333333332,10.624188849877635,12.0,6.1000000000000005,18.210960993367003,43.166666666666664,13.466666666666667
19097,IA,36462.666666666664,6046.333333333333,28520.666666666668,12.965387474334666,12.3,6.5,31.25207991702867,43.300000000000004,14.833333333333334
19047,IA,38225.666666666664,7508.666666666667,33957.666666666664,8.911312910857765,14.9,4.7,23.843061261256214,38.86666666666667,14.466666666666667
19149,IA,44381.666666666664,10501.333333333334,37711.666666666664,8.895121582623103,5.2,4.3999999999999995,28.881383852478905,41.96666666666667,20.033333333333335
19011,IA,42422.0,5571.0,32041.0,12.919760362139943,7.8,5.833333333333333,36.41520342074174,40.1,17.96666666666667
19041,IA,42940.666666666664,8925.666666666666,34996.0,12.803004106228457,10.3,5.533333333333334,29.406233950005696,42.76666666666667,18.5
19059,IA,46593.0,8377.666666666666,30884.0,12.94826808831185,7.9,6.333333333333333,43.93410628628692,47.43333333333334,27.099999999999998
19075,IA,46007.333333333336,3934.0,36701.0,10.591116867770323,6.5,5.166666666666667,24.734235984497513,42.46666666666667,21.2
19025,IA,43290.666666666664,3041.0,28898.666666666668,8.917347617271766,13.8,5.8,17.27718249024005,47.6,18.599999999999998
19027,IA,43656.666666666664,11855.333333333334,32492.666666666668,10.609031557637095,9.6,4.1000000000000005,36.50579298613465,42.4,18.5
19145,IA,34612.666666666664,6526.333333333333,32218.333333333332,8.896140609283803,12.6,6.033333333333334,29.925873860939962,43.666666666666664,16.8
19159,IA,35320.0,1418.6666666666667,29734.666666666668,13.010312701627296,13.5,4.633333333333334,9.610991388701109,45.23333333333333,20.400000000000002
19077,IA,42248.333333333336,3070.0,32733.333333333332,12.966918228145595,9.2,6.133333333333333,18.59452357247834,44.56666666666666,18.900000000000002
19139,IA,38076.0,21526.0,42667.0,12.867049474586185,15.1,6.8999999999999995,97.43243912568056,38.03333333333333,18.233333333333334
19083,IA,44502.666666666664,7283.0,33220.333333333336,10.623316714652946,9.6,6.0,30.890773050978353,43.6,19.466666666666665
19003,IA,43935.666666666664,1202.5,30608.0,10.615891097146797,11.2,4.466666666666667,9.634739537699392,46.06666666666666,16.266666666666666
19043,IA,39192.0,6569.333333333333,31818.333333333332,12.985904929080705,12.9,6.433333333333334,23.296201907267346,44.36666666666667,15.200000000000001
19185,IA,34038.666666666664,1867.6666666666667,30404.666666666668,12.982401410495553,14.8,5.8,12.146609346444158,45.666666666666664,11.866666666666667
19119,IA,46183.333333333336,4294.0,29797.0,10.570204399364968,9.3,3.3666666666666667,19.721731060393335,38.56666666666667,16.099999999999998
19169,IA,35819.0,42254.666666666664,40746.0,10.654498679325858,20.1,3.966666666666667,154.80906270959088,26.46666666666667,47.53333333333334
19087,IA,34240.333333333336,9140.333333333334,34936.666666666664,12.966865623088236,17.3,7.133333333333333,46.637254540765575,39.43333333333333,19.7
19105,IA,36086.333333333336,6250.666666666667,32202.333333333332,12.914260132248318,8.6,5.8999999999999995,35.95729575285461,42.53333333333333,16.7
19141,IA,45283.666666666664,6290.0,29744.333333333332,10.586967583518952,11.2,4.266666666666667,25.055479450062677,44.199999999999996,19.166666666666668
37185,NC,25207.333333333332,3485.3333333333335,30358.666666666668,10.460577880969835,24.4,13.4,48.558695144208116,44.86666666666667,14.133333333333333
37043,NC,27478.333333333332,1919.3333333333333,27088.0,10.218402569102667,22.6,11.5,48.839520644268,49.300000000000004,19.400000000000002
37089,NC,34790.666666666664,33700.0,34249.0,10.304153055598999,13.5,8.4,282.3540662843088,45.1,27.53333333333333
37037,NC,46940.0,14203.666666666666,32670.0,10.379517911689275,11.1,8.200000000000001,91.84577100561017,43.36666666666667,36.1
37137,NC,35346.333333333336,3135.3333333333335,27545.666666666668,10.488763728042438,13.8,9.666666666666666,38.959135055891515,47.699999999999996,17.900000000000002
37087,NC,32765.666666666668,16431.0,32137.666666666668,10.54410619595966,14.2,9.866666666666667,106.19023532528844,45.4,21.8
37113,NC,31558.666666666668,10516.666666666666,29979.333333333332,10.301224565506693,19.6,11.200000000000001,65.29034994313837,48.0,19.900000000000002
37197,NC,30710.666666666668,9638.333333333334,28992.333333333332,10.257619298982183,17.6,10.200000000000001,114.09338532243392,41.5,11.766666666666666
37167,NC,30222.0,18076.666666666668,30955.666666666668,10.357321974557776,14.9,11.700000000000001,152.70532391412013,40.23333333333333,15.366666666666667
37041,NC,32653.0,4697.333333333333,31326.666666666668,10.914598968023686,24.7,11.733333333333334,86.00288433136217,43.56666666666666,16.599999999999998
37117,NC,29646.666666666668,7425.666666666667,29934.333333333332,11.15949691103528,24.9,12.466666666666667,53.419571206132474,43.56666666666666,12.366666666666667
37119,NC,50274.666666666664,551481.6666666666,56042.333333333336,10.271732461234587,14.5,9.833333333333334,1728.345476711134,33.9,40.23333333333333
37003,NC,28498.666666666668,8754.666666666666,28727.666666666668,10.309249187170167,18.3,11.333333333333334,142.02742465911493,40.63333333333333,11.4
37091,NC,26622.0,8988.333333333334,32501.0,10.657660812396118,25.0,10.933333333333332,69.25771973738358,40.73333333333333,15.1
37105,NC,32994.0,24950.333333333332,37706.0,10.453694008404188,17.4,12.166666666666666,222.48054721335726,37.53333333333333,19.066666666666666
37053,NC,37453.666666666664,5325.0,30695.666666666668,10.608502602800359,9.9,8.9,89.70418478682801,40.76666666666667,17.2
37059,NC,38266.666666666664,9514.333333333334,30608.0,10.221102158444054,13.0,10.533333333333333,155.1630204639886,42.199999999999996,23.900000000000002
37007,NC,27635.333333333332,7491.333333333333,31022.333333333332,10.320516756152056,22.2,12.5,50.34674855414289,39.733333333333334,8.533333333333333
37165,NC,28863.0,11935.333333333334,31800.0,10.497715241161183,30.6,17.666666666666668,113.65753796661863,37.36666666666667,14.166666666666666
37147,NC,33829.666666666664,70574.33333333333,38118.0,10.693727632992331,24.0,9.833333333333334,252.59235868617716,30.866666666666664,27.933333333333334
37065,NC,29355.0,18346.666666666668,35175.333333333336,10.629094120083217,24.0,15.233333333333334,111.27818358803093,39.6,10.366666666666667
37075,NC,27161.666666666668,2185.3333333333335,29693.333333333332,10.218402569102667,17.3,17.866666666666667,29.93499243062548,42.5,12.666666666666666
47067,TN,21855.0,896.0,23642.333333333332,10.340668255121066,32.7,14.066666666666668,30.473543117252294,42.56666666666666,8.299999999999999
47019,TN,28597.333333333332,10023.666666666666,29180.0,10.211774927160143,22.8,10.133333333333333,168.79604287665052,41.9,15.366666666666667
47149,TN,33125.333333333336,97819.66666666667,42159.0,10.230639079659705,13.0,7.8999999999999995,415.53912394276887,32.199999999999996,27.066666666666666
47029,TN,26648.0,7422.0,30382.0,10.139292155752326,26.0,12.966666666666667,81.53973731375224,42.166666666666664,8.166666666666666
47127,TN,32253.333333333332,1573.0,37960.666666666664,10.474018232643251,14.7,6.966666666666666,48.85095274577023,43.03333333333333,14.0
47169,TN,30519.333333333332,1471.6666666666667,28816.0,9.822315770786465,13.2,10.166666666666666,68.17559018849883,38.13333333333333,11.799999999999999
47059,TN,33175.0,23453.333333333332,34433.666666666664,9.928294713608203,22.5,11.633333333333333,110.12227653043895,42.199999999999996,14.833333333333334
47065,TN,42325.666666666664,182151.66666666666,42374.333333333336,10.33260582134816,16.2,7.8,614.1106135166973,39.1,27.400000000000002
47075,TN,28799.0,5072.0,36329.666666666664,10.5591472342113,21.2,13.866666666666667,35.34625006487128,38.666666666666664,12.466666666666667
47117,TN,28597.0,7277.333333333333,32288.666666666668,10.538379756490622,17.9,11.766666666666666,80.60913399136707,39.06666666666667,11.966666666666667
47089,TN,29047.666666666668,11025.666666666666,34887.666666666664,9.978620199266992,19.2,10.6,185.71918484668922,40.03333333333333,13.200000000000001
47177,TN,28561.333333333332,11634.333333333334,33616.333333333336,10.145750446328249,22.9,10.133333333333333,91.66583848156306,38.43333333333334,11.533333333333333
47031,TN,32197.333333333332,22985.0,37737.0,10.449719339314527,20.6,9.833333333333334,122.63422260764696,38.93333333333333,18.866666666666667
47173,TN,25986.333333333332,2523.3333333333335,34615.0,10.036376913476625,22.6,10.266666666666667,85.6043020563579,39.93333333333334,6.866666666666667
47071,TN,32563.0,7565.0,36076.333333333336,10.567027643905362,22.2,11.266666666666666,45.01134807775338,42.73333333333333,10.133333333333333
47015,TN,29234.0,1882.6666666666667,28002.666666666668,9.821132293354276,16.4,10.133333333333333,51.6448008231847,40.6,12.0
47145,TN,34262.333333333336,18020.333333333332,52685.0,10.311470060218712,14.4,9.1,150.00152454658598,44.56666666666666,17.033333333333335
47137,TN,28721.333333333332,921.6666666666666,24732.666666666668,10.548732066230222,21.0,10.733333333333334,31.239198506147005,44.699999999999996,12.066666666666668
47079,TN,33175.666666666664,9958.333333333334,30873.666666666668,9.606548088075149,17.4,10.733333333333334,57.237738965157625,43.73333333333333,15.200000000000001
47183,TN,29617.666666666668,9691.666666666666,29905.0,10.154880906583807,20.5,11.299999999999999,59.7630522572756,37.03333333333333,18.933333333333334
47049,TN,26041.0,4281.0,27763.666666666668,10.505194469901365,25.4,11.366666666666667,35.83517011728008,42.1,10.566666666666666
47103,TN,33191.666666666664,9049.0,30563.0,10.662425259144651,16.4,6.766666666666667,58.02834089020272,41.36666666666667,15.200000000000001
31131,NE,42445.666666666664,6379.333333333333,31527.666666666668,10.124618342708594,12.2,4.866666666666666,25.566434505401215,43.0,21.633333333333336
31009,NE,41380.333333333336,150.0,26802.333333333332,10.765194455356642,19.3,5.266666666666667,0.8010982738395919,44.96666666666667,17.666666666666668
31083,NE,45578.666666666664,894.3333333333334,25964.666666666668,11.542213070337054,11.2,3.233333333333333,6.214172746534264,48.73333333333333,17.0
31107,NE,40531.0,2887.3333333333335,25131.0,10.3014817501375,13.6,3.8000000000000003,7.853959713459932,46.166666666666664,17.666666666666668
31091,NE,34448.333333333336,326.0,21386.333333333332,11.320027332526678,12.2,4.733333333333333,0.9692717288812469,49.666666666666664,24.46666666666667
31165,NE,44880.666666666664,161.33333333333334,24902.666666666668,13.172132465650154,9.2,3.5666666666666664,0.6351442848465669,48.13333333333333,25.599999999999998
31015,NE,42610.666666666664,574.3333333333334,22502.0,12.176294723962872,9.9,3.8666666666666667,3.8442898990927925,48.93333333333334,14.1
31099,NE,52521.666666666664,2259.6666666666665,29460.333333333332,10.08658048636244,4.9,3.233333333333333,12.664578502759356,42.23333333333333,25.866666666666664
31001,NE,40337.666666666664,14835.333333333334,32759.333333333332,9.256286380101399,12.4,4.266666666666667,55.394000078114736,37.666666666666664,21.7
31021,NE,40810.666666666664,1832.6666666666667,28598.0,10.134730148375827,8.3,5.433333333333334,14.032132729573258,46.6,18.066666666666666
31125,NE,39366.0,1015.3333333333334,29105.0,9.582469250998345,14.1,3.6333333333333333,8.474525095977185,44.73333333333333,12.133333333333333
31111,NE,41276.666666666664,14574.333333333334,32714.0,10.15640061196326,9.6,4.266666666666667,14.11493392196474,38.833333333333336,18.866666666666664
31029,NE,48712.0,1758.0,30931.666666666668,10.653898172925595,12.4,2.533333333333333,4.4080757079921895,44.23333333333333,14.866666666666667
31097,NE,32420.333333333332,1731.3333333333333,31460.0,10.498763497757293,14.3,4.566666666666666,13.826142834984156,43.300000000000004,11.733333333333334
31117,NE,37203.0,55.333333333333336,24578.666666666668,11.320027332526678,12.9,2.8666666666666667,0.48414033086801944,43.03333333333333,23.96666666666667
31105,NE,46974.666666666664,1468.6666666666667,31948.333333333332,10.94851000806305,10.8,3.8666666666666667,3.9907893548136335,46.03333333333333,18.96666666666667
31013,NE,39578.333333333336,3876.6666666666665,31395.0,11.567963721819115,19.9,4.3999999999999995,10.570064337904808,40.766666666666666,19.366666666666667
31045,NE,30596.333333333332,3345.0,27567.333333333332,12.31319353570717,24.0,3.8333333333333335,6.565735050808357,33.6,36.6
31041,NE,41642.0,3962.6666666666665,30424.0,10.117619658111016,8.4,3.3000000000000003,4.253646602168923,44.73333333333333,18.900000000000002
31075,NE,36763.666666666664,253.33333333333334,24255.333333333332,11.320027332526678,17.7,3.5,0.832276899382442,47.06666666666666,17.033333333333335
31059,NE,54022.0,2191.6666666666665,30540.666666666668,9.417585697170393,8.8,3.5,10.274530114772324,45.666666666666664,17.633333333333336
31087,NE,39542.333333333336,724.6666666666666,33607.666666666664,11.480759954675156,12.8,4.7,4.1003291813568135,48.63333333333333,13.4
18073,IN,36298.333333333336,11249.0,34047.666666666664,11.648131266907235,8.4,9.033333333333333,59.366066323613495,37.766666666666666,14.333333333333334
18069,IN,33724.333333333336,13842.0,32476.333333333332,9.696882737073594,11.4,9.966666666666667,97.31024167492053,38.93333333333333,15.433333333333332
18107,IN,34227.333333333336,14539.666666666666,37176.333333333336,10.462202524149781,16.9,8.9,75.67335847301844,39.266666666666666,17.7
18045,IN,33428.333333333336,5242.0,31021.0,10.406030081454556,11.7,9.733333333333334,43.65865658413957,41.833333333333336,10.933333333333332
18071,IN,35724.333333333336,18602.333333333332,36030.0,10.356060106635297,12.7,8.766666666666667,82.66108211203881,38.166666666666664,13.6
18143,IN,29279.333333333332,6514.0,30318.333333333332,10.37173268810123,18.3,11.533333333333333,126.51236237524269,38.6,10.066666666666666
18063,IN,39648.333333333336,52114.333333333336,33552.333333333336,9.8861508679986,4.9,6.866666666666667,351.4928539947341,36.63333333333333,31.599999999999998
18093,IN,32174.333333333332,12472.666666666666,32691.333333333332,10.47649999994019,16.6,11.533333333333333,102.80695660950634,41.13333333333333,12.766666666666666
18153,IN,29703.333333333332,5888.333333333333,34434.0,9.91839554630799,15.7,9.366666666666667,47.992718685427526,39.199999999999996,13.633333333333333
18105,IN,32684.666666666668,61355.333333333336,35606.0,10.02717809066966,25.0,7.433333333333334,345.36983995822794,27.633333333333336,42.833333333333336
18087,IN,28656.0,10824.0,33349.666666666664,11.679030800122378,16.2,9.166666666666666,97.84263625108657,30.53333333333333,10.566666666666668
18163,IN,40498.333333333336,104887.66666666667,38901.0,14.264090722753474,15.4,8.0,766.7676373851582,37.46666666666667,21.900000000000002
18043,IN,40961.333333333336,27974.0,35916.666666666664,10.367801949850522,12.0,7.8,499.06946567798803,38.93333333333334,22.066666666666666
18147,IN,35251.0,6799.666666666667,33167.333333333336,14.161494337850048,12.5,7.733333333333333,52.830984188415364,41.86666666666667,15.5
18033,IN,34243.0,18486.0,39557.666666666664,10.089762491771484,12.1,9.766666666666666,116.05155356137213,37.5,15.799999999999999
18155,IN,25754.333333333332,2288.0,28717.0,9.89479840016259,17.9,8.233333333333333,47.40303683965656,40.46666666666667,9.866666666666667
18067,IN,32822.666666666664,35445.333333333336,42981.0,9.661865793917999,16.0,10.466666666666667,283.5848056577292,40.166666666666664,19.7
18137,IN,34672.0,12522.666666666666,40509.0,10.41088893605987,10.3,9.633333333333333,64.16112073078672,38.96666666666667,14.933333333333332
18079,IN,30307.333333333332,7194.666666666667,34027.0,10.465993815602575,13.5,11.366666666666667,75.48652803925683,37.666666666666664,8.166666666666666
18061,IN,34810.0,10572.0,30150.333333333332,10.31319940371918,11.4,8.666666666666666,80.31676389095456,40.0,14.566666666666668
18053,IN,31940.0,26810.666666666668,35874.666666666664,9.66195008596305,17.5,10.366666666666667,169.13674757519922,39.5,16.3
18037,IN,43369.333333333336,26528.333333333332,35408.333333333336,10.936286424888035,7.9,6.266666666666667,98.09446908436996,39.96666666666667,19.8
39175,OH,34841.0,7992.333333333333,34534.0,12.137925252241967,9.4,9.033333333333333,55.669293983387355,41.06666666666667,13.6
39073,OH,29648.333333333332,6618.333333333333,30407.333333333332,12.269565840747177,16.7,9.966666666666667,69.70468661370978,41.0,11.700000000000001
39059,OH,31220.0,13707.666666666666,33802.333333333336,12.384028414111524,18.5,10.866666666666667,76.99063418694097,40.4,11.799999999999999
39105,OH,28399.666666666668,3547.6666666666665,28524.0,12.37856781743794,21.6,13.1,55.010981891117304,41.26666666666667,10.866666666666667
39169,OH,34331.333333333336,42277.333333333336,37101.666666666664,12.115072168613933,11.8,7.7,206.43884431738914,38.1,19.233333333333334
39005,OH,30970.0,17262.333333333332,33574.0,12.153220951758037,16.3,9.933333333333334,125.98889958005013,39.333333333333336,18.366666666666664
39051,OH,35945.666666666664,17166.333333333332,34802.0,11.636318365520802,10.3,9.733333333333333,105.31010629420534,39.233333333333334,15.566666666666668
39163,OH,27448.666666666668,2172.6666666666665,34472.666666666664,12.30400919327184,21.4,12.066666666666668,32.60823875577974,39.300000000000004,8.333333333333334
39099,OH,36408.333333333336,96625.0,34452.0,11.350530433977791,17.5,9.933333333333334,583.5585322860771,42.6,20.766666666666666
39079,OH,29870.333333333332,10521.0,31418.666666666668,12.37767647711089,24.8,11.533333333333333,78.89018422910074,39.0,13.333333333333334
39141,OH,30235.666666666668,26126.0,39822.333333333336,12.61774485488047,19.1,10.1,112.76721912185646,39.43333333333333,13.633333333333333
39067,OH,29562.666666666668,3321.3333333333335,32015.333333333332,12.296124920224203,19.4,10.533333333333333,39.3945946662491,43.76666666666667,8.466666666666667
39029,OH,31425.666666666668,29628.666666666668,31732.333333333332,12.13713346345694,16.1,10.299999999999999,203.29299495973996,41.96666666666667,12.799999999999999
39047,OH,31202.333333333332,10791.666666666666,30209.666666666668,12.395194862865772,19.3,10.633333333333333,71.20023821183628,39.166666666666664,13.299999999999999
39043,OH,53516.0,36132.666666666664,34537.333333333336,11.450068466664126,12.9,9.6,307.2556853756115,42.93333333333334,20.133333333333336
39165,OH,45983.333333333336,74700.0,40884.666666666664,12.093782463340617,6.4,7.833333333333333,524.4606532860686,37.233333333333334,36.43333333333333
39001,OH,27403.666666666668,5765.666666666667,31507.666666666668,12.279356167470775,23.1,14.266666666666666,48.89941631042421,39.43333333333333,10.766666666666666
39167,OH,33650.666666666664,23748.333333333332,37279.333333333336,12.362708845404452,15.6,10.033333333333333,97.98029665777388,42.333333333333336,15.633333333333333
40139,OK,39889.666666666664,9437.0,34821.0,11.704665698343115,13.2,4.3,9.906236614766048,31.3,20.03333333333333
40073,OK,39065.0,5482.666666666667,38545.333333333336,9.793798678219124,9.6,3.9333333333333336,16.579480475712206,38.266666666666666,18.366666666666667
40015,OK,29286.333333333332,7181.333333333333,32902.0,8.460042321777523,20.8,6.433333333333334,22.799380788477283,38.06666666666667,13.6
40071,OK,35981.333333333336,18964.333333333332,36136.666666666664,9.069360476698822,17.6,7.733333333333334,50.46377199287659,39.46666666666667,19.3
40113,OK,30687.666666666668,6192.0,32116.333333333332,9.075926071904112,14.5,6.5,21.098918903520328,40.93333333333333,17.266666666666666
40039,OK,38231.333333333336,12174.0,37043.333333333336,8.297764168760605,17.1,4.066666666666666,27.49215615083519,31.03333333333333,24.7
40001,OK,24567.666666666668,5017.333333333333,28306.666666666668,10.29090855506111,24.9,9.233333333333333,39.14885509928359,36.13333333333333,10.9
40129,OK,43231.0,949.3333333333334,38561.0,8.094191335945364,12.7,3.4333333333333336,3.1544617128268495,42.666666666666664,20.599999999999998
40019,OK,37802.666666666664,22365.666666666668,37327.333333333336,9.821108191422166,16.0,6.1000000000000005,57.537221095170224,38.53333333333333,16.833333333333332
40065,OK,35018.666666666664,9736.333333333334,32481.0,8.11354039899395,18.5,5.3,32.79623947085478,34.333333333333336,20.866666666666664
40089,OK,28345.333333333332,10638.333333333334,29805.0,8.231066798315586,27.1,10.0,17.901587107759468,38.5,12.533333333333333
40049,OK,34830.666666666664,9303.333333333334,36797.0,9.8001220680398,16.9,5.866666666666667,34.25453348658965,39.699999999999996,15.333333333333334
40031,OK,36751.666666666664,42150.333333333336,34974.333333333336,8.260483108569222,16.5,5.6000000000000005,113.70039458024182,31.566666666666666,20.166666666666668
40075,OK,32988.666666666664,2329.6666666666665,30348.333333333332,8.211159494379363,20.8,5.1000000000000005,9.336228348954466,42.166666666666664,17.233333333333334
40127,OK,28459.333333333332,2835.3333333333335,27160.333333333332,8.324488101338938,28.6,8.266666666666667,8.232673157358063,44.0,11.299999999999999
40059,OK,43405.0,1227.3333333333333,31818.666666666668,12.46808510638298,12.6,3.6333333333333333,3.504771881715875,41.93333333333333,15.5
40117,OK,31079.333333333332,3467.3333333333335,33250.333333333336,9.754229404360405,15.8,7.533333333333334,29.16145423706746,42.03333333333333,17.0
40109,OK,43813.333333333336,419646.3333333333,44839.666666666664,9.818683205296693,17.8,5.166666666666667,1005.130505560046,34.36666666666667,28.866666666666664
01115,AL,31157.666666666668,16417.333333333332,32445.333333333332,,14.8,8.566666666666666,130.1259823403054,38.4,14.666666666666666
01037,AL,25132.333333333332,1357.0,33105.333333333336,11.790447530582465,20.2,12.333333333333334,17.451492195273584,43.96666666666667,9.933333333333332
01087,AL,25858.666666666668,5012.666666666667,37510.333333333336,11.751126096702317,28.1,13.133333333333333,35.269537977924365,36.06666666666666,20.5
01099,AL,27413.666666666668,6439.666666666667,38014.666666666664,11.797967621780263,26.0,15.366666666666667,22.580709111158992,39.9,10.5
01121,AL,28509.666666666668,26457.333333333332,39786.0,11.796329097594656,22.9,11.433333333333332,111.65413754930553,39.06666666666667,12.166666666666666
01061,AL,29099.333333333332,5010.0,28415.333333333332,11.80969308076979,20.0,9.066666666666666,46.39285621034492,42.06666666666667,9.733333333333334
01047,AL,28660.0,13186.666666666666,32971.666666666664,11.81100096596037,36.5,14.933333333333332,44.787607442781756,37.0,13.733333333333334
01083,AL,35319.333333333336,20545.333333333332,41526.333333333336,9.555345480139248,13.3,8.366666666666667,144.58871984994246,38.63333333333333,21.266666666666666
01035,AL,26545.0,3221.0,31639.666666666668,11.784359505733208,30.4,14.699999999999998,15.624675351659084,43.26666666666667,10.333333333333334
01017,AL,28254.333333333332,7786.666666666667,31144.0,11.749082357765484,23.3,12.166666666666666,57.65378561454738,40.699999999999996,10.766666666666666
01007,AL,25956.0,4058.3333333333335,33843.666666666664,11.790447530582465,16.5,10.133333333333333,36.481008455561444,38.93333333333333,9.6
01125,AL,32956.0,83444.66666666667,41194.333333333336,11.72620739594176,19.2,8.200000000000001,144.87511053505023,31.3,26.266666666666666
01105,AL,26620.333333333332,2176.6666666666665,30048.333333333332,11.771943679874294,26.9,15.466666666666667,14.742405083811562,36.43333333333334,12.299999999999999
01041,AL,29826.333333333332,3575.3333333333335,31615.333333333332,11.850223950086006,18.4,9.433333333333334,22.90436577347469,39.833333333333336,10.9
06105,CA,27299.333333333332,2604.6666666666665,32434.0,15.61612462834889,17.7,16.433333333333334,4.30969225201105,49.0,19.5
06057,CA,47178.333333333336,27903.666666666668,40065.0,15.615530741269314,11.6,11.066666666666668,102.70457456286891,47.36666666666667,32.333333333333336
06113,CA,42123.0,90634.66666666667,47933.666666666664,15.61612462834889,18.7,11.733333333333334,195.84133625955465,30.233333333333334,38.06666666666666
06075,CA,80577.0,563749.6666666666,80162.66666666667,15.61612462834889,13.2,8.066666666666666,17016.313538247286,38.4,51.53333333333333
06097,CA,44512.333333333336,176629.0,44837.0,15.614795983103072,11.5,10.166666666666666,303.80525038661784,39.666666666666664,31.8
06083,CA,47661.0,179909.0,45287.333333333336,15.800464116105008,15.3,9.299999999999999,153.55614274316102,33.53333333333333,31.266666666666666
06039,CA,29461.0,44083.333333333336,35941.333333333336,15.799687603422399,21.1,16.03333333333333,69.87695987086698,33.2,13.799999999999999
06093,CA,32874.333333333336,12791.666666666666,33277.666666666664,15.596953765495444,19.6,16.8,7.116576585300386,46.800000000000004,22.76666666666667
06027,CA,43788.666666666664,7460.0,36890.666666666664,15.317725983222168,11.3,9.700000000000001,1.8097997099417187,45.26666666666667,21.46666666666667
06029,CA,32179.333333333332,280630.0,41958.333333333336,15.799687603422399,22.5,14.833333333333334,101.79094865754864,30.633333333333336,14.733333333333334
06073,CA,45905.0,1250374.3333333333,52420.666666666664,15.9850303948596,13.9,10.266666666666667,727.1026582687169,34.6,34.233333333333334
06069,CA,36912.0,14106.333333333334,38380.333333333336,15.61612462834889,12.7,14.533333333333333,39.56642845003643,33.9,18.333333333333332
06011,CA,39090.666666666664,8577.0,35914.0,15.61612462834889,15.2,21.3,18.47868814088888,33.800000000000004,12.733333333333334
45041,SC,33544.666666666664,59416.0,34909.333333333336,11.048930451631927,19.9,10.666666666666666,169.71744919352992,37.333333333333336,20.766666666666666
45055,SC,33435.333333333336,15682.0,34604.333333333336,11.740318333113544,16.1,10.633333333333333,83.84071095256708,40.4,18.433333333333334
45075,SC,27810.333333333332,30205.666666666668,32898.666666666664,13.520510197185539,24.5,15.233333333333334,83.51809588370429,37.56666666666666,17.266666666666666
45035,SC,33471.333333333336,28718.666666666668,32111.333333333332,13.465673796957258,11.4,8.766666666666667,234.64311383283442,35.63333333333333,24.3
45045,SC,37668.666666666664,229749.66666666666,41252.333333333336,10.380174369533373,15.2,8.566666666666666,566.1865154748135,37.06666666666667,30.400000000000002
45065,SC,27698.0,1683.3333333333333,29791.333333333332,12.023291584107122,14.1,13.066666666666668,28.34948606629401,49.03333333333333,17.3
45031,SC,30118.0,18390.333333333332,40357.0,10.531165117486623,22.3,12.333333333333334,122.30194010574611,39.0,15.9
45037,SC,28085.333333333332,5908.666666666667,31197.666666666668,12.012432600184939,19.8,9.700000000000001,53.407494690872305,40.300000000000004,17.03333333333333
45061,SC,25217.666666666668,3463.0,31170.333333333332,10.60460799764389,27.5,15.4,47.28528335251172,38.1,8.166666666666666
45011,SC,27856.666666666668,5545.666666666667,29873.333333333332,13.61482534380666,28.7,15.133333333333333,41.27862907466065,38.53333333333333,11.5
45021,SC,27567.333333333332,17558.333333333332,33089.0,10.126431159586108,22.8,14.366666666666667,140.21131706721226,37.800000000000004,11.966666666666667
53011,WA,39205.666666666664,128081.33333333333,42972.0,9.178055238167564,12.0,10.266666666666666,669.8308443146102,36.5,25.833333333333332
53043,WA,38186.333333333336,2945.3333333333335,30993.333333333332,8.006552322493661,14.4,7.133333333333333,4.560868369717854,47.26666666666667,19.566666666666666
53041,WA,32980.333333333336,23291.0,34325.0,7.5517753139428425,13.9,11.466666666666667,31.243783247918454,41.53333333333333,14.966666666666667
53071,WA,35408.333333333336,26485.0,36693.0,8.023869033393717,17.8,7.066666666666666,45.76836454905765,36.800000000000004,24.7
53035,WA,43183.666666666664,80774.0,44065.666666666664,10.235723706244686,10.4,7.5,631.0387359888501,39.13333333333333,28.53333333333333
53073,WA,38336.0,79171.66666666667,39117.666666666664,10.352978958363913,15.8,8.066666666666666,94.30063218777958,36.333333333333336,31.8
53059,WA,34763.0,2089.3333333333335,32594.666666666668,8.266231951224194,12.4,10.766666666666666,6.6134630738763684,43.800000000000004,21.53333333333333
53063,WA,35828.666666666664,197586.0,39894.333333333336,8.287987361425266,14.8,8.700000000000001,264.1647111282418,36.73333333333333,28.400000000000002
53023,WA,39580.0,789.3333333333334,37117.333333333336,8.00638721011598,9.7,7.066666666666666,3.155912881798636,50.86666666666667,20.96666666666667
35053,NM,29053.333333333332,5409.0,34062.666666666664,15.389404967037823,25.0,7.166666666666667,2.6948475916313632,36.166666666666664,21.233333333333334
35019,NM,26891.666666666668,1278.0,26239.333333333332,13.374279328875009,23.7,9.866666666666667,1.5443406302520455,40.333333333333336,8.133333333333333
35029,NM,26780.0,7635.666666666667,31156.666666666668,12.290310786231036,29.7,19.46666666666667,8.505838377154745,38.4,13.6
35033,NM,42569.333333333336,725.6666666666666,29518.333333333332,15.525180366445431,16.2,11.466666666666669,2.5318637413958425,45.53333333333333,14.4
35039,NM,30792.0,9821.0,31187.666666666668,11.354009074187982,19.3,8.933333333333334,6.8597277470902815,38.86666666666667,16.033333333333335
35041,NM,32985.333333333336,6346.666666666667,29899.333333333332,7.813792710725868,23.5,5.666666666666667,8.017548830066639,29.8,20.766666666666666
49013,UT,34898.333333333336,8132.666666666667,43302.0,10.243278776051115,10.2,6.866666666666667,5.5604597223664625,29.833333333333332,16.366666666666667
49055,UT,27658.333333333332,977.0,26100.666666666668,9.362824367002746,18.0,9.533333333333333,1.1102442618643218,36.86666666666667,23.0
49035,UT,38156.0,571744.6666666666,45110.333333333336,10.285530931117107,12.0,6.433333333333334,1369.5185988743199,30.599999999999998,30.366666666666664
49047,UT,32481.0,14132.333333333334,44647.333333333336,10.243278776051115,10.6,6.266666666666667,7.1161552534295565,29.166666666666668,15.433333333333332
49031,UT,24171.666666666668,264.3333333333333,24418.333333333332,10.294167787700088,23.9,9.299999999999999,2.2049703908998937,41.26666666666667,16.7
41039,OR,34590.333333333336,135622.33333333334,36770.0,9.794742451255846,18.8,9.933333333333334,76.76482529663987,38.63333333333333,27.666666666666668
41027,OR,37217.333333333336,12476.666666666666,29483.0,10.358373552709716,10.1,7.833333333333333,42.05876287540838,37.6,26.266666666666666
41015,OR,33114.666666666664,6098.666666666667,30769.666666666668,9.303433215898641,13.7,12.200000000000001,13.741247446852151,52.699999999999996,19.5
41067,OR,44013.666666666664,242485.0,56523.0,10.67819388235813,10.9,7.966666666666666,723.8339555673374,35.13333333333333,39.300000000000004
41017,OR,37035.666666666664,59413.0,36059.333333333336,10.173060398080874,13.1,12.5,51.96880453390721,40.0,29.8
56039,WY,161164.0,17101.0,39037.666666666664,6.021124780358603,7.7,7.733333333333334,5.2740713163461175,36.26666666666667,50.46666666666667
56019,WY,42730.0,3280.6666666666665,32216.333333333332,10.08566187349668,8.0,6.5,2.034029247525528,45.4,26.099999999999998
56007,WY,43608.0,6752.0,40249.666666666664,10.42162046017522,11.4,6.266666666666667,1.9902159288264514,39.5,17.466666666666665
56011,WY,42438.666666666664,2332.3333333333335,35035.0,8.709849873681796,8.6,5.2,2.4199387162168473,43.86666666666667,22.2
04005,AZ,35949.666666666664,56267.333333333336,37184.0,11.888988504038021,21.8,9.299999999999999,7.140907372397372,30.833333333333332,31.099999999999998
04003,AZ,34882.666666666664,36706.666666666664,41830.0,11.549535250333351,16.6,9.266666666666667,20.980447414683898,39.800000000000004,21.899999999999995
32013,NV,42298.333333333336,8058.666666666667,50036.0,11.038233822665987,12.7,7.866666666666667,1.6854078655225286,36.6,13.833333333333334
32009,NV,43007.0,273.3333333333333,42635.666666666664,11.123993012287281,24.2,8.433333333333334,0.25172937147596325,56.26666666666667,16.7
